daytime,TP_rate,FP_rate,TN_rate,FN_rate,accuracy,loss,f1_score,benign_count,malicious_count,flow_num,benign_rate,nmr_fn_rate,nmr_benign_rate
2022-08-03 19:21:35,0.8656716417910447,0.0,1.0,0.13432835820895522,0.8679706601466992,0.6298022157145801,0.928,14,804,818,0.017114914425427872,0.6544000000000001,0.1198044009779951
2022-08-03 20:21:35,0.8728813559322034,0.0,1.0,0.1271186440677966,0.8747016706443914,0.62853179714128,0.9321266968325792,12,826,838,0.014319809069212411,0.6704,0.10023866348448687
2022-08-03 21:21:35,0.8456464379947229,0.0,1.0,0.15435356200527706,0.8480519480519481,0.6324924151409812,0.9163688348820586,12,758,770,0.015584415584415584,0.616,0.10909090909090909
2022-08-03 22:21:35,0.8914572864321608,0.0,1.0,0.10854271356783919,0.8927507447864945,0.5996053765555666,0.9426142401700319,12,995,1007,0.011916583912611719,0.8056000000000001,0.08341608738828203
2022-08-03 23:21:35,0.8629961587708067,0.0,1.0,0.13700384122919335,0.8652392947103275,0.625073650581246,0.9264604810996564,13,781,794,0.0163727959697733,0.6352000000000001,0.11460957178841309
2022-08-04 00:21:35,0.8626666666666667,0.0,1.0,0.13733333333333334,0.8648293963254593,0.6190619760181179,0.9262705798138869,12,750,762,0.015748031496062992,0.6096,0.11023622047244094
2022-08-04 01:21:35,0.8787158145065398,0.0,1.0,0.12128418549346016,0.88042203985932,0.6270409589683493,0.9354430379746835,12,841,853,0.01406799531066823,0.6824,0.09847596717467762
2022-08-04 02:21:35,0.871900826446281,0.0,1.0,0.128099173553719,0.8734693877551021,0.6155399109830025,0.9315673289183223,12,968,980,0.012244897959183673,0.784,0.08571428571428572
2022-08-04 03:21:35,0.8426829268292683,0.0,1.0,0.1573170731707317,0.8451380552220888,0.6323046907019287,0.914626075446724,13,820,833,0.015606242496998799,0.6664,0.1092436974789916
2022-08-04 04:21:35,0.8727050183598531,0.0,1.0,0.12729498164014688,0.8743961352657005,0.6241822554403353,0.9320261437908497,11,817,828,0.013285024154589372,0.6624,0.0929951690821256
2022-08-04 05:21:35,0.871859296482412,0.0,1.0,0.12814070351758794,0.8740740740740741,0.6177299091968732,0.9315436241610738,14,796,810,0.01728395061728395,0.648,0.12098765432098764
2022-08-04 06:21:35,0.8695073235685752,0.0,1.0,0.13049267643142476,0.8715596330275229,0.5877597687363829,0.9301994301994302,12,751,763,0.015727391874180863,0.6104,0.11009174311926605
2022-08-04 07:21:35,0.8459495351925631,0.0,1.0,0.15405046480743692,0.8483660130718954,0.6212215413168057,0.9165467625899281,12,753,765,0.01568627450980392,0.6120000000000001,0.10980392156862745
2022-08-04 08:21:35,0.8492597577388964,0.0,1.0,0.15074024226110364,0.8516556291390729,0.6266765536982799,0.9184861717612809,12,743,755,0.015894039735099338,0.604,0.11125827814569536
2022-08-04 09:21:35,0.8556291390728477,0.0,1.0,0.14437086092715232,0.8580729166666666,0.6090322209607862,0.9221984296930764,13,755,768,0.016927083333333332,0.6144000000000001,0.11848958333333333
2022-08-04 10:21:35,0.8747346072186837,0.0,1.0,0.12526539278131635,0.8765690376569037,0.6139701551870511,0.9331823329558324,14,942,956,0.014644351464435146,0.7648,0.10251046025104603
2022-08-04 11:21:35,0.877906976744186,0.0,1.0,0.12209302325581395,0.8795871559633027,0.6173258533508412,0.934984520123839,12,860,872,0.013761467889908258,0.6976000000000001,0.0963302752293578
2022-08-04 12:21:35,0.8374384236453202,0.0,1.0,0.1625615763546798,0.8405797101449275,0.6097784489643402,0.9115281501340483,12,609,621,0.01932367149758454,0.4968,0.13526570048309178
2022-08-04 13:21:35,0.8315789473684211,0.0,1.0,0.16842105263157894,0.8345642540620384,0.6209103570399876,0.9080459770114943,12,665,677,0.01772525849335303,0.5416000000000001,0.1240768094534712
2022-08-04 14:21:35,0.8578878748370273,0.0,1.0,0.1421121251629726,0.8604353393085787,0.6054931259433425,0.9235087719298246,14,767,781,0.01792573623559539,0.6248,0.12548015364916773
2022-08-04 15:21:35,0.8898582333696837,0.0,1.0,0.11014176663031625,0.8915145005370569,0.5634633410126466,0.9417195614541258,14,917,931,0.015037593984962405,0.7448000000000001,0.10526315789473684
2022-08-04 16:21:35,0.89,0.0,1.0,0.11,0.8916256157635468,0.5817673054513666,0.9417989417989417,12,800,812,0.014778325123152709,0.6496000000000001,0.10344827586206896
2022-08-04 17:21:35,0.8777908343125734,0.0,1.0,0.12220916568742655,0.8794901506373117,0.5989530278402708,0.934918648310388,12,851,863,0.013904982618771726,0.6904,0.09733487833140209
2022-08-04 18:21:35,0.861731843575419,0.0,1.0,0.138268156424581,0.8643835616438356,0.6248232937973343,0.9257314328582146,14,716,730,0.019178082191780823,0.5840000000000001,0.13424657534246576
2022-08-04 19:21:35,0.8455538221528861,0.0,1.0,0.1544461778471139,0.8483920367534457,0.627130254695237,0.9163144547759933,12,641,653,0.018376722817764167,0.5224000000000001,0.12863705972434916
2022-08-04 20:21:35,0.8529886914378029,0.0,1.0,0.1470113085621971,0.8562401263823065,0.6102134483477656,0.9206625980819529,14,619,633,0.022116903633491312,0.5064000000000001,0.15481832543443919
2022-08-04 21:21:35,0.8719346049046321,0.0,1.0,0.12806539509536785,0.8743315508021391,0.6265023455826156,0.9315866084425036,14,734,748,0.01871657754010695,0.5984,0.13101604278074866
2022-08-04 22:21:35,0.9077615298087739,0.0,1.0,0.0922384701912261,0.9089900110987791,0.6095612643223055,0.9516509433962265,12,889,901,0.013318534961154272,0.7208000000000001,0.0932297447280799
2022-08-04 23:21:35,0.8830275229357798,0.0,1.0,0.11697247706422019,0.8846153846153846,0.6062477271830369,0.9378806333739342,12,872,884,0.013574660633484163,0.7072,0.09502262443438914
2022-08-05 00:21:35,0.836441893830703,0.0,1.0,0.16355810616929697,0.8394366197183099,0.6301834772617847,0.9109375,13,697,710,0.018309859154929577,0.5680000000000001,0.12816901408450704
2022-08-05 01:21:35,0.8678010471204188,0.0,1.0,0.13219895287958114,0.8701799485861182,0.6259145821450884,0.9292221443587947,14,764,778,0.017994858611825194,0.6224,0.12596401028277635
2022-08-05 02:21:35,0.8688725490196079,0.0,1.0,0.13112745098039216,0.8707729468599034,0.6132794067619785,0.9298360655737705,12,816,828,0.014492753623188406,0.6624,0.10144927536231885
2022-08-05 03:21:35,0.8583569405099151,0.0,1.0,0.141643059490085,0.8607242339832869,0.6228608433440117,0.9237804878048781,12,706,718,0.016713091922005572,0.5744,0.11699164345403901
2022-08-05 04:21:35,0.8550135501355014,0.0,1.0,0.14498644986449866,0.8577127659574468,0.6255308845536849,0.9218407596785975,14,738,752,0.018617021276595744,0.6016,0.1303191489361702
2022-08-05 05:21:35,0.8456883509833586,0.0,1.0,0.15431164901664146,0.8488888888888889,0.6356894054043702,0.9163934426229509,14,661,675,0.02074074074074074,0.54,0.1451851851851852
2022-08-05 06:21:35,0.8492063492063492,0.0,1.0,0.15079365079365079,0.8520249221183801,0.6345136565674873,0.9184549356223176,12,630,642,0.018691588785046728,0.5136,0.1308411214953271
2022-08-05 07:21:35,0.856815578465063,0.0,1.0,0.143184421534937,0.8589164785553047,0.6213794275166767,0.9228871067242443,13,873,886,0.014672686230248307,0.7088,0.10270880361173815
2022-08-05 08:21:35,0.8453738910012675,0.0,1.0,0.15462610899873258,0.8478802992518704,0.6270223433560222,0.9162087912087912,13,789,802,0.016209476309226933,0.6416,0.11346633416458853
2022-08-05 09:21:35,0.8640776699029126,0.0,1.0,0.13592233009708737,0.865814696485623,0.6079215204977901,0.9270833333333334,12,927,939,0.012779552715654952,0.7512,0.08945686900958466
2022-08-05 10:21:35,0.8810572687224669,0.0,1.0,0.11894273127753303,0.8826086956521739,0.6159851298577229,0.936768149882904,12,908,920,0.013043478260869565,0.736,0.09130434782608696
2022-08-05 11:21:35,0.8691460055096418,0.0,1.0,0.13085399449035812,0.8716216216216216,0.6309655464568293,0.9299926308032425,14,726,740,0.01891891891891892,0.5920000000000001,0.13243243243243244
2022-08-05 12:21:35,0.8590163934426229,0.0,1.0,0.14098360655737704,0.8621794871794872,0.6306619956699772,0.9241622574955908,14,610,624,0.022435897435897436,0.4992000000000001,0.15705128205128205
2022-08-05 13:21:35,0.8464977645305514,0.0,1.0,0.15350223546944858,0.849194729136164,0.6343997929804418,0.9168684422921711,12,671,683,0.017569546120058566,0.5464000000000001,0.12298682284040996
2022-08-05 14:21:35,0.8464977645305514,0.0,1.0,0.15350223546944858,0.849194729136164,0.6343997929804418,0.9168684422921711,0,0,0,0,0.0,0.0
2022-08-05 15:21:35,0.8654592496765847,0.0,1.0,0.13454075032341525,0.867515923566879,0.6192586309139547,0.9278779472954231,12,773,785,0.015286624203821656,0.628,0.1070063694267516
2022-08-05 16:21:35,0.8472400513478819,0.0,1.0,0.1527599486521181,0.8501259445843828,0.618116909139105,0.9173036831132731,15,779,794,0.018891687657430732,0.6352000000000001,0.13224181360201512
2022-08-05 17:21:35,0.8417818740399385,0.0,1.0,0.15821812596006143,0.8446455505279035,0.6242972606950031,0.914095079232694,12,651,663,0.01809954751131222,0.5304,0.12669683257918554
2022-08-05 18:21:35,0.8292682926829268,0.0,1.0,0.17073170731707318,0.8323353293413174,0.6285255777819228,0.9066666666666666,12,656,668,0.017964071856287425,0.5344,0.12574850299401197
2022-08-05 19:21:35,0.8324937027707808,0.0,1.0,0.16750629722921914,0.8351920693928129,0.6157964799109391,0.9085910652920962,13,794,807,0.0161090458488228,0.6456000000000001,0.11276332094175959
2022-08-05 20:21:35,0.833578792341679,0.0,1.0,0.16642120765832105,0.8367052023121387,0.6182885700606737,0.9092369477911647,13,679,692,0.01878612716763006,0.5536,0.1315028901734104
2022-08-05 21:21:35,0.873015873015873,0.0,1.0,0.12698412698412698,0.875,0.6116555220214813,0.9322033898305084,12,756,768,0.015625,0.6144000000000001,0.109375
2022-08-05 22:21:35,0.8546195652173914,0.0,1.0,0.1453804347826087,0.856951871657754,0.6315917213913883,0.9216117216117216,12,736,748,0.016042780748663103,0.5984,0.11229946524064172
2022-08-05 23:21:35,0.8859447004608295,0.0,1.0,0.11405529953917051,0.8880090497737556,0.6085188121051617,0.9395235186316433,16,868,884,0.01809954751131222,0.7072,0.12669683257918554
2022-08-06 00:21:35,0.9079079079079079,0.0,1.0,0.0920920920920921,0.9090009891196835,0.5253591842817054,0.9517313746065058,12,999,1011,0.011869436201780416,0.8088000000000001,0.08308605341246292
2022-08-06 01:21:35,0.8392156862745098,0.0,1.0,0.1607843137254902,0.8416988416988417,0.6278378541562797,0.9125799573560768,12,765,777,0.015444015444015444,0.6216,0.10810810810810811
2022-08-06 02:21:35,0.8278560250391236,0.0,1.0,0.17214397496087636,0.8310291858678955,0.6417655892269891,0.9058219178082192,12,639,651,0.018433179723502304,0.5208,0.12903225806451613
2022-08-06 03:21:35,0.8477537437603994,0.0,1.0,0.15224625623960067,0.8492586490939045,0.6201624096254487,0.9176046825754165,12,1202,1214,0.009884678747940691,0.9712000000000001,0.06919275123558484
2022-08-06 04:21:35,0.8792924037460979,0.0,1.0,0.12070759625390219,0.8810256410256411,0.6066339761315779,0.9357696566998892,14,961,975,0.014358974358974359,0.78,0.10051282051282051
2022-08-06 05:21:35,0.8929016189290162,0.0,1.0,0.10709838107098381,0.894478527607362,0.6026300937125143,0.9434210526315789,12,803,815,0.014723926380368098,0.652,0.10306748466257669
2022-08-06 06:21:35,0.8490566037735849,0.0,1.0,0.1509433962264151,0.8518518518518519,0.6310644278552823,0.9183673469387755,13,689,702,0.018518518518518517,0.5616,0.12962962962962962
2022-08-06 07:21:35,0.8404074702886248,0.0,1.0,0.15959252971137522,0.8438538205980066,0.637562731090848,0.9132841328413284,13,589,602,0.02159468438538206,0.4816,0.1511627906976744
2022-08-06 08:21:35,0.8498583569405099,0.0,1.0,0.1501416430594901,0.8525730180806675,0.6273451196048495,0.9188361408882083,13,706,719,0.01808066759388039,0.5751999999999999,0.12656467315716274
2022-08-06 09:21:35,0.8497474747474747,0.0,1.0,0.15025252525252525,0.8521739130434782,0.6214986828826959,0.9187713310580204,13,792,805,0.016149068322981366,0.644,0.11304347826086956
2022-08-06 10:21:35,0.8718274111675127,0.0,1.0,0.1281725888324873,0.8740648379052369,0.6220742741703097,0.9315254237288135,14,788,802,0.017456359102244388,0.6416,0.12219451371571072
2022-08-06 11:21:35,0.8657465495608532,0.0,1.0,0.1342534504391468,0.8677379480840544,0.603418357774575,0.9280430396772025,12,797,809,0.014833127317676144,0.6472,0.10383189122373301
2022-08-06 12:21:35,0.8316831683168316,0.0,1.0,0.16831683168316833,0.8347222222222223,0.6306206871284208,0.9081081081081082,13,707,720,0.018055555555555554,0.576,0.12638888888888888
2022-08-06 13:21:35,0.8755074424898511,0.0,1.0,0.12449255751014884,0.877496671105193,0.6144045737506999,0.9336219336219336,12,739,751,0.015978695073235686,0.6008,0.1118508655126498
2022-08-06 14:21:35,0.8564954682779456,0.0,1.0,0.14350453172205438,0.8590504451038575,0.6146542405047137,0.9227013832384052,12,662,674,0.017804154302670624,0.5392,0.12462908011869436
2022-08-06 15:21:35,0.8850299401197604,0.0,1.0,0.11497005988023952,0.8866587957497049,0.5766888308670467,0.9390088945362135,12,835,847,0.014167650531286895,0.6776000000000001,0.09917355371900827
2022-08-06 16:21:35,0.8771593090211133,0.0,1.0,0.12284069097888675,0.8786729857819905,0.5877758241023032,0.934560327198364,13,1042,1055,0.012322274881516588,0.8440000000000001,0.08625592417061612
2022-08-06 17:21:35,0.8721351025331725,0.0,1.0,0.1278648974668275,0.8739595719381689,0.5992210723258888,0.9317010309278351,12,829,841,0.014268727705112961,0.6728000000000001,0.09988109393579073
2022-08-06 18:21:35,0.8596730245231607,0.0,1.0,0.14032697547683923,0.8622994652406417,0.6268722666865887,0.9245421245421246,14,734,748,0.01871657754010695,0.5984,0.13101604278074866
2022-08-06 19:21:35,0.8819875776397516,0.0,1.0,0.11801242236024845,0.8834355828220859,0.5900363683454756,0.9372937293729373,12,966,978,0.012269938650306749,0.7824000000000001,0.08588957055214724
2022-08-06 20:21:35,0.913477537437604,0.0,1.0,0.08652246256239601,0.914332784184514,0.4968022286498926,0.9547826086956521,12,1202,1214,0.009884678747940691,0.9712000000000001,0.06919275123558484
2022-08-06 21:21:35,0.8986272439281943,0.0,1.0,0.10137275607180571,0.9001040582726326,0.5363561210662259,0.946607341490545,14,947,961,0.014568158168574402,0.7688,0.10197710718002082
2022-08-06 22:21:35,0.9035175879396985,0.0,1.0,0.0964824120603015,0.9046673286991063,0.5504547961288608,0.9493136219640972,12,995,1007,0.011916583912611719,0.8056000000000001,0.08341608738828203
2022-08-06 23:21:35,0.8623737373737373,0.0,1.0,0.13762626262626262,0.8644278606965174,0.5977355505605828,0.9261016949152543,12,792,804,0.014925373134328358,0.6432,0.1044776119402985
2022-08-07 00:21:35,0.8533333333333334,0.0,1.0,0.14666666666666667,0.8558951965065502,0.6249704097647099,0.920863309352518,12,675,687,0.017467248908296942,0.5496000000000001,0.1222707423580786
2022-08-07 01:21:35,0.8679738562091504,0.0,1.0,0.13202614379084968,0.87001287001287,0.6261997579438355,0.9293212036389084,12,765,777,0.015444015444015444,0.6216,0.10810810810810811
2022-08-07 02:21:35,0.8465909090909091,0.0,1.0,0.1534090909090909,0.8493723849372385,0.6198886394290088,0.916923076923077,13,704,717,0.01813110181311018,0.5736,0.12691771269177127
2022-08-07 03:21:35,0.8344827586206897,0.0,1.0,0.16551724137931034,0.8378378378378378,0.6309192978905297,0.9097744360902256,15,725,740,0.02027027027027027,0.5920000000000001,0.14189189189189189
2022-08-07 04:21:35,0.8270042194092827,0.0,1.0,0.1729957805907173,0.8298755186721992,0.6241501796955033,0.9053117782909931,12,711,723,0.016597510373443983,0.5784,0.11618257261410789
2022-08-07 05:21:35,0.8506224066390041,0.0,1.0,0.14937759336099585,0.8534599728629579,0.6250549082240794,0.9192825112107623,14,723,737,0.018995929443690638,0.5896,0.13297150610583447
2022-08-07 06:21:35,0.8512396694214877,0.0,1.0,0.1487603305785124,0.8536585365853658,0.6231461282523802,0.9196428571428571,12,726,738,0.016260162601626018,0.5904,0.11382113821138212
2022-08-07 07:21:35,0.8704939919893191,0.0,1.0,0.1295060080106809,0.872870249017038,0.6140163324936732,0.9307637401855817,14,749,763,0.01834862385321101,0.6104,0.12844036697247707
2022-08-07 08:21:35,0.8502269288956127,0.0,1.0,0.14977307110438728,0.8528974739970282,0.6147111114759924,0.9190515126737531,12,661,673,0.017830609212481426,0.5384,0.12481426448736999
2022-08-07 09:21:35,0.8055987558320373,0.0,1.0,0.19440124416796267,0.8091603053435115,0.634737950335187,0.892334194659776,12,643,655,0.0183206106870229,0.524,0.1282442748091603
2022-08-07 10:21:35,0.8508997429305912,0.0,1.0,0.14910025706940874,0.8535353535353535,0.6304997324703133,0.9194444444444444,14,778,792,0.017676767676767676,0.6336,0.12373737373737373
2022-08-07 11:21:35,0.8555555555555555,0.0,1.0,0.14444444444444443,0.8576642335766423,0.630363390948517,0.9221556886227545,12,810,822,0.014598540145985401,0.6576000000000001,0.10218978102189781
2022-08-07 12:21:35,0.8514619883040936,0.0,1.0,0.14853801169590644,0.8535178777393311,0.6266065027001991,0.919772583701832,12,855,867,0.01384083044982699,0.6936,0.09688581314878893
2022-08-07 13:21:35,0.8672936259143156,0.0,1.0,0.13270637408568442,0.868937048503612,0.6091710141043096,0.9289311695579183,12,957,969,0.01238390092879257,0.7752,0.08668730650154799
2022-08-07 14:21:35,0.8555276381909548,0.0,1.0,0.1444723618090452,0.8576732673267327,0.6269346574423089,0.9221394719025051,12,796,808,0.01485148514851485,0.6464,0.10396039603960396
2022-08-07 15:21:35,0.85,0.0,1.0,0.15,0.852803738317757,0.6182113419224958,0.918918918918919,16,840,856,0.018691588785046728,0.6848,0.1308411214953271
2022-08-07 16:21:35,0.8689809630459127,0.0,1.0,0.13101903695408734,0.8707182320441988,0.5945517746729774,0.9298981426003595,12,893,905,0.013259668508287293,0.724,0.09281767955801105
2022-08-07 17:21:35,0.8513708513708513,0.0,1.0,0.14862914862914864,0.8539007092198582,0.6228913755901124,0.9197194076383476,12,693,705,0.01702127659574468,0.5640000000000001,0.11914893617021277
2022-08-07 18:21:35,0.8403361344537815,0.0,1.0,0.15966386554621848,0.8434065934065934,0.6156920098986709,0.91324200913242,14,714,728,0.019230769230769232,0.5824,0.13461538461538464
2022-08-07 19:21:35,0.84593837535014,0.0,1.0,0.15406162464985995,0.8484848484848485,0.5824153375870932,0.9165402124430956,12,714,726,0.01652892561983471,0.5808,0.11570247933884298
2022-08-07 20:21:35,0.8282828282828283,0.0,1.0,0.1717171717171717,0.8319604612850082,0.6257131264328417,0.9060773480662984,13,594,607,0.0214168039538715,0.48560000000000003,0.1499176276771005
2022-08-07 21:21:35,0.8172362555720654,0.0,1.0,0.1827637444279346,0.8204379562043795,0.6232743990840685,0.8994276369582993,12,673,685,0.017518248175182483,0.548,0.12262773722627739
2022-08-07 22:21:35,0.8317610062893082,0.0,1.0,0.16823899371069181,0.8348765432098766,0.6294007401062641,0.9081545064377683,12,636,648,0.018518518518518517,0.5184,0.12962962962962962
2022-08-07 23:21:35,0.8707317073170732,0.0,1.0,0.12926829268292683,0.8729016786570744,0.6121253844473178,0.9308996088657105,14,820,834,0.016786570743405275,0.6672,0.11750599520383692
2022-08-08 00:21:35,0.8520859671302149,0.0,1.0,0.14791403286978508,0.8542963885429639,0.6131760669808223,0.9201365187713311,12,791,803,0.014943960149439602,0.6424,0.10460772104607721
2022-08-08 01:21:35,0.8317307692307693,0.0,1.0,0.16826923076923078,0.8349056603773585,0.6289447393235525,0.9081364829396326,12,624,636,0.018867924528301886,0.5087999999999999,0.1320754716981132
2022-08-08 02:21:35,0.8610354223433242,0.0,1.0,0.13896457765667575,0.8632707774798928,0.6261205263809405,0.9253294289897511,12,734,746,0.0160857908847185,0.5968,0.1126005361930295
2022-08-08 03:21:35,0.8884165781083954,0.0,1.0,0.11158342189160468,0.8901673640167364,0.6085078810718574,0.9409116488463702,15,941,956,0.015690376569037656,0.7648,0.1098326359832636
2022-08-08 04:21:35,0.8599033816425121,0.0,1.0,0.14009661835748793,0.861904761904762,0.6191097895716995,0.9246753246753247,12,828,840,0.014285714285714285,0.672,0.09999999999999999
2022-08-08 05:21:35,0.8333333333333334,0.0,1.0,0.16666666666666666,0.8359580052493438,0.6261018118343189,0.9090909090909091,12,750,762,0.015748031496062992,0.6096,0.11023622047244094
2022-08-08 06:21:35,0.8496143958868895,0.0,1.0,0.15038560411311053,0.8518987341772152,0.6173215084051423,0.9186935371785963,12,778,790,0.015189873417721518,0.632,0.10632911392405063
2022-08-08 07:21:35,0.8863134657836644,0.0,1.0,0.11368653421633554,0.8880434782608696,0.5573622313464794,0.9397308367466355,14,906,920,0.015217391304347827,0.736,0.10652173913043479
2022-08-08 08:21:35,0.8975834292289988,0.0,1.0,0.10241657077100115,0.8989784335981839,0.5796895838985975,0.9460278956943602,12,869,881,0.01362088535754824,0.7048,0.09534619750283768
2022-08-08 09:21:35,0.8610747051114024,0.0,1.0,0.13892529488859764,0.8635778635778636,0.6109294470606487,0.9253521126760563,14,763,777,0.018018018018018018,0.6216,0.12612612612612611
2022-08-08 10:21:35,0.8636363636363636,0.0,1.0,0.13636363636363635,0.8657289002557544,0.5943421632654944,0.926829268292683,12,770,782,0.015345268542199489,0.6256,0.10741687979539642
2022-08-08 11:21:35,0.9223985890652557,0.0,1.0,0.07760141093474426,0.9233449477351916,0.5078631084697215,0.9596330275229358,14,1134,1148,0.012195121951219513,0.9184000000000001,0.08536585365853659
2022-08-08 12:21:35,0.9062821833161689,0.0,1.0,0.0937178166838311,0.9076142131979695,0.4898145901531682,0.9508373851971907,14,971,985,0.014213197969543147,0.7880000000000001,0.09949238578680203
2022-08-08 13:21:35,0.8992497320471597,0.0,1.0,0.1007502679528403,0.9009483667017913,0.554973505370486,0.9469525959367946,16,933,949,0.01685985247629083,0.7592000000000001,0.11801896733403582
2022-08-08 14:21:35,0.8894736842105263,0.0,1.0,0.11052631578947368,0.8911917098445595,0.6177585322286303,0.9415041782729805,12,760,772,0.015544041450777202,0.6176,0.10880829015544041
2022-08-08 15:21:35,0.892485549132948,0.0,1.0,0.10751445086705202,0.89419795221843,0.5961047009459564,0.9431887599266952,14,865,879,0.015927189988623434,0.7031999999999999,0.11149032992036403
2022-08-08 16:21:35,0.8729763387297634,0.0,1.0,0.12702366127023662,0.8748466257668711,0.5778683623497732,0.9321808510638298,12,803,815,0.014723926380368098,0.652,0.10306748466257669
2022-08-08 17:21:35,0.8482384823848238,0.0,1.0,0.15176151761517614,0.8506666666666667,0.612321596608069,0.9178885630498533,12,738,750,0.016,0.6,0.112
2022-08-08 18:21:35,0.8782489740082079,0.0,1.0,0.12175102599179206,0.8803763440860215,0.6178778923188012,0.9351784413692644,13,731,744,0.01747311827956989,0.5952,0.12231182795698924
2022-08-08 19:21:35,0.8494152046783626,0.0,1.0,0.15058479532163743,0.8520114942528736,0.5745680751971965,0.9185770750988143,12,684,696,0.017241379310344827,0.5568,0.12068965517241378
2022-08-08 20:21:35,0.8605577689243028,0.0,1.0,0.1394422310756972,0.863102998696219,0.5858166602478998,0.9250535331905781,14,753,767,0.018252933507170794,0.6136,0.12777053455019555
2022-08-08 21:21:35,0.9013605442176871,0.0,1.0,0.09863945578231292,0.9029017857142857,0.5893767747881817,0.9481216457960644,14,882,896,0.015625,0.7168000000000001,0.109375
2022-08-08 22:21:35,0.8647214854111406,0.0,1.0,0.13527851458885942,0.8670143415906127,0.623985393331471,0.9274537695590327,13,754,767,0.01694915254237288,0.6136,0.11864406779661017
2022-08-08 23:21:35,0.8255813953488372,0.0,1.0,0.1744186046511628,0.8292682926829268,0.6331751903999547,0.9044585987261147,13,602,615,0.02113821138211382,0.492,0.14796747967479673
2022-08-09 00:21:35,0.8412698412698413,0.0,1.0,0.15873015873015872,0.8439716312056738,0.6305019876390494,0.9137931034482759,12,693,705,0.01702127659574468,0.5640000000000001,0.11914893617021277
2022-08-09 01:21:35,0.8333333333333334,0.0,1.0,0.16666666666666666,0.8571428571428571,0.5457759611173081,0.9090909090909091,1,6,7,0.14285714285714285,0.005600000000000001,1.0
2022-08-09 02:21:35,0.8550548112058465,0.0,1.0,0.14494518879415347,0.8573141486810552,0.5827541403750511,0.9218647406434668,13,821,834,0.015587529976019185,0.6672,0.1091127098321343
2022-08-09 03:21:35,0.8787210584343991,0.0,1.0,0.12127894156560089,0.8805646036916395,0.5477954622873953,0.9354460093896714,14,907,921,0.01520086862106406,0.7368,0.10640608034744842
2022-08-09 04:21:35,0.8454545454545455,0.0,1.0,0.15454545454545454,0.8478260869565217,0.5373574548284512,0.916256157635468,12,770,782,0.015345268542199489,0.6256,0.10741687979539642
2022-08-09 05:21:35,0.8590425531914894,0.0,1.0,0.14095744680851063,0.8612565445026178,0.616985941273062,0.9241773962804005,12,752,764,0.015706806282722512,0.6112000000000001,0.10994764397905758
2022-08-09 06:21:35,0.8343711083437111,0.0,1.0,0.1656288916562889,0.8368098159509203,0.6230829620125791,0.9097080787508486,12,803,815,0.014723926380368098,0.652,0.10306748466257669
2022-08-09 07:21:35,0.8504551365409623,0.0,1.0,0.14954486345903772,0.8531289910600255,0.6202131268996975,0.9191848208011244,14,769,783,0.017879948914431672,0.6264000000000001,0.1251596424010217
2022-08-09 08:21:35,0.8655043586550436,0.0,1.0,0.13449564134495642,0.8674846625766871,0.5781102261231255,0.9279038718291055,12,803,815,0.014723926380368098,0.652,0.10306748466257669
2022-08-09 09:21:35,0.8430311231393776,0.0,1.0,0.15696887686062247,0.8457446808510638,0.5512946593342305,0.9148311306901615,13,739,752,0.017287234042553192,0.6016,0.12101063829787234
2022-08-09 10:21:35,0.8338068181818182,0.0,1.0,0.16619318181818182,0.8368200836820083,0.6103531714920111,0.9093725793958172,13,704,717,0.01813110181311018,0.5736,0.12691771269177127
2022-08-09 11:21:35,0.8704453441295547,0.0,1.0,0.12955465587044535,0.8725099601593626,0.6018268049139115,0.9307359307359307,12,741,753,0.01593625498007968,0.6024,0.11155378486055777
2022-08-09 12:21:35,0.8500669344042838,0.0,1.0,0.1499330655957162,0.8528252299605782,0.5944759508501238,0.918958031837916,14,747,761,0.018396846254927726,0.6088,0.1287779237844941
2022-08-09 13:21:35,0.8866310160427807,0.0,1.0,0.11336898395721925,0.8880675818373812,0.5860170419311183,0.9399092970521542,12,935,947,0.012671594508975714,0.7576,0.08870116156282999
2022-08-09 14:21:35,0.8758542141230068,0.0,1.0,0.12414578587699317,0.877665544332211,0.6003304611020781,0.9338190649666059,13,878,891,0.014590347923681257,0.7128,0.10213243546576879
2022-08-09 15:21:35,0.8884254431699687,0.0,1.0,0.11157455683003129,0.8898043254376931,0.5521523082437764,0.9409166206515737,12,959,971,0.012358393408856848,0.7768,0.08650875386199794
2022-08-09 16:21:35,0.8789592760180995,0.0,1.0,0.12104072398190045,0.8805803571428571,0.5932613502851358,0.9355809753160746,12,884,896,0.013392857142857142,0.7168000000000001,0.09375
2022-08-09 17:21:35,0.8934337997847147,0.0,1.0,0.10656620021528525,0.8947927736450585,0.5883882085892272,0.9437180216031836,12,929,941,0.012752391073326248,0.7528,0.08926673751328373
2022-08-09 18:21:35,0.8832644628099173,0.0,1.0,0.11673553719008264,0.884928716904277,0.6110962788106403,0.9380142622051564,14,968,982,0.014256619144602852,0.7856000000000001,0.09979633401221996
2022-08-09 19:21:35,0.889990089197225,0.0,1.0,0.11000991080277503,0.89128305582762,0.6067984412691025,0.9417933927635029,12,1009,1021,0.011753183153770812,0.8168,0.08227228207639568
2022-08-09 20:21:35,0.9021922428330523,0.0,1.0,0.09780775716694773,0.9033333333333333,0.5782544206237439,0.9485815602836879,14,1186,1200,0.011666666666666667,0.9600000000000001,0.08166666666666667
2022-08-09 21:21:35,0.9028520499108734,0.0,1.0,0.09714795008912656,0.9038800705467372,0.5834260504799921,0.9489461358313818,12,1122,1134,0.010582010582010581,0.9072,0.07407407407407407
2022-08-09 22:21:35,0.8797399783315276,0.0,1.0,0.12026002166847237,0.881283422459893,0.600315414450579,0.9360230547550432,12,923,935,0.012834224598930482,0.748,0.08983957219251337
2022-08-09 23:21:35,0.8654592496765847,0.0,1.0,0.13454075032341525,0.8676844783715013,0.6266420077724263,0.9278779472954231,13,773,786,0.01653944020356234,0.6288,0.11577608142493638
2022-08-10 00:21:35,0.8229007633587786,0.0,1.0,0.17709923664122137,0.8266068759342302,0.6265926459798096,0.9028475711892797,14,655,669,0.02092675635276532,0.5352,0.14648729446935727
2022-08-10 01:21:35,0.8361581920903954,0.0,1.0,0.1638418079096045,0.8388888888888889,0.6293231163292755,0.9107692307692308,12,708,720,0.016666666666666666,0.576,0.11666666666666667
2022-08-10 02:21:35,0.8722002635046113,0.0,1.0,0.12779973649538867,0.8745148771021992,0.5848323234958573,0.9317382125263899,14,759,773,0.018111254851228976,0.6184,0.12677878395860284
2022-08-10 03:21:35,0.8790896159317212,0.0,1.0,0.12091038406827881,0.8811188811188811,0.6327268198473877,0.9356548069644209,12,703,715,0.016783216783216783,0.5720000000000001,0.11748251748251748
2022-08-10 04:21:35,0.8862745098039215,0.0,1.0,0.11372549019607843,0.888030888030888,0.6348313012755304,0.9397089397089398,12,765,777,0.015444015444015444,0.6216,0.10810810810810811
2022-08-10 05:21:35,0.8682864450127877,0.0,1.0,0.13171355498721227,0.8704402515723271,0.6269079347103741,0.9295003422313484,13,782,795,0.016352201257861635,0.6360000000000001,0.11446540880503145
2022-08-10 06:21:35,0.889294403892944,0.0,1.0,0.11070559610705596,0.8912783751493429,0.602845035544387,0.9414037347070187,15,822,837,0.017921146953405017,0.6696000000000001,0.12544802867383512
2022-08-10 07:21:35,0.8777777777777778,0.0,1.0,0.12222222222222222,0.8795620437956204,0.5949661757778911,0.9349112426035503,12,810,822,0.014598540145985401,0.6576000000000001,0.10218978102189781
2022-08-10 08:21:35,0.8837719298245614,0.0,1.0,0.1162280701754386,0.8852813852813853,0.5500969196020924,0.9383003492433062,12,912,924,0.012987012987012988,0.7392000000000001,0.09090909090909091
2022-08-10 09:21:35,0.8803046789989118,0.0,1.0,0.11969532100108814,0.8818474758324383,0.603439791445453,0.9363425925925926,12,919,931,0.01288936627282492,0.7448000000000001,0.09022556390977444
2022-08-10 10:21:35,0.8694232861806311,0.0,1.0,0.1305767138193689,0.8713826366559485,0.6109714491794311,0.930151338766007,14,919,933,0.015005359056806002,0.7464,0.10503751339764202
2022-08-10 11:21:35,0.8765560165975104,0.0,1.0,0.12344398340248963,0.8780737704918032,0.5661671936303689,0.9342177998894416,12,964,976,0.012295081967213115,0.7808,0.0860655737704918
2022-08-10 12:21:35,0.8761160714285714,0.0,1.0,0.12388392857142858,0.8777533039647577,0.5011307691235638,0.9339678762641285,12,896,908,0.013215859030837005,0.7264,0.09251101321585903
2022-08-10 13:21:35,0.8755813953488372,0.0,1.0,0.12441860465116279,0.8775743707093822,0.5337411573518664,0.9336639801611903,14,860,874,0.016018306636155607,0.6992,0.11212814645308924
2022-08-10 14:21:35,0.8557089084065245,0.0,1.0,0.14429109159347553,0.857849196538937,0.5954428462333139,0.9222447599729547,12,797,809,0.014833127317676144,0.6472,0.10383189122373301
2022-08-10 15:21:35,0.8974836905871388,0.0,1.0,0.10251630941286113,0.8988040478380864,0.5779932443909621,0.9459724950884086,14,1073,1087,0.012879484820607176,0.8696,0.09015639374425023
2022-08-10 16:21:35,0.8707729468599034,0.0,1.0,0.1292270531400966,0.8726190476190476,0.6250582359153284,0.9309231762427372,12,828,840,0.014285714285714285,0.672,0.09999999999999999
2022-08-10 17:21:35,0.844851904090268,0.0,1.0,0.15514809590973203,0.8478561549100968,0.6257945290967637,0.9159021406727829,14,709,723,0.019363762102351315,0.5784,0.13554633471645922
2022-08-10 18:21:35,0.8346994535519126,0.0,1.0,0.16530054644808742,0.8378016085790885,0.6137189864367761,0.909903201787044,14,732,746,0.01876675603217158,0.5968,0.13136729222520105
2022-08-10 19:21:35,0.8149100257069408,0.0,1.0,0.18508997429305912,0.8177215189873418,0.6328172145001678,0.8980169971671388,12,778,790,0.015189873417721518,0.632,0.10632911392405063
2022-08-10 20:21:35,0.8447916666666667,0.0,1.0,0.15520833333333334,0.8467078189300411,0.5853010321221458,0.9158667419536984,12,960,972,0.012345679012345678,0.7776000000000001,0.08641975308641975
2022-08-10 21:21:35,0.8738938053097345,0.0,1.0,0.1261061946902655,0.8755458515283843,0.6243667474188516,0.9327036599763873,12,904,916,0.013100436681222707,0.7328,0.09170305676855894
2022-08-10 22:21:35,0.8638211382113821,0.0,1.0,0.13617886178861788,0.8655967903711134,0.6249949462696205,0.9269356597600873,13,984,997,0.013039117352056168,0.7976,0.09127382146439318
2022-08-10 23:21:35,0.800557880055788,0.0,1.0,0.199442119944212,0.8041095890410959,0.6354112283717669,0.8892331525948877,13,717,730,0.01780821917808219,0.5840000000000001,0.12465753424657534
2022-08-11 00:21:35,0.8348157560355781,0.0,1.0,0.16518424396442186,0.8377028714107366,0.627335082036641,0.909972299168975,14,787,801,0.017478152309612985,0.6408,0.1223470661672909
2022-08-11 01:21:35,0.8071135430916553,0.0,1.0,0.19288645690834474,0.8102288021534321,0.6388822885654319,0.8932626797880394,12,731,743,0.016150740242261104,0.5944,0.11305518169582773
2022-08-11 02:21:35,0.8267008985879333,0.0,1.0,0.17329910141206675,0.8293299620733249,0.6387222862505486,0.9051300070274069,12,779,791,0.015170670037926675,0.6328,0.10619469026548672
2022-08-11 03:21:35,0.8405036726128017,0.0,1.0,0.15949632738719832,0.8431372549019608,0.6238250856022376,0.9133409350057012,16,953,969,0.016511867905056758,0.7752,0.1155830753353973
2022-08-11 04:21:35,0.852808988764045,0.0,1.0,0.14719101123595504,0.8547671840354767,0.6239606663088125,0.9205579138872043,12,890,902,0.013303769401330377,0.7216000000000001,0.09312638580931264
2022-08-11 05:21:35,0.8605150214592274,0.0,1.0,0.13948497854077252,0.8622881355932204,0.6140062477235383,0.9250288350634371,12,932,944,0.012711864406779662,0.7552,0.08898305084745764
2022-08-11 06:21:35,0.8638920134983127,0.0,1.0,0.1361079865016873,0.8657047724750278,0.5939698436304667,0.9269764634882317,12,889,901,0.013318534961154272,0.7208000000000001,0.0932297447280799
2022-08-11 07:21:35,0.8466593647316539,0.0,1.0,0.1533406352683461,0.8493003229278795,0.6298315748942093,0.9169632265717675,16,913,929,0.017222820236813777,0.7432000000000001,0.12055974165769644
2022-08-11 08:21:35,0.8615384615384616,0.0,1.0,0.13846153846153847,0.8632218844984803,0.614180358928935,0.9256198347107438,12,975,987,0.0121580547112462,0.7896,0.0851063829787234
2022-08-11 09:21:35,0.8509127789046653,0.0,1.0,0.14908722109533468,0.8527054108216433,0.6194682490169879,0.9194520547945205,12,986,998,0.012024048096192385,0.7984,0.0841683366733467
2022-08-11 10:21:35,0.8595450049455984,0.0,1.0,0.1404549950544016,0.8614634146341463,0.5972954694623015,0.924468085106383,14,1011,1025,0.013658536585365854,0.8200000000000001,0.09560975609756098
2022-08-11 11:21:35,0.8571428571428571,0.0,1.0,0.14285714285714285,0.8593238822246456,0.6119605806147698,0.9230769230769231,14,903,917,0.015267175572519083,0.7336,0.10687022900763359
2022-08-11 12:21:35,0.8752969121140143,0.0,1.0,0.12470308788598575,0.8770491803278688,0.5818353394569091,0.9335022165927802,12,842,854,0.01405152224824356,0.6832,0.09836065573770492
2022-08-11 13:21:35,0.8677494199535963,0.0,1.0,0.13225058004640372,0.8695652173913043,0.5465518450575941,0.929192546583851,12,862,874,0.013729977116704805,0.6992,0.09610983981693363
2022-08-11 14:21:35,0.8954671600370028,0.0,1.0,0.10453283996299723,0.8966148215919487,0.5530012363349354,0.9448511469009273,12,1081,1093,0.010978956999085087,0.8744000000000001,0.0768526989935956
2022-08-11 15:21:35,0.8902333621434745,0.0,1.0,0.1097666378565255,0.8915456874466268,0.6036166484988816,0.9419295839048926,14,1157,1171,0.011955593509820665,0.9368000000000001,0.08368915456874465
2022-08-11 16:21:35,0.8868445262189513,0.0,1.0,0.11315547378104876,0.8880800727934486,0.6246016690530901,0.9400292540224281,12,1087,1099,0.01091901728844404,0.8792,0.07643312101910829
2022-08-11 17:21:35,0.8691476590636255,0.0,1.0,0.13085234093637454,0.8713105076741441,0.6398435594693387,0.9299935773924213,14,833,847,0.01652892561983471,0.6776000000000001,0.11570247933884298
2022-08-11 18:21:35,0.8779284833538841,0.0,1.0,0.1220715166461159,0.8797083839611178,0.610922081885001,0.9349967170059094,12,811,823,0.014580801944106925,0.6584000000000001,0.10206561360874848
2022-08-11 19:21:35,0.8662921348314607,0.0,1.0,0.13370786516853933,0.8683628318584071,0.6254651745093043,0.9283564118001204,14,890,904,0.015486725663716814,0.7232000000000001,0.1084070796460177
2022-08-11 20:21:35,0.8632580261593341,0.0,1.0,0.1367419738406659,0.8654970760233918,0.633470625435798,0.9266113592852585,14,841,855,0.016374269005847954,0.6839999999999999,0.11461988304093568
2022-08-11 21:21:35,0.8595890410958904,0.0,1.0,0.1404109589041096,0.8614864864864865,0.6269991990401896,0.9244935543278084,12,876,888,0.013513513513513514,0.7104,0.0945945945945946
2022-08-11 22:21:35,0.847926267281106,0.0,1.0,0.15207373271889402,0.8501702610669694,0.6316150828045609,0.9177057356608479,13,868,881,0.014755959137343927,0.7048,0.10329171396140749
2022-08-11 23:21:35,0.871875,0.0,1.0,0.128125,0.8735868448098664,0.6238068730610732,0.9315525876460768,13,960,973,0.013360739979445015,0.7784000000000001,0.09352517985611511
2022-08-12 00:21:35,0.871875,0.0,1.0,0.128125,0.8735868448098664,0.6238068730610732,0.9315525876460768,0,0,0,0,0.0,0.0
2022-08-12 01:21:35,0.8635265700483091,0.0,1.0,0.13647342995169082,0.8654761904761905,0.6352147896027618,0.9267660401814647,12,828,840,0.014285714285714285,0.672,0.09999999999999999
2022-08-12 02:21:35,0.888045540796964,0.0,1.0,0.11195445920303605,0.8893058161350844,0.6254102271233096,0.9407035175879397,12,1054,1066,0.01125703564727955,0.8528000000000001,0.07879924953095685
2022-08-12 03:21:35,0.8557089084065245,0.0,1.0,0.14429109159347553,0.8581997533908755,0.6411445923452239,0.9222447599729547,14,797,811,0.01726263871763255,0.6488,0.12083847102342786
2022-08-12 04:21:35,0.8529062870699882,0.0,1.0,0.14709371293001186,0.8549707602339182,0.6359678199870585,0.9206145966709347,12,843,855,0.014035087719298246,0.6839999999999999,0.09824561403508772
2022-08-12 05:21:35,0.8658698539176627,0.0,1.0,0.1341301460823373,0.8681462140992167,0.6358192518949833,0.9281138790035587,13,753,766,0.016971279373368148,0.6128000000000001,0.11879895561357703
2022-08-12 06:21:35,0.8671875,0.0,1.0,0.1328125,0.8693743139407245,0.588452906354271,0.9288702928870293,15,896,911,0.01646542261251372,0.7288,0.11525795828759605
2022-08-12 07:21:35,0.882172131147541,0.0,1.0,0.11782786885245902,0.8836032388663968,0.5864057494780469,0.9373979314099075,12,976,988,0.012145748987854251,0.7904,0.08502024291497975
2022-08-12 08:21:35,0.8509803921568627,0.0,1.0,0.14901960784313725,0.8532818532818532,0.586182145806786,0.9194915254237288,12,765,777,0.015444015444015444,0.6216,0.10810810810810811
2022-08-12 09:21:35,0.8389923329682366,0.0,1.0,0.16100766703176342,0.8412526997840173,0.5841879781399802,0.912447885646218,13,913,926,0.014038876889848811,0.7408,0.09827213822894168
2022-08-12 10:21:35,0.875725900116144,0.0,1.0,0.12427409988385599,0.8775743707093822,0.6124821710451005,0.9337461300309597,13,861,874,0.014874141876430207,0.6992,0.10411899313501144
2022-08-12 11:21:35,0.8516355140186916,0.0,1.0,0.1483644859813084,0.8540229885057471,0.6234851449303929,0.9198738170347003,14,856,870,0.016091954022988506,0.6960000000000001,0.11264367816091954
2022-08-12 12:21:35,0.8676470588235294,0.0,1.0,0.1323529411764706,0.8694196428571429,0.6002175832114575,0.9291338582677166,12,884,896,0.013392857142857142,0.7168000000000001,0.09375
2022-08-12 13:21:35,0.8817204301075269,0.0,1.0,0.11827956989247312,0.8837209302325582,0.5667216911169,0.9371428571428572,16,930,946,0.016913319238900635,0.7568,0.11839323467230445
2022-08-12 14:21:35,0.8916929547844374,0.0,1.0,0.10830704521556257,0.8932642487046633,0.5460963824714395,0.942745969983324,14,951,965,0.014507772020725389,0.772,0.10155440414507771
2022-08-12 15:21:35,0.8787564766839379,0.0,1.0,0.12124352331606218,0.8802456499488229,0.5429038237731735,0.9354660783232212,12,965,977,0.012282497441146366,0.7816000000000001,0.08597748208802455
2022-08-12 16:21:35,0.8881431767337807,0.0,1.0,0.11185682326621924,0.8896247240618101,0.5992117295763376,0.9407582938388626,12,894,906,0.013245033112582781,0.7248,0.09271523178807947
2022-08-12 17:21:35,0.8529769137302552,0.0,1.0,0.14702308626974483,0.8552631578947368,0.5991993207913744,0.920655737704918,13,823,836,0.01555023923444976,0.6688000000000001,0.10885167464114832
2022-08-12 18:21:35,0.8732394366197183,0.0,1.0,0.1267605633802817,0.874875868917577,0.5638471479290691,0.9323308270676691,13,994,1007,0.012909632571996028,0.8056000000000001,0.0903674280039722
2022-08-12 19:21:35,0.8386683738796414,0.0,1.0,0.1613316261203585,0.8411097099621689,0.5797407754161823,0.9122562674094707,12,781,793,0.015132408575031526,0.6344000000000001,0.10592686002522068
2022-08-12 20:21:35,0.8292079207920792,0.0,1.0,0.1707920792079208,0.8325242718446602,0.6179656606758522,0.9066305818673883,16,808,824,0.019417475728155338,0.6592,0.13592233009708737
2022-08-12 21:21:35,0.835820895522388,0.0,1.0,0.16417910447761194,0.8384512683578104,0.5976090983848782,0.9105691056910569,12,737,749,0.01602136181575434,0.5992,0.11214953271028039
2022-08-12 22:21:35,0.8466183574879227,0.0,1.0,0.15338164251207728,0.8488095238095238,0.6220236706492707,0.9169391759319817,12,828,840,0.014285714285714285,0.672,0.09999999999999999
2022-08-12 23:21:35,0.844578313253012,0.0,1.0,0.15542168674698795,0.8471563981042654,0.6213105262776735,0.9157413455258001,14,830,844,0.016587677725118485,0.6752,0.11611374407582939
2022-08-13 00:21:35,0.8518005540166205,0.0,1.0,0.1481994459833795,0.8542234332425068,0.6363506630930896,0.9199700822737472,12,722,734,0.01634877384196185,0.5872,0.11444141689373297
2022-08-13 01:21:35,0.849112426035503,0.0,1.0,0.15088757396449703,0.8517441860465116,0.6416551568464759,0.9184,12,676,688,0.01744186046511628,0.5504000000000001,0.12209302325581395
2022-08-13 02:21:35,0.8547770700636943,0.0,1.0,0.14522292993630573,0.8575,0.6319226772595034,0.9217032967032966,15,785,800,0.01875,0.64,0.13125
2022-08-13 03:21:35,0.8600682593856656,0.0,1.0,0.13993174061433447,0.8619528619528619,0.629785450937339,0.9247706422018349,12,879,891,0.013468013468013467,0.7128,0.09427609427609428
2022-08-13 04:21:35,0.8652482269503546,0.0,1.0,0.1347517730496454,0.8671328671328671,0.6299941491967191,0.9277566539923955,12,846,858,0.013986013986013986,0.6864,0.0979020979020979
2022-08-13 05:21:35,0.848180677540778,0.0,1.0,0.15181932245922208,0.8504326328800988,0.6341036428864795,0.9178547182620502,12,797,809,0.014833127317676144,0.6472,0.10383189122373301
2022-08-13 06:21:35,0.8326745718050066,0.0,1.0,0.1673254281949934,0.8352788586251622,0.6261445971057366,0.9086987778576564,12,759,771,0.01556420233463035,0.6168,0.10894941634241245
2022-08-13 07:21:35,0.8442728442728443,0.0,1.0,0.15572715572715573,0.8466413181242078,0.6180093441310074,0.9155617585484996,12,777,789,0.015209125475285171,0.6312000000000001,0.10646387832699619
2022-08-13 08:21:35,0.8478581979320532,0.0,1.0,0.15214180206794684,0.8507246376811595,0.5928322847873645,0.9176658673061551,13,677,690,0.01884057971014493,0.5519999999999999,0.1318840579710145
2022-08-13 09:21:35,0.8135593220338984,0.0,1.0,0.1864406779661017,0.8174962292609351,0.6360809221797965,0.897196261682243,14,649,663,0.021116138763197588,0.5304,0.1478129713423831
2022-08-13 10:21:35,0.8114035087719298,0.0,1.0,0.18859649122807018,0.8146551724137931,0.632576751773081,0.8958837772397095,12,684,696,0.017241379310344827,0.5568,0.12068965517241378
2022-08-13 11:21:35,0.8540332906530089,0.0,1.0,0.14596670934699105,0.8562421185372006,0.6072003852074783,0.9212707182320442,12,781,793,0.015132408575031526,0.6344000000000001,0.10592686002522068
2022-08-13 12:21:35,0.8663366336633663,0.0,1.0,0.13366336633663367,0.8687727825030377,0.5278456528662627,0.9283819628647215,15,808,823,0.018226002430133656,0.6584000000000001,0.12758201701093558
2022-08-13 13:21:35,0.8447293447293447,0.0,1.0,0.15527065527065528,0.8475524475524475,0.6113099926826496,0.9158301158301159,13,702,715,0.01818181818181818,0.5720000000000001,0.12727272727272726
2022-08-13 14:21:35,0.8671775223499362,0.0,1.0,0.13282247765006386,0.869182389937107,0.6010069157771295,0.9288645690834473,12,783,795,0.01509433962264151,0.6360000000000001,0.10566037735849057
2022-08-13 15:21:35,0.8772136953955135,0.0,1.0,0.12278630460448642,0.8789289871944121,0.6216648603178949,0.9345911949685535,12,847,859,0.013969732246798603,0.6872,0.09778812572759021
2022-08-13 16:21:35,0.8827838827838828,0.0,1.0,0.11721611721611722,0.8844765342960289,0.6209046757305503,0.9377431906614786,12,819,831,0.01444043321299639,0.6648000000000001,0.10108303249097474
2022-08-13 17:21:35,0.8534704370179949,0.0,1.0,0.14652956298200515,0.8556962025316456,0.5919256471835092,0.9209431345353676,12,778,790,0.015189873417721518,0.632,0.10632911392405063
2022-08-13 18:21:35,0.8280487804878048,0.0,1.0,0.1719512195121951,0.8313397129186603,0.5870531056197423,0.9059372915276851,16,820,836,0.019138755980861243,0.6688000000000001,0.1339712918660287
2022-08-13 19:21:35,0.8242924528301887,0.0,1.0,0.17570754716981132,0.8267441860465117,0.5832180063167169,0.9036845507433743,12,848,860,0.013953488372093023,0.6880000000000001,0.09767441860465116
2022-08-13 20:21:35,0.8696120689655172,0.0,1.0,0.13038793103448276,0.8712765957446809,0.5971796904663391,0.9302593659942363,12,928,940,0.01276595744680851,0.752,0.08936170212765956
2022-08-13 21:21:35,0.8406113537117904,0.0,1.0,0.15938864628820962,0.8426724137931034,0.5828438220718025,0.9134045077105575,12,916,928,0.01293103448275862,0.7424000000000001,0.09051724137931035
2022-08-13 22:21:35,0.859822309970385,0.0,1.0,0.140177690029615,0.8620019436345967,0.5676756218193151,0.9246284501061571,16,1013,1029,0.015549076773566569,0.8232,0.10884353741496598
2022-08-13 23:21:35,0.8546910755148741,0.0,1.0,0.14530892448512586,0.8566591422121896,0.6238306833096804,0.9216533004318322,12,874,886,0.013544018058690745,0.7088,0.09480812641083522
2022-08-14 00:21:35,0.8518987341772152,0.0,1.0,0.14810126582278482,0.8541147132169576,0.6328837823422666,0.9200273410799726,12,790,802,0.014962593516209476,0.6416,0.10473815461346633
2022-08-14 01:21:35,0.8585526315789473,0.0,1.0,0.14144736842105263,0.8603896103896104,0.5940290414145387,0.9238938053097345,12,912,924,0.012987012987012988,0.7392000000000001,0.09090909090909091
2022-08-14 02:21:35,0.8471121177802945,0.0,1.0,0.15288788221970556,0.8491620111731844,0.5798419797953127,0.9172286940527283,12,883,895,0.013407821229050279,0.7160000000000001,0.09385474860335195
2022-08-14 03:21:35,0.8439803439803439,0.0,1.0,0.15601965601965603,0.8468033775633294,0.5880944442713922,0.9153897401732178,15,814,829,0.018094089264173704,0.6632,0.12665862484921592
2022-08-14 04:21:35,0.8533950617283951,0.0,1.0,0.14660493827160495,0.8560606060606061,0.6311423847794765,0.9208992506244796,12,648,660,0.01818181818181818,0.528,0.12727272727272726
2022-08-14 05:21:35,0.844213649851632,0.0,1.0,0.15578635014836795,0.8469387755102041,0.6356864708060821,0.915526950925181,12,674,686,0.01749271137026239,0.5488000000000001,0.12244897959183673
2022-08-14 06:21:35,0.8499353169469599,0.0,1.0,0.1500646830530401,0.8522292993630574,0.6236918718413534,0.9188811188811189,12,773,785,0.015286624203821656,0.628,0.1070063694267516
2022-08-14 07:21:35,0.8659147869674185,0.0,1.0,0.13408521303258145,0.8679012345679012,0.6128455572268745,0.9281396910678308,12,798,810,0.014814814814814815,0.648,0.10370370370370371
2022-08-14 08:21:35,0.8456090651558074,0.0,1.0,0.15439093484419264,0.8484005563282336,0.6277519174866448,0.9163468917881811,13,706,719,0.01808066759388039,0.5751999999999999,0.12656467315716274
2022-08-14 09:21:35,0.8265734265734266,0.0,1.0,0.17342657342657342,0.8299039780521262,0.5841676509580103,0.9050535987748851,14,715,729,0.019204389574759947,0.5832,0.13443072702331962
2022-08-14 10:21:35,0.864516129032258,0.0,1.0,0.13548387096774195,0.866581956797967,0.5936880708075273,0.9273356401384083,12,775,787,0.015247776365946633,0.6296,0.10673443456162643
2022-08-14 11:21:35,0.8562783661119516,0.0,1.0,0.1437216338880484,0.8588410104011887,0.6281287155476829,0.9225753871230644,12,661,673,0.017830609212481426,0.5384,0.12481426448736999
2022-08-14 12:21:35,0.8681592039800995,0.0,1.0,0.1318407960199005,0.8700980392156863,0.5883987799967678,0.929427430093209,12,804,816,0.014705882352941176,0.6528,0.10294117647058823
2022-08-14 13:21:35,0.8736462093862816,0.0,1.0,0.1263537906137184,0.875886524822695,0.5656295823252278,0.9325626204238922,15,831,846,0.01773049645390071,0.6768000000000001,0.12411347517730498
2022-08-14 14:21:35,0.8853754940711462,0.0,1.0,0.11462450592885376,0.8873056994818653,0.6242307701355989,0.939203354297694,13,759,772,0.01683937823834197,0.6176,0.11787564766839378
2022-08-14 15:21:35,0.8628841607565012,0.0,1.0,0.13711583924349882,0.8648018648018648,0.6284306998573471,0.9263959390862944,12,846,858,0.013986013986013986,0.6864,0.0979020979020979
2022-08-14 16:21:35,0.8585485854858549,0.0,1.0,0.14145141451414514,0.8606060606060606,0.5848071079986787,0.9238914626075446,12,813,825,0.014545454545454545,0.66,0.10181818181818182
2022-08-14 17:21:35,0.8394366197183099,0.0,1.0,0.16056338028169015,0.8425414364640884,0.6252284191751393,0.9127105666156202,14,710,724,0.019337016574585635,0.5792,0.13535911602209943
2022-08-14 18:21:35,0.8645833333333334,0.0,1.0,0.13541666666666666,0.8666666666666667,0.5918464881262395,0.9273743016759777,12,768,780,0.015384615384615385,0.624,0.1076923076923077
2022-08-14 19:21:35,0.8492990654205608,0.0,1.0,0.15070093457943926,0.8515535097813579,0.5947638985933026,0.9185091598231206,13,856,869,0.014959723820483314,0.6952,0.1047180667433832
2022-08-14 20:21:35,0.8488372093023255,0.0,1.0,0.1511627906976744,0.8509174311926605,0.6012616605135407,0.9182389937106918,12,860,872,0.013761467889908258,0.6976000000000001,0.0963302752293578
2022-08-14 21:21:35,0.8358974358974359,0.0,1.0,0.1641025641025641,0.8383838383838383,0.6168220931128595,0.9106145251396648,12,780,792,0.015151515151515152,0.6336,0.10606060606060606
2022-08-14 22:21:35,0.8414948453608248,0.0,1.0,0.15850515463917525,0.8443037974683544,0.6232956923600041,0.913925822253324,14,776,790,0.017721518987341773,0.632,0.12405063291139241
2022-08-14 23:21:35,0.8387824126268321,0.0,1.0,0.161217587373168,0.8412874583795783,0.6217978576742942,0.9123237277743715,14,887,901,0.01553829078801332,0.7208000000000001,0.10876803551609324
2022-08-15 00:21:35,0.8506731946144431,0.0,1.0,0.14932680538555693,0.8528347406513872,0.6197803113552445,0.9193121693121693,12,817,829,0.014475271411338963,0.6632,0.10132689987937274
2022-08-15 01:21:35,0.8194070080862533,0.0,1.0,0.18059299191374664,0.8227513227513228,0.6327812630882003,0.9007407407407407,14,742,756,0.018518518518518517,0.6048,0.12962962962962962
2022-08-15 02:21:35,0.8352490421455939,0.0,1.0,0.16475095785440613,0.8377358490566038,0.628025392462052,0.9102296450939458,12,783,795,0.01509433962264151,0.6360000000000001,0.10566037735849057
2022-08-15 03:21:35,0.8537378114842904,0.0,1.0,0.14626218851570963,0.8556149732620321,0.5973971187505406,0.9210987726475746,12,923,935,0.012834224598930482,0.748,0.08983957219251337
2022-08-15 04:21:35,0.822139303482587,0.0,1.0,0.17786069651741293,0.8251833740831296,0.6177201743905291,0.9023890784982935,14,804,818,0.017114914425427872,0.6544000000000001,0.1198044009779951
2022-08-15 05:21:35,0.8303108808290155,0.0,1.0,0.16968911917098445,0.8329081632653061,0.6169708595834756,0.9072894550601557,12,772,784,0.015306122448979591,0.6272,0.10714285714285714
2022-08-15 06:21:35,0.818705035971223,0.0,1.0,0.18129496402877698,0.8217821782178217,0.6178100027917415,0.9003164556962026,12,695,707,0.016973125884016973,0.5656,0.1188118811881188
2022-08-15 07:21:35,0.8317422434367542,0.0,1.0,0.16825775656324582,0.8341176470588235,0.5756162583367715,0.9081433224755701,12,838,850,0.01411764705882353,0.68,0.09882352941176471
2022-08-15 08:21:35,0.8537095088819227,0.0,1.0,0.14629049111807732,0.8556701030927835,0.5571782123717416,0.9210822998872604,13,957,970,0.013402061855670102,0.776,0.09381443298969072
2022-08-15 09:21:35,0.8473451327433629,0.0,1.0,0.15265486725663716,0.8493449781659389,0.6169488389619207,0.9173652694610779,12,904,916,0.013100436681222707,0.7328,0.09170305676855894
2022-08-15 10:21:35,0.8655967903711134,0.0,1.0,0.13440320962888666,0.867195242814668,0.5826714293015589,0.9279569892473118,12,997,1009,0.011892963330029732,0.8072,0.08325074331020813
2022-08-15 11:21:35,0.8423529411764706,0.0,1.0,0.15764705882352942,0.8450867052023121,0.5895273641729378,0.9144316730523627,15,850,865,0.017341040462427744,0.6920000000000001,0.12138728323699421
2022-08-15 12:21:35,0.8438576349024111,0.0,1.0,0.15614236509758897,0.8461538461538461,0.5995662450833947,0.9153175591531756,13,871,884,0.014705882352941176,0.7072,0.10294117647058823
2022-08-15 13:21:35,0.8371824480369515,0.0,1.0,0.1628175519630485,0.8394077448747153,0.6198467558455697,0.9113764927718416,12,866,878,0.01366742596810934,0.7024,0.09567198177676538
2022-08-15 14:21:35,0.8669574700109052,0.0,1.0,0.13304252998909488,0.868675995694295,0.5896403320227742,0.9287383177570093,12,917,929,0.012917115177610334,0.7432000000000001,0.09041980624327234
2022-08-15 15:21:35,0.8745136186770428,0.0,1.0,0.1254863813229572,0.8763183125599233,0.6251046773200021,0.9330565646081993,15,1028,1043,0.014381591562799617,0.8344,0.10067114093959732
2022-08-15 16:21:35,0.8505291005291006,0.0,1.0,0.14947089947089948,0.8528645833333334,0.6342783982879131,0.9192280200142959,12,756,768,0.015625,0.6144000000000001,0.109375
2022-08-15 17:21:35,0.873015873015873,,,0.12698412698412698,0.873015873015873,0.6281987736386268,0.9322033898305084,0,63,63,0.0,0.05040000000000001,0.0
2022-08-15 18:21:35,0.8445006321112516,0.0,1.0,0.1554993678887484,0.8475836431226765,0.6296117462283148,0.9156956819739548,16,791,807,0.01982651796778191,0.6456000000000001,0.13878562577447337
2022-08-15 19:21:35,0.844632768361582,0.0,1.0,0.1553672316384181,0.8472222222222222,0.630473391060367,0.9157733537519143,12,708,720,0.016666666666666666,0.576,0.11666666666666667
2022-08-15 20:21:35,0.8557213930348259,0.0,1.0,0.14427860696517414,0.8578431372549019,0.6262870433503839,0.9222520107238605,12,804,816,0.014705882352941176,0.6528,0.10294117647058823
2022-08-15 21:21:35,0.8746014877789585,0.0,1.0,0.12539851222104145,0.8761804826862539,0.5977013050893069,0.9331065759637188,12,941,953,0.012591815320041973,0.7624000000000001,0.08814270724029381
2022-08-15 22:21:35,0.8509803921568627,0.0,1.0,0.14901960784313725,0.8534704370179949,0.5959627923768066,0.9194915254237288,13,765,778,0.016709511568123392,0.6224,0.11696658097686374
2022-08-15 23:21:35,0.8498789346246973,0.0,1.0,0.15012106537530268,0.8523809523809524,0.618621397509602,0.918848167539267,14,826,840,0.016666666666666666,0.672,0.11666666666666667
2022-08-16 00:21:35,0.8221528861154446,0.0,1.0,0.17784711388455537,0.8254211332312404,0.6391781484340697,0.9023972602739726,12,641,653,0.018376722817764167,0.5224000000000001,0.12863705972434916
2022-08-16 01:21:35,0.8205461638491548,0.0,1.0,0.17945383615084526,0.8235294117647058,0.6328276091273701,0.9014285714285715,13,769,782,0.016624040920716114,0.6256,0.11636828644501279
2022-08-16 02:21:35,0.8265550239234449,0.0,1.0,0.173444976076555,0.8286052009456265,0.6142715709085194,0.9050425671250819,10,836,846,0.01182033096926714,0.6768000000000001,0.08274231678486997
2022-08-16 03:21:35,0.8203661327231121,0.0,1.0,0.17963386727688788,0.8233970753655793,0.5873310890456298,0.9013199245757385,15,874,889,0.01687289088863892,0.7112,0.11811023622047245
2022-08-16 04:21:35,0.8634894991922456,0.0,1.0,0.13651050080775445,0.8648,0.5804562034850911,0.9267446900736888,12,1238,1250,0.0096,1.0,0.0672
2022-08-16 05:21:35,0.8712487899322362,0.0,1.0,0.1287512100677638,0.8727272727272727,0.603434093319501,0.9311950336264874,12,1033,1045,0.011483253588516746,0.836,0.08038277511961722
2022-08-16 06:21:35,0.8591983556012333,0.0,1.0,0.1408016443987667,0.8611955420466059,0.6144981118223026,0.9242675511332228,14,973,987,0.014184397163120567,0.7896,0.09929078014184398
2022-08-16 07:21:35,0.8502304147465438,0.0,1.0,0.1497695852534562,0.8526077097505669,0.6207620635293675,0.9190535491905355,14,868,882,0.015873015873015872,0.7056,0.1111111111111111
2022-08-16 08:21:35,0.8460743801652892,0.0,1.0,0.15392561983471073,0.8479591836734693,0.6234424407693022,0.9166200335758254,12,968,980,0.012244897959183673,0.784,0.08571428571428572
2022-08-16 09:21:35,0.828505214368482,0.0,1.0,0.17149478563151796,0.8312428734321551,0.625619209350846,0.9062103929024081,14,863,877,0.01596351197263398,0.7016000000000001,0.11174458380843785
2022-08-16 10:21:35,0.8592342342342343,0.0,1.0,0.14076576576576577,0.8611111111111112,0.6281150196310374,0.9242883101150817,12,888,900,0.013333333333333334,0.7200000000000001,0.09333333333333334
2022-08-16 11:21:35,0.8868686868686869,0.0,1.0,0.11313131313131314,0.8883349950149552,0.5760376787038968,0.9400428265524625,13,990,1003,0.01296111665004985,0.8024,0.09072781655034895
2022-08-16 12:21:35,0.8851851851851852,0.0,1.0,0.11481481481481481,0.8864468864468864,0.5566593912953967,0.9390962671905697,12,1080,1092,0.01098901098901099,0.8736,0.07692307692307693
2022-08-16 13:21:35,0.8442728442728443,0.0,1.0,0.15572715572715573,0.8470290771175727,0.6156475240859529,0.9155617585484996,14,777,791,0.017699115044247787,0.6328,0.12389380530973451
2022-08-16 14:21:35,0.8158940397350993,0.0,1.0,0.18410596026490067,0.81877444589309,0.6330035671353106,0.8986141502552881,12,755,767,0.01564537157757497,0.6136,0.10951760104302478
2022-08-16 15:21:35,0.8398220244716351,0.0,1.0,0.16017797552836485,0.8422782037239869,0.6355106212644768,0.9129383313180169,14,899,913,0.01533406352683461,0.7304,0.10733844468784227
2022-08-16 16:21:35,0.8270762229806599,0.0,1.0,0.17292377701934017,0.8294051627384961,0.5654878816885337,0.9053549190535491,12,879,891,0.013468013468013467,0.7128,0.09427609427609428
2022-08-16 17:21:35,0.8577878103837472,0.0,1.0,0.14221218961625282,0.8596881959910914,0.5985506956140815,0.9234507897934386,12,886,898,0.013363028953229399,0.7184,0.0935412026726058
2022-08-16 18:21:35,0.8538922155688623,0.0,1.0,0.14610778443113773,0.8559622195985832,0.5804414998873291,0.9211886304909561,12,835,847,0.014167650531286895,0.6776000000000001,0.09917355371900827
2022-08-16 19:21:35,0.8431122448979592,0.0,1.0,0.1568877551020408,0.8458646616541353,0.6074329373047965,0.914878892733564,14,784,798,0.017543859649122806,0.6384,0.12280701754385964
2022-08-16 20:21:35,0.8620283018867925,0.0,1.0,0.13797169811320756,0.8641114982578397,0.6176170384525739,0.9259024699176694,13,848,861,0.015098722415795587,0.6888,0.10569105691056911
2022-08-16 21:21:35,0.8726877040261154,0.0,1.0,0.12731229597388466,0.874328678839957,0.6125070439214702,0.9320162696106915,12,919,931,0.01288936627282492,0.7448000000000001,0.09022556390977444
2022-08-16 22:21:35,0.8217446270543616,0.0,1.0,0.17825537294563842,0.8244084682440846,0.6030501396785378,0.9021512838306731,12,791,803,0.014943960149439602,0.6424,0.10460772104607721
2022-08-16 23:21:35,0.8420365535248042,0.0,1.0,0.15796344647519583,0.8444730077120822,0.5883705087892386,0.9142452161587526,12,766,778,0.015424164524421594,0.6224,0.10796915167095116
2022-08-17 00:21:35,0.8378378378378378,0.0,1.0,0.16216216216216217,0.8408488063660478,0.6223627263261176,0.9117647058823529,14,740,754,0.01856763925729443,0.6032000000000001,0.129973474801061
2022-08-17 01:21:35,0.8257668711656442,0.0,1.0,0.17423312883435582,0.8282950423216445,0.6139791232856544,0.9045698924731183,12,815,827,0.014510278113663845,0.6616,0.10157194679564692
2022-08-17 02:21:35,0.8802325581395349,0.0,1.0,0.11976744186046512,0.8818807339449541,0.5946336864717143,0.9363017934446506,12,860,872,0.013761467889908258,0.6976000000000001,0.0963302752293578
2022-08-17 03:21:35,0.9013906447534766,0.0,1.0,0.0986093552465234,0.9028642590286425,0.5703263143425236,0.9481382978723404,12,791,803,0.014943960149439602,0.6424,0.10460772104607721
2022-08-17 04:21:35,0.8886255924170616,0.0,1.0,0.11137440758293839,0.8904428904428905,0.5895919048921562,0.9410288582183187,14,844,858,0.016317016317016316,0.6864,0.11421911421911421
2022-08-17 05:21:35,0.8836265223274695,0.0,1.0,0.11637347767253045,0.8856382978723404,0.5567435283262252,0.9382183908045977,13,739,752,0.017287234042553192,0.6016,0.12101063829787234
2022-08-17 06:21:35,0.8474114441416893,0.0,1.0,0.15258855585831063,0.8498659517426274,0.5784931211386105,0.9174041297935103,12,734,746,0.0160857908847185,0.5968,0.1126005361930295
2022-08-17 07:21:35,0.8702983138780804,0.0,1.0,0.1297016861219196,0.8722860791826309,0.5859019904258829,0.9306518723994452,12,771,783,0.01532567049808429,0.6264000000000001,0.10727969348659003
2022-08-17 08:21:35,0.8762376237623762,0.0,1.0,0.12376237623762376,0.8781973203410475,0.6211906536027311,0.9340369393139841,13,808,821,0.015834348355663823,0.6568,0.11084043848964675
2022-08-17 09:21:35,0.8793103448275862,0.0,1.0,0.1206896551724138,0.8810872027180068,0.6119183852592298,0.9357798165137615,13,870,883,0.014722536806342015,0.7064,0.10305775764439411
2022-08-17 10:21:35,0.9102244389027432,0.0,1.0,0.08977556109725686,0.9117647058823529,0.6194952636005903,0.9530026109660574,14,802,816,0.01715686274509804,0.6528,0.12009803921568629
2022-08-17 11:21:35,0.9114093959731544,0.0,1.0,0.08859060402684564,0.9128137384412153,0.6239528606887143,0.9536516853932584,12,745,757,0.015852047556142668,0.6056,0.11096433289299867
2022-08-17 12:21:35,0.8807339449541285,0.0,1.0,0.11926605504587157,0.8824858757062147,0.5918531841829491,0.9365853658536586,13,872,885,0.014689265536723164,0.708,0.10282485875706215
2022-08-17 13:21:35,0.9119226638023631,0.0,1.0,0.08807733619763695,0.9132275132275133,0.6142440340961167,0.9539325842696629,14,931,945,0.014814814814814815,0.756,0.10370370370370371
2022-08-17 14:21:35,0.9021406727828746,0.0,1.0,0.09785932721712538,0.9033232628398792,0.6151472746688822,0.9485530546623794,12,981,993,0.012084592145015106,0.7944,0.08459214501510574
2022-08-17 15:21:35,0.8746898263027295,0.0,1.0,0.12531017369727046,0.8765281173594132,0.6268781684871869,0.9331568497683653,12,806,818,0.014669926650366748,0.6544000000000001,0.10268948655256724
2022-08-17 16:21:35,0.8961424332344213,0.0,1.0,0.10385756676557864,0.8973607038123167,0.554908381625976,0.945226917057903,12,1011,1023,0.011730205278592375,0.8184,0.08211143695014662
2022-08-17 17:21:35,0.8966942148760331,0.0,1.0,0.10330578512396695,0.8983739837398373,0.5733668602101686,0.9455337690631809,16,968,984,0.016260162601626018,0.7872000000000001,0.11382113821138212
2022-08-17 18:21:35,0.8867713004484304,0.0,1.0,0.1132286995515695,0.8882743362831859,0.6155509458714826,0.9399881164587047,12,892,904,0.01327433628318584,0.7232000000000001,0.09292035398230089
2022-08-17 19:21:35,0.8886075949367088,0.0,1.0,0.11139240506329114,0.8902743142144638,0.581119368583032,0.9410187667560321,12,790,802,0.014962593516209476,0.6416,0.10473815461346633
2022-08-17 20:21:35,0.8920308483290489,0.0,1.0,0.10796915167095116,0.8942065491183879,0.5749343430486297,0.9429347826086957,16,778,794,0.020151133501259445,0.6352000000000001,0.14105793450881612
2022-08-17 21:21:35,0.8654353562005277,0.0,1.0,0.1345646437994723,0.8675324675324675,0.6209107001836405,0.9278642149929278,12,758,770,0.015584415584415584,0.616,0.10909090909090909
2022-08-17 22:21:35,0.8534850640113798,0.0,1.0,0.1465149359886202,0.855944055944056,0.6293144696753042,0.920951650038373,12,703,715,0.016783216783216783,0.5720000000000001,0.11748251748251748
2022-08-17 23:21:35,0.8573426573426574,0.0,1.0,0.14265734265734265,0.859697386519945,0.625621578738086,0.9231927710843374,12,715,727,0.016506189821182942,0.5816,0.11554332874828059
2022-08-18 00:21:35,0.8660826032540676,0.0,1.0,0.13391739674593242,0.8682266009852216,0.5911771509989217,0.9282360831656606,13,799,812,0.01600985221674877,0.6496000000000001,0.11206896551724138
2022-08-18 01:21:35,0.8465991316931982,0.0,1.0,0.15340086830680175,0.849645390070922,0.6247839520781516,0.9169278996865203,14,691,705,0.019858156028368795,0.5640000000000001,0.13900709219858157
2022-08-18 02:21:35,0.8834745762711864,0.0,1.0,0.11652542372881355,0.8849372384937239,0.5687750471793414,0.9381327334083239,12,944,956,0.012552301255230125,0.7648,0.08786610878661087
2022-08-18 03:21:35,0.8642241379310345,0.0,1.0,0.13577586206896552,0.8660998937300743,0.5829675134489024,0.9271676300578034,13,928,941,0.01381509032943677,0.7528,0.09670563230605739
2022-08-18 04:21:35,0.8774120317820658,0.0,1.0,0.12258796821793416,0.8790593505039194,0.5663500414013973,0.9347037484885127,12,881,893,0.013437849944008958,0.7144,0.0940649496080627
2022-08-18 05:21:35,0.8616125150421179,0.0,1.0,0.13838748495788206,0.863905325443787,0.6078735261517754,0.9256625727213963,14,831,845,0.016568047337278107,0.676,0.11597633136094675
2022-08-18 06:21:35,0.8516209476309227,0.0,1.0,0.1483790523690773,0.8538083538083538,0.6248143544264579,0.9198653198653198,12,802,814,0.014742014742014743,0.6512,0.1031941031941032
2022-08-18 07:21:35,0.8720800889877642,0.0,1.0,0.12791991101223582,0.8737650933040615,0.6201994118179144,0.9316696375519905,12,899,911,0.013172338090010977,0.7288,0.09220636663007684
2022-08-18 08:21:35,0.8842105263157894,0.0,1.0,0.11578947368421053,0.8856548856548857,0.6129165804150389,0.9385474860335196,12,950,962,0.012474012474012475,0.7696,0.08731808731808732
2022-08-18 09:21:35,0.8837209302325582,0.0,1.0,0.11627906976744186,0.8854166666666666,0.6144091564350515,0.9382716049382716,14,946,960,0.014583333333333334,0.768,0.10208333333333333
2022-08-18 10:21:35,0.8851269649334945,0.0,1.0,0.11487303506650544,0.8870392390011891,0.6129877997090333,0.9390635022450289,14,827,841,0.016646848989298454,0.6728000000000001,0.11652794292508918
2022-08-18 11:21:35,0.8619354838709677,0.0,1.0,0.13806451612903226,0.8640406607369758,0.5976170697739173,0.9258489258489259,12,775,787,0.015247776365946633,0.6296,0.10673443456162643
2022-08-18 12:21:35,0.8827877507919747,0.0,1.0,0.11721224920802534,0.8842544316996872,0.5595960283696446,0.9377453729669097,12,947,959,0.01251303441084463,0.7672,0.08759124087591241
2022-08-18 13:21:35,0.8680947012401353,0.0,1.0,0.1319052987598647,0.8701442841287459,0.5988371738291021,0.9293904646952323,14,887,901,0.01553829078801332,0.7208000000000001,0.10876803551609324
2022-08-18 14:21:35,0.8592777085927771,0.0,1.0,0.14072229140722292,0.8613496932515338,0.6046101706982798,0.9243134628265238,12,803,815,0.014723926380368098,0.652,0.10306748466257669
2022-08-18 15:21:35,0.8714462299134734,0.0,1.0,0.12855377008652658,0.8736330498177399,0.6140310570988322,0.9313077939233818,14,809,823,0.01701093560145808,0.6584000000000001,0.11907654921020655
2022-08-18 16:21:35,0.8586525759577279,0.0,1.0,0.14134742404227213,0.8612191958495461,0.6174134322561325,0.923951670220327,14,757,771,0.018158236057068743,0.6168,0.1271076523994812
2022-08-18 17:21:35,0.8824306472919419,0.0,1.0,0.11756935270805813,0.8842652795838751,0.5896957684069628,0.9375438596491228,12,757,769,0.015604681404421327,0.6152000000000001,0.10923276983094929
2022-08-18 18:21:35,0.8743781094527363,0.0,1.0,0.1256218905472637,0.8765281173594132,0.617079087591064,0.9329794293297943,14,804,818,0.017114914425427872,0.6544000000000001,0.1198044009779951
2022-08-18 19:21:35,0.8526946107784431,0.0,1.0,0.1473053892215569,0.8547815820543093,0.5608719738909937,0.9204912734324499,12,835,847,0.014167650531286895,0.6776000000000001,0.09917355371900827
2022-08-18 20:21:35,0.8738170347003155,0.0,1.0,0.12618296529968454,0.8756476683937824,0.597163724595787,0.9326599326599326,14,951,965,0.014507772020725389,0.772,0.10155440414507771
2022-08-18 21:21:35,0.8932642487046633,0.0,1.0,0.10673575129533679,0.8945752302968271,0.5883540133470476,0.9436234263820471,12,965,977,0.012282497441146366,0.7816000000000001,0.08597748208802455
2022-08-18 22:21:35,0.8780487804878049,0.0,1.0,0.12195121951219512,0.8797250859106529,0.5958228143793228,0.935064935064935,12,861,873,0.013745704467353952,0.6984,0.09621993127147765
2022-08-18 23:21:35,0.8825503355704698,0.0,1.0,0.1174496644295302,0.8846153846153846,0.5843520563899469,0.9376114081996435,16,894,910,0.017582417582417582,0.728,0.12307692307692308
2022-08-19 00:21:35,0.8585858585858586,0.0,1.0,0.1414141414141414,0.8609929078014185,0.6245329204548606,0.9239130434782609,12,693,705,0.01702127659574468,0.5640000000000001,0.11914893617021277
2022-08-19 01:21:35,0.9095063985374772,0.0,1.0,0.09049360146252285,0.9104882459312839,0.5608175132833779,0.9526089037817137,12,1094,1106,0.0108499095840868,0.8848,0.0759493670886076
2022-08-19 02:21:35,0.8913502109704642,0.0,1.0,0.10864978902953587,0.8928199791883454,0.5654853788249394,0.9425543781372002,13,948,961,0.013527575442247659,0.7688,0.09469302809573361
2022-08-19 03:21:35,0.8511166253101737,0.0,1.0,0.1488833746898263,0.8533007334963325,0.6360615921213618,0.9195710455764075,12,806,818,0.014669926650366748,0.6544000000000001,0.10268948655256724
2022-08-19 04:21:35,0.8937246963562753,0.0,1.0,0.1062753036437247,0.8952095808383234,0.6188097183034965,0.9438802779262426,14,988,1002,0.013972055888223553,0.8016000000000001,0.09780439121756487
2022-08-19 05:21:35,0.8798735511064278,0.0,1.0,0.12012644889357219,0.8813735691987513,0.5962864366778243,0.9360986547085202,12,949,961,0.012486992715920915,0.7688,0.08740894901144641
2022-08-19 06:21:35,0.8678414096916299,0.0,1.0,0.13215859030837004,0.8695652173913043,0.6040803898338123,0.9292452830188679,12,908,920,0.013043478260869565,0.736,0.09130434782608696
2022-08-19 07:21:35,0.8725490196078431,0.0,1.0,0.12745098039215685,0.8746987951807229,0.6290399076397436,0.9319371727748691,14,816,830,0.016867469879518072,0.664,0.11807228915662651
2022-08-19 08:21:35,0.8932893289328933,0.0,1.0,0.10671067106710672,0.8946796959826275,0.6115598448823731,0.9436374201045904,12,909,921,0.013029315960912053,0.7368,0.09120521172638436
2022-08-19 09:21:35,0.8548387096774194,0.0,1.0,0.14516129032258066,0.8571428571428571,0.5973241135480701,0.9217391304347826,13,806,819,0.015873015873015872,0.6552000000000001,0.1111111111111111
2022-08-19 10:21:35,0.8741633199464525,0.0,1.0,0.12583668005354753,0.8764783180026281,0.6134902226482145,0.9328571428571428,14,747,761,0.018396846254927726,0.6088,0.1287779237844941
2022-08-19 11:21:35,0.865414710485133,0.0,1.0,0.13458528951486698,0.8678955453149002,0.6411569267934002,0.9278523489932886,12,639,651,0.018433179723502304,0.5208,0.12903225806451613
2022-08-19 12:21:35,0.8775267538644471,0.0,1.0,0.12247324613555291,0.8792497069167644,0.6125231520914797,0.934768841038632,12,841,853,0.01406799531066823,0.6824,0.09847596717467762
2022-08-19 13:21:35,0.8790322580645161,0.0,1.0,0.12096774193548387,0.8808172531214529,0.613363380211458,0.9356223175965666,13,868,881,0.014755959137343927,0.7048,0.10329171396140749
2022-08-19 14:21:35,0.8846153846153846,0.0,1.0,0.11538461538461539,0.886117136659436,0.6256252970702965,0.9387755102040817,12,910,922,0.013015184381778741,0.7376,0.09110629067245118
2022-08-19 15:21:35,0.8554913294797688,0.0,1.0,0.14450867052023122,0.857630979498861,0.6201985478083177,0.9221183800623053,13,865,878,0.014806378132118452,0.7024,0.10364464692482916
