address,partner,date,rcv_packet_count,snd_packet_count,tcp_count,udp_count,most_port,port_count,rcv_max_int,rcv_min_int,rcv_max_len,rcv_min_len,snd_max_int,snd_min_int,snd_max_len,snd_min_len,label
92.63.197.82,192.168.10.5,202304261259,3,1,4,0,34680,1,0.250281,0.000421,44,40,-10000,-10000,44,44,1
91.240.118.77,192.168.10.5,202304261259,3,1,4,0,10701,1,0.279469,0.000893,44,40,-10000,-10000,44,44,1
167.94.145.24,192.168.10.5,202304261259,2,1,3,0,59761,1,0.262958,0.262958,44,40,-10000,-10000,44,44,1
167.94.145.57,192.168.10.5,202304261259,13,9,22,0,59761,1,1.255533,0.000705,295,52,1.24874,1e-06,60,52,1
15.235.181.20,192.168.10.5,202304261258,18,90,108,0,80,2,23.136946,0.0,52,52,11.342431,0.0,52,44,1
218.25.103.213,192.168.10.5,202304261259,4,3,7,0,1433,1,0.170623,0.00064,52,40,0.141681,0.0,52,40,1
157.230.56.253,192.168.10.5,202304261259,1,1,2,0,1006,1,-10000,-10000,44,44,-10000,-10000,40,40,1
1.70.12.13,192.168.10.5,202304261259,2,1,3,0,23,1,0.223468,0.223468,44,40,-10000,-10000,44,44,1
124.222.93.58,192.168.10.5,202304261300,5,6,11,0,5900,1,0.837101,0.0,64,52,0.635436,0.001049,64,52,1
182.71.6.166,192.168.10.5,202304261300,4,3,7,0,3389,1,0.205902,0.0,83,40,0.16535,0.038835,59,40,1
106.75.251.199,192.168.10.5,202304261300,5,6,11,0,5900,1,0.733098,1e-06,64,52,0.557953,0.00161,64,52,1
38.132.109.118,192.168.10.5,202304261259,1,6,7,0,1723,1,-10000,-10000,44,44,16.239888,1.034668,44,44,1
43.239.120.6,192.168.10.5,202304261300,7,6,13,0,22,1,1.005438,0.0,72,52,1.005006,0.002027,676,52,1
114.255.170.45,192.168.10.5,202304261300,5,3,8,0,6379,1,0.25912,0.000653,66,52,0.258937,0.173924,60,52,1
194.55.224.63,192.168.10.5,202304261300,8,9,17,0,25,1,0.267805,0.001842,52,40,0.267324,0.000481,112,40,1
61.177.173.35,192.168.10.5,202304261300,11,11,22,0,22,1,0.832909,0.000287,908,52,0.626252,0.001397,699,52,1
94.102.61.42,192.168.10.5,202304261259,7,11,18,0,8406,1,19.66704,0.000349,259,44,10.454479,0.0,60,44,1
61.177.173.46,192.168.10.5,202304261300,11,11,22,0,22,1,0.251955,1e-06,908,52,0.253307,0.00035,699,52,1
164.92.118.96,192.168.10.5,202304261300,12,13,25,0,22,1,1.129619,0.000266,1028,52,0.972828,0.000665,699,52,1
43.143.3.213,192.168.10.5,202304261300,4,4,8,0,3389,1,0.766132,0.000161,83,40,0.556957,0.031658,59,40,1
162.243.135.14,192.168.10.5,202304261300,6,5,11,0,4433,1,1.127219,0.0,165,52,1.009033,0.0,60,52,1
107.170.241.18,192.168.10.5,202304261300,1,0,0,1,7473,1,-10000,-10000,51,51,-10000,-10000,-10000,-10000,1
184.105.139.105,192.168.10.5,202304261301,2,1,3,0,1883,1,0.118855,0.118855,44,40,-10000,-10000,44,44,1
182.71.6.166,192.168.10.5,202304261301,4,3,7,0,3389,1,0.273144,0.000957,83,40,0.185501,0.082572,59,40,1
184.105.139.69,192.168.10.5,202304261301,6,4,10,0,1883,1,0.134364,0.001505,64,40,0.129676,0.0081,48,40,1
167.99.3.72,192.168.10.5,202304261301,3,2,5,0,4722,1,0.158913,0.032263,44,40,0.190675,0.190675,44,40,1
103.162.36.21,192.168.10.5,202304261301,8,6,14,0,3389,1,0.294624,4.7e-05,83,40,0.385938,0.036645,59,40,1
125.36.182.82,192.168.10.5,202304261301,2,5,7,0,23,1,15.60688,15.60688,44,40,8.248618,1.015391,44,44,1
94.102.61.6,192.168.10.5,202304261300,7,11,18,0,12359,1,63.779903,0.0,260,44,31.975311,0.0,60,44,1
113.2.121.19,192.168.10.5,202304261301,7,5,12,0,22,1,0.278563,0.0,72,52,0.357436,0.00226,676,52,1
52.89.132.150,192.168.10.5,202304261301,12,65,77,0,80,2,6.450258,0.0,52,52,6.444209,0.0,52,44,1
220.125.240.69,192.168.10.5,202304261301,30,21,51,0,22,1,27.243811,1e-06,364,40,1.476501,0.001347,2856,44,1
218.7.182.11,192.168.10.5,202304261302,6,5,11,0,22,1,0.099769,0.0,72,52,0.098667,0.001367,676,52,1
95.214.27.202,192.168.10.5,202304261302,39,36,75,0,22,1,0.325028,0.0,796,40,0.298005,0.0,6892,52,1
91.240.118.221,192.168.10.5,202304261302,3,1,4,0,8177,1,0.28199,0.004488,44,40,-10000,-10000,44,44,1
107.170.245.8,192.168.10.5,202304261301,1,6,7,0,2078,1,-10000,-10000,44,44,16.239233,1.036602,44,44,1
188.130.52.9,192.168.10.5,202304261302,4,5,9,0,3389,1,1.925544,0.0,83,40,0.837811,0.033722,59,40,1
218.7.182.13,192.168.10.5,202304261302,6,5,11,0,22,1,0.073835,6.5e-05,72,52,0.074497,0.001842,676,52,1
103.162.36.21,192.168.10.5,202304261302,4,3,7,0,3389,1,0.178861,1e-06,83,40,0.124761,0.040143,59,40,1
179.43.163.132,192.168.10.5,202304261302,6,5,11,0,4719,1,1.283297,0.000594,60,40,1.27024,0.0,60,44,1
91.240.118.77,192.168.10.5,202304261302,3,1,4,0,15789,1,0.276466,0.002108,44,40,-10000,-10000,44,44,1
89.248.165.52,192.168.10.5,202304261259,22,45,67,0,35772,1,28.761819,0.989882,60,60,16.369292,0.033253,60,40,1
192.168.3.118,172.29.148.192,202304261301,20,0,20,0,55443,1,12.858531,1.00619,60,60,-10000,-10000,-10000,-10000,0
124.78.206.79,192.168.10.5,202304261302,5,8,13,0,5900,1,1.270806,0.000292,64,52,0.557079,0.000851,64,52,1
94.102.61.45,192.168.10.5,202304261302,7,11,18,0,41043,1,46.015976,0.0,260,44,16.235524,1e-06,60,44,1
150.158.50.247,192.168.10.5,202304261303,5,5,10,0,5900,1,0.208801,0.0,64,52,0.20781,0.000958,64,52,1
170.187.163.133,192.168.10.5,202304261303,2,1,3,0,443,1,0.161403,0.161403,44,40,-10000,-10000,44,44,1
58.211.207.70,192.168.10.5,202304261303,7,7,14,0,5900,1,1.647953,1e-06,64,52,2.023947,0.0013,64,52,1
107.170.245.8,192.168.10.5,202304261303,5,5,10,0,2078,1,1.125199,0.0,76,52,1.007919,0.0,60,52,1
94.102.61.4,192.168.10.5,202304261303,1,6,7,0,12137,1,-10000,-10000,44,44,16.239729,1.037932,44,44,1
61.147.209.31,192.168.10.5,202304261303,10,8,18,0,2375,1,17.258245,0.0,166,40,17.559846,0.0,44,40,1
168.80.174.2,192.168.10.5,202304261304,1,1,2,0,800,1,-10000,-10000,44,44,-10000,-10000,40,40,1
113.142.66.88,192.168.10.5,202304261304,6,6,12,0,5900,1,0.998208,0.0,64,52,0.998208,0.001406,64,52,1
185.156.73.121,192.168.10.5,202304261304,3,1,4,0,4408,1,0.23892,0.003831,44,40,-10000,-10000,44,44,1
182.71.6.166,192.168.10.5,202304261303,8,6,14,0,3389,1,70.515385,0.0,83,40,70.680851,0.044644,59,40,1
45.79.181.94,192.168.10.5,202304261304,5,3,8,0,443,1,0.16344,0.000143,190,52,0.164437,0.001851,1354,52,1
122.9.160.136,192.168.10.5,202304261304,7,7,14,0,5900,1,0.366965,1e-06,64,52,0.366805,0.001244,64,52,1
103.162.36.21,192.168.10.5,202304261305,8,6,14,0,3389,1,0.151412,1e-06,83,40,0.181552,0.030339,59,40,1
94.102.61.6,192.168.10.5,202304261304,1,6,7,0,12360,1,-10000,-10000,44,44,16.239689,1.008599,44,44,1
15.235.180.235,192.168.10.5,202304261304,3,18,21,0,80,2,0.604096,0.057744,52,52,15.466555,0.057744,52,52,1
94.102.61.4,192.168.10.5,202304261305,6,5,11,0,12137,1,1.25588,0.0,260,52,1.008878,0.0,60,52,1
164.92.118.96,192.168.10.5,202304261305,12,13,25,0,22,1,1.133729,0.0,1028,52,0.976675,0.001092,699,52,1
139.59.94.74,192.168.10.5,202304261305,3,1,4,0,40022,1,0.116502,0.003212,44,40,-10000,-10000,44,44,1
192.241.202.30,192.168.10.5,202304261305,1,6,7,0,5555,1,-10000,-10000,44,44,16.239381,1.007684,44,44,1
110.52.27.29,192.168.10.5,202304261306,6,5,11,0,22,1,0.075692,0.0,72,52,0.07169,0.002505,676,52,1
188.130.52.9,192.168.10.5,202304261306,4,3,7,0,3389,1,0.387861,0.000627,83,40,0.277198,0.105033,59,40,1
219.150.134.78,192.168.10.5,202304261306,2,1,3,0,23,1,0.210615,0.210615,44,40,-10000,-10000,44,44,1
94.102.61.46,192.168.10.5,202304261306,1,6,7,0,5071,1,-10000,-10000,44,44,16.239354,1.012687,44,44,1
182.71.6.166,192.168.10.5,202304261306,4,3,7,0,3389,1,0.253193,0.000599,83,40,0.20056,0.043384,59,40,1
119.23.67.0,192.168.10.5,202304261306,6,6,12,0,5900,1,0.86744,0.010149,64,52,0.649293,0.001397,64,52,1
164.92.118.96,192.168.10.5,202304261306,12,14,26,0,22,1,1.137018,3.8e-05,1028,52,0.97832,0.000445,699,52,1
106.15.229.166,192.168.10.5,202304261306,5,7,12,0,5900,1,1.49602,0.0,64,52,0.644465,0.001233,64,52,1
139.59.94.74,192.168.10.5,202304261306,5,4,9,0,40022,1,1.12244,0.0,60,52,1.119982,1e-06,60,52,1
121.37.176.170,192.168.10.5,202304261306,5,6,11,0,5900,1,0.774866,0.0,64,52,0.59403,0.001651,64,52,1
103.162.36.21,192.168.10.5,202304261306,4,3,7,0,3389,1,0.205218,1e-06,83,40,0.128645,0.078866,59,40,1
64.112.75.18,192.168.10.5,202304261307,1,0,0,1,5060,1,-10000,-10000,438,438,-10000,-10000,-10000,-10000,1
185.156.73.121,192.168.10.5,202304261307,3,1,4,0,11050,1,0.241611,0.0,44,40,-10000,-10000,44,44,1
89.248.165.59,192.168.10.5,202304261307,3,1,4,0,1700,1,0.24038,0.021156,44,40,-10000,-10000,44,44,1
94.102.61.28,192.168.10.5,202304261304,21,34,55,0,2017,3,68.437441,0.0,259,44,37.186376,0.0,60,44,1
123.173.89.170,192.168.10.5,202304261306,1,6,7,0,23,1,-10000,-10000,44,44,16.239699,1.009585,44,44,1
182.151.29.95,192.168.10.5,202304261307,5,5,10,0,5900,1,0.242906,1e-06,64,52,0.241765,0.001494,64,52,1
61.147.209.31,192.168.10.5,202304261306,10,8,18,0,2376,1,50.766076,0.000296,166,40,51.029932,0.0,44,40,1
123.98.203.12,192.168.10.5,202304261307,7,4,11,0,23,1,30.871807,0.013358,52,40,30.924004,0.054734,52,40,1
182.71.6.166,192.168.10.5,202304261307,4,3,7,0,3389,1,0.244862,0.000846,83,40,0.204236,0.041419,59,40,1
31.220.3.140,192.168.10.5,202304261307,7,4,11,0,23,1,9.172392,0.048795,60,40,9.423007,0.252943,60,44,1
45.147.250.222,192.168.10.5,202304261307,2,1,3,0,465,1,0.350949,0.350949,44,40,-10000,-10000,44,44,1
192.168.10.4,192.168.10.5,202304261307,36,13,49,0,64297,1,5.03532,-7e-06,575,52,5.035342,0.0,3876,40,1
61.177.172.53,192.168.10.5,202304261307,11,12,23,0,22,1,0.26469,1e-06,908,52,0.26719,0.0,699,52,1
106.13.222.253,192.168.10.5,202304261308,5,5,10,0,5900,1,0.225547,0.0,64,52,0.225003,0.000983,64,52,1
103.89.12.92,192.168.10.5,202304261307,6,4,10,0,2222,1,30.808033,0.0,44,40,1.183543,0.0,44,40,1
192.241.202.30,192.168.10.5,202304261308,4,3,7,0,5555,1,5.001041,0.01068,165,52,5.042975,0.127132,60,52,1
94.102.61.6,192.168.10.5,202304261308,6,5,11,0,12360,1,1.263634,0.0,260,52,1.008434,0.0,60,52,1
85.208.136.244,192.168.10.5,202304261308,8,9,17,0,25,1,0.23658,0.0,52,40,0.236379,0.000241,112,40,1
43.231.235.155,192.168.10.5,202304261308,2,1,3,0,80,1,0.14513,0.14513,44,40,-10000,-10000,44,44,1
103.162.36.21,192.168.10.5,202304261308,8,6,14,0,3389,1,0.206134,0.0,83,40,0.316904,0.069257,59,40,1
59.44.142.214,192.168.10.5,202304261308,8,12,20,0,22,1,6.308136,0.0,72,40,5.928765,0.001945,676,52,1
210.247.249.230,192.168.10.5,202304261308,1,1,2,0,46875,1,-10000,-10000,40,40,-10000,-10000,40,40,1
162.142.125.88,192.168.10.5,202304261309,2,1,3,0,44399,1,0.150721,0.150721,44,40,-10000,-10000,44,44,1
162.142.125.215,192.168.10.5,202304261309,13,9,22,0,44399,1,1.160607,0.0,295,52,1.156245,0.0,60,52,1
162.142.125.160,192.168.10.5,202304261309,2,1,3,0,44399,1,0.138188,0.138188,60,40,-10000,-10000,60,60,1
49.87.91.2,192.168.10.5,202304261309,1,6,7,0,23,1,-10000,-10000,44,44,16.239789,1.007294,44,44,1
45.93.16.42,192.168.10.5,202304261309,3,1,4,0,50802,1,0.272546,0.009242,44,40,-10000,-10000,44,44,1
182.71.6.166,192.168.10.5,202304261309,4,3,7,0,3389,1,0.251416,0.0,83,40,0.208398,0.037353,59,40,1
198.98.61.77,192.168.10.5,202304261309,3,1,4,0,29447,1,0.166843,0.011347,44,40,-10000,-10000,44,44,1
101.34.37.129,192.168.10.5,202304261310,5,6,11,0,5900,1,0.707844,0.0,64,52,0.536267,0.000788,64,52,1
194.55.224.63,192.168.10.5,202304261310,8,9,17,0,25,1,0.274059,0.000957,52,40,0.274008,0.00034,112,40,1
43.139.204.145,192.168.10.5,202304261310,6,4,10,0,6379,1,0.511436,0.000942,60,40,0.511336,0.126365,64,52,1
36.134.122.227,192.168.10.5,202304261310,6,7,13,0,5900,1,1.015286,0.0,64,52,1.015287,0.001334,64,52,1
62.204.41.80,192.168.10.5,202304261310,3,1,4,0,5720,1,0.283542,0.005627,44,40,-10000,-10000,44,44,1
188.130.52.9,192.168.10.5,202304261310,4,3,7,0,3389,1,0.511095,0.0,83,40,0.289235,0.046318,59,40,1
220.220.248.1,192.168.10.5,202304261258,51,51,0,102,46914,45,35.403584,0.0,125,91,35.404348,0.0,75,58,1
160.44.201.156,192.168.10.5,202304261258,377,435,812,0,54952,39,34.395776,0.0,4136,40,34.388536,0.0,7071,40,1
164.92.118.96,192.168.10.5,202304261307,126,163,289,0,22,1,65.708282,0.0,1028,52,65.832377,0.000152,788,52,1
178.250.186.14,192.168.10.5,202304261309,19,92,111,0,80,2,6.249861,0.015226,52,52,9.022316,0.0,52,44,1
182.71.6.166,192.168.10.5,202304261310,4,3,7,0,3389,1,0.248114,0.000162,83,40,0.181969,0.05302,59,40,1
150.158.34.228,192.168.10.5,202304261311,5,6,11,0,5900,1,0.844195,1e-06,64,52,0.633757,0.001744,64,52,1
114.132.248.19,192.168.10.5,202304261311,5,5,10,0,5900,1,0.224643,0.0,64,52,0.225576,0.000646,64,52,1
192.241.227.11,192.168.10.5,202304261311,1,6,7,0,2095,1,-10000,-10000,44,44,16.235604,1.024926,44,44,1
94.102.61.46,192.168.10.5,202304261311,1,6,7,0,5014,1,-10000,-10000,44,44,16.239261,1.034801,44,44,1
103.162.36.21,192.168.10.5,202304261311,12,9,21,0,3389,1,67.769414,0.0,83,40,67.905596,0.030582,59,40,1
39.155.242.104,192.168.10.5,202304261312,6,5,11,0,22,1,0.146445,0.0,72,52,0.150304,0.001975,676,52,1
164.92.118.96,192.168.10.5,202304261312,12,14,26,0,22,1,1.136783,1e-06,1028,52,0.974003,0.000145,699,52,1
34.79.57.245,192.168.10.5,202304261312,6,5,11,0,9080,1,1.238278,0.0,315,52,1.007411,0.0,60,52,1
114.33.157.94,192.168.10.5,202304261312,2,1,3,0,23,1,0.056608,0.056608,44,40,-10000,-10000,44,44,1
1.70.9.204,192.168.10.5,202304261312,28,38,66,0,23,1,1.335449,0.0012,125,40,0.902283,0.000549,1023,44,1
61.177.173.37,192.168.10.5,202304261312,13,16,29,0,22,1,0.851624,0.0,908,52,0.619435,0.0,699,52,1
184.105.139.98,192.168.10.5,202304261312,2,1,3,0,5672,1,0.11614,0.11614,44,40,-10000,-10000,44,44,1
149.56.78.26,192.168.10.5,202304261312,1,0,0,1,37020,1,-10000,-10000,122,122,-10000,-10000,-10000,-10000,1
36.35.109.99,192.168.10.5,202304261312,3,2,5,0,21622,1,0.062521,0.007044,48,40,0.069021,0.069021,44,40,1
182.71.6.166,192.168.10.5,202304261313,4,3,7,0,3389,1,0.235311,0.000631,83,40,0.189941,0.048657,59,40,1
184.105.139.70,192.168.10.5,202304261313,6,5,11,0,5672,1,1.125983,0.0,48,40,1.008951,0.0,48,40,1
216.218.206.97,192.168.10.5,202304261313,2,1,3,0,2455,1,0.118856,0.118856,44,40,-10000,-10000,44,44,1
198.199.118.8,192.168.10.5,202304261312,1,6,7,0,6666,1,-10000,-10000,44,44,16.23972,1.008523,44,44,1
216.218.206.113,192.168.10.5,202304261313,5,5,10,0,2455,1,1.122777,0.000676,48,40,1.008055,0.0,48,40,1
61.177.173.48,192.168.10.5,202304261313,11,11,22,0,22,1,0.248154,0.0,908,52,0.254196,4.9e-05,699,52,1
15.235.180.235,192.168.10.5,202304261313,2,12,14,0,443,1,1.821619,1.821619,52,52,14.435314,0.193325,52,52,1
164.92.118.96,192.168.10.5,202304261313,12,13,25,0,22,1,1.134389,0.0,1028,52,0.97717,0.001096,699,52,1
192.168.3.117,172.29.148.192,202304261312,20,0,20,0,55443,1,12.928392,1.00688,60,60,-10000,-10000,-10000,-10000,0
103.133.204.138,192.168.10.5,202304261313,1,0,0,1,5060,1,-10000,-10000,442,442,-10000,-10000,-10000,-10000,1
192.241.227.11,192.168.10.5,202304261313,5,5,10,0,2095,1,1.124564,0.0,76,52,1.008788,1e-06,60,52,1
162.142.125.242,192.168.10.5,202304261314,2,1,3,0,3052,1,0.158399,0.158399,44,40,-10000,-10000,44,44,1
162.142.125.226,192.168.10.5,202304261314,13,9,22,0,3052,1,1.160865,0.0,295,52,1.138171,0.0,60,52,1
218.7.182.9,192.168.10.5,202304261314,7,5,12,0,22,1,0.282705,0.0,72,52,0.365436,0.001544,676,52,1
162.142.125.160,192.168.10.5,202304261314,2,1,3,0,3052,1,0.141473,0.141473,60,40,-10000,-10000,60,60,1
182.71.6.166,192.168.10.5,202304261314,4,3,7,0,3389,1,0.218106,0.002337,83,40,0.174807,0.043585,59,40,1
124.223.57.237,192.168.10.5,202304261314,5,5,10,0,5900,1,0.175764,1e-06,64,52,0.174617,0.0008,64,52,1
51.15.11.91,192.168.10.5,202304261312,100,0,0,100,11211,1,52.22402,0.002099,44,44,-10000,-10000,-10000,-10000,1
183.136.225.9,192.168.10.5,202304261313,12,25,37,0,10134,1,15.64494,0.243431,60,40,16.239611,0.136934,60,44,1
188.130.52.9,192.168.10.5,202304261314,4,3,7,0,3389,1,0.328864,1e-06,83,40,0.298837,0.034637,59,40,1
64.62.197.228,192.168.10.5,202304261314,2,1,3,0,9200,1,0.112984,0.112984,44,40,-10000,-10000,44,44,1
95.165.160.86,192.168.10.5,202304261314,5,4,9,0,3312,1,1.298567,0.002373,59,40,1.008408,0.0,52,40,1
64.62.197.227,192.168.10.5,202304261315,6,4,10,0,9200,1,0.124255,0.000867,77,40,0.150667,0.001668,534,40,1
160.44.201.156,192.168.10.5,202304261311,116,138,254,0,34680,12,34.381565,0.0,4136,40,34.382359,0.0,4282,40,1
184.105.247.211,192.168.10.5,202304261315,2,1,3,0,44818,1,0.118857,0.118857,44,40,-10000,-10000,44,44,1
45.148.10.241,192.168.10.5,202304261315,2,1,3,0,5060,1,0.254671,0.254671,60,40,-10000,-10000,60,60,1
123.103.20.39,192.168.10.5,202304261315,7,7,14,0,22,1,1.026861,0.000258,72,52,1.026709,0.002099,676,52,1
164.92.118.96,192.168.10.5,202304261314,24,26,50,0,22,1,64.7038,1e-06,1028,52,64.822247,0.001014,699,52,1
184.105.247.231,192.168.10.5,202304261315,5,5,10,0,44818,1,1.177247,0.0,64,40,1.008457,0.0,48,40,1
106.75.146.15,192.168.10.5,202304261315,3,1,4,0,3388,1,0.249951,0.120358,44,40,-10000,-10000,44,44,1
103.162.36.21,192.168.10.5,202304261315,12,9,21,0,3389,1,29.962384,0.000306,83,40,30.163803,0.009777,59,40,1
162.142.125.245,192.168.10.5,202304261316,2,1,3,0,15978,1,0.181088,0.181088,44,40,-10000,-10000,44,44,1
162.142.125.226,192.168.10.5,202304261316,16,11,27,0,15978,1,1.189755,0.0,295,40,1.183736,0.0,60,52,1
162.142.125.160,192.168.10.5,202304261316,2,1,3,0,15978,1,0.167738,0.167738,60,40,-10000,-10000,60,60,1
198.199.118.8,192.168.10.5,202304261316,5,5,10,0,6666,1,1.145373,0.0,165,52,1.008277,0.0,60,52,1
182.71.6.166,192.168.10.5,202304261316,4,3,7,0,3389,1,0.327963,0.002116,83,40,0.171246,0.134324,59,40,1
106.13.223.201,192.168.10.5,202304261316,8,8,16,0,5900,1,3.578354,1e-06,64,52,3.578355,0.001696,64,52,1
62.233.50.217,192.168.10.5,202304261316,3,1,4,0,6911,1,0.263142,0.002096,44,40,-10000,-10000,44,44,1
164.92.118.96,192.168.10.5,202304261316,12,13,25,0,22,1,1.131688,6e-05,1028,52,0.974352,0.000693,699,52,1
43.143.3.213,192.168.10.5,202304261316,4,3,7,0,3389,1,0.226691,0.000968,83,40,0.174663,0.048812,59,40,1
152.32.180.171,192.168.10.5,202304261317,2,1,3,0,8401,1,0.266622,0.266622,44,40,-10000,-10000,44,44,1
106.112.222.42,192.168.10.5,202304261316,10,10,20,0,5900,1,29.059135,0.0,64,52,29.059135,0.000903,64,52,1
111.46.220.3,192.168.10.5,202304261317,7,6,13,0,22,1,1.000614,0.0,72,52,1.000613,0.001801,676,52,1
180.76.144.53,192.168.10.5,202304261317,5,3,8,0,6379,1,0.257931,0.000603,66,52,0.257988,0.225084,60,52,1
182.71.6.166,192.168.10.5,202304261317,4,3,7,0,3389,1,0.217742,0.000302,83,40,0.169392,0.046672,59,40,1
61.177.173.47,192.168.10.5,202304261316,9,16,25,0,22,1,4.999913,0.0,76,52,20.621986,0.004984,699,52,1
162.243.128.14,192.168.10.5,202304261317,1,0,0,1,8009,1,-10000,-10000,51,51,-10000,-10000,-10000,-10000,1
106.75.133.83,192.168.10.5,202304261315,42,78,120,0,3388,1,4.033791,0.0,71,52,21.391181,0.0,60,52,1
134.122.41.95,192.168.10.5,202304261317,6,6,12,0,443,1,1.928325,0.00087,412,40,2.410507,4.5e-05,640,40,1
92.118.39.82,192.168.10.5,202304261317,1,1,2,0,83,1,-10000,-10000,44,44,-10000,-10000,40,40,1
193.142.146.214,192.168.10.5,202304261317,2,1,3,0,80,1,0.254696,0.254696,44,40,-10000,-10000,44,44,1
211.23.95.152,192.168.10.5,202304261317,2,1,3,0,23,1,0.041127,0.041127,44,40,-10000,-10000,44,44,1
164.92.118.96,192.168.10.5,202304261318,12,14,26,0,22,1,1.129421,0.00032,1028,52,0.973109,4.9e-05,699,52,1
45.147.250.222,192.168.10.5,202304261318,9,7,16,0,465,1,0.49221,0.0,178,52,0.49785,0.000545,1310,52,1
36.138.197.31,192.168.10.5,202304261318,5,5,10,0,5900,1,0.115834,0.001539,64,52,0.114415,0.001504,64,52,1
143.110.215.181,192.168.10.5,202304261317,1,6,7,0,7093,1,-10000,-10000,44,44,16.239545,1.019636,44,44,1
36.133.130.233,192.168.10.5,202304261318,6,7,13,0,5900,1,1.214152,0.0,64,52,1.03915,0.000799,64,52,1
80.66.77.239,192.168.10.5,202304261317,9,7,16,0,6001,1,59.043902,0.002058,294,40,59.390997,1e-06,60,44,1
182.61.47.229,192.168.10.5,202304261318,6,9,15,0,5900,1,1.514221,0.002015,64,52,0.676693,0.000778,64,52,1
188.130.52.9,192.168.10.5,202304261318,4,3,7,0,3389,1,0.413711,0.0009,83,40,0.285538,0.032056,59,40,1
167.94.138.137,192.168.10.5,202304261318,2,1,3,0,4436,1,0.235637,0.235637,44,40,-10000,-10000,44,44,1
167.94.138.33,192.168.10.5,202304261318,14,10,24,0,4436,1,1.242774,0.0,295,40,1.252206,0.0,60,40,1
162.142.125.92,192.168.10.5,202304261318,2,1,3,0,9256,1,0.148567,0.148567,44,40,-10000,-10000,44,44,1
162.142.125.13,192.168.10.5,202304261318,14,9,23,0,9256,1,1.161137,0.0,295,40,1.160036,0.0,60,52,1
162.142.125.160,192.168.10.5,202304261318,4,2,6,0,4436,2,2.875481,0.135582,60,40,3.025004,3.025004,60,60,1
164.92.118.96,192.168.10.5,202304261319,12,13,25,0,22,1,1.131463,0.0,1028,52,0.969402,0.000903,699,52,1
31.220.1.83,192.168.10.5,202304261319,7,4,11,0,23,1,9.600115,0.048688,60,40,9.85131,0.255938,60,44,1
182.71.6.166,192.168.10.5,202304261319,4,3,7,0,3389,1,0.292495,0.000613,83,40,0.235414,0.03863,59,40,1
43.138.63.240,192.168.10.5,202304261319,2,2,4,0,6379,1,1.268478,1.268478,60,40,1.010122,1.010122,60,60,1
190.212.34.7,192.168.10.5,202304261319,8,7,15,0,1433,1,0.301732,0.0,242,40,0.598108,0.0,114,40,1
58.209.210.42,192.168.10.5,202304261319,1,6,7,0,23,1,-10000,-10000,44,44,16.243786,1.007617,44,44,1
193.57.40.49,192.168.10.5,202304261319,3,1,4,0,6937,1,0.251106,0.024653,44,40,-10000,-10000,44,44,1
94.102.61.44,192.168.10.5,202304261318,7,11,18,0,46548,1,77.733471,0.0003,260,44,46.075011,0.0,60,44,1
198.199.100.61,192.168.10.5,202304261319,1,6,7,0,6667,1,-10000,-10000,44,44,16.243556,1.007928,44,44,1
103.162.36.21,192.168.10.5,202304261319,12,9,21,0,3389,1,7.220896,0.000685,83,40,7.338412,0.031107,59,40,1
103.89.12.92,192.168.10.5,202304261319,6,4,10,0,2222,1,30.7704,0.002263,44,40,1.204514,0.0,44,40,1
36.134.102.251,192.168.10.5,202304261319,6,6,12,0,5900,1,0.357484,0.0,64,52,0.357484,0.001148,64,52,1
143.110.215.181,192.168.10.5,202304261319,4,4,8,0,7093,1,1.284579,0.0,60,52,1.28096,0.0,60,52,1
194.55.224.63,192.168.10.5,202304261320,8,9,17,0,25,1,0.248025,0.002116,52,40,0.247352,0.000472,112,40,1
170.187.233.183,192.168.10.5,202304261320,4,3,7,0,3389,1,0.206746,0.001718,83,40,0.171545,0.035133,59,40,1
107.170.239.10,192.168.10.5,202304261319,1,6,7,0,2096,1,-10000,-10000,44,44,16.239779,1.038783,44,44,1
113.27.37.12,192.168.10.5,202304261320,2,3,5,0,23,1,3.324156,3.324156,44,40,2.030186,1.037085,44,44,1
61.177.172.90,192.168.10.5,202304261320,6,7,13,0,22,1,36.453835,1e-06,67,40,19.590482,0.509751,75,60,1
164.92.118.96,192.168.10.5,202304261320,12,13,25,0,22,1,1.129798,1e-06,1028,52,0.974447,0.00103,699,52,1
124.223.169.131,192.168.10.5,202304261320,5,5,10,0,5900,1,0.180844,0.0,64,52,0.181542,0.000846,64,52,1
124.222.197.135,192.168.10.5,202304261320,6,6,12,0,5900,1,0.464819,0.0,64,52,0.464819,0.000701,64,52,1
106.75.157.197,192.168.10.5,202304261320,3,1,4,0,5222,1,0.680339,0.211488,44,40,-10000,-10000,44,44,1
182.71.6.166,192.168.10.5,202304261320,4,3,7,0,3389,1,0.37,0.000598,83,40,0.229226,0.131675,59,40,1
106.75.229.76,192.168.10.5,202304261320,35,32,67,0,5222,1,1.189032,0.0,295,52,1.159142,0.0,60,52,1
114.220.52.74,192.168.10.5,202304261321,6,5,11,0,23,1,1.005678,0.050111,60,40,0.997376,0.258507,60,44,1
36.156.3.200,192.168.10.5,202304261321,6,5,11,0,22,1,0.129298,1e-06,72,52,0.127545,0.002106,676,52,1
94.102.61.6,192.168.10.5,202304261319,7,11,18,0,12362,1,92.343442,0.0,260,44,60.549063,0.000143,60,44,1
220.220.248.1,192.168.10.5,202304261311,37,37,0,74,44043,33,59.313008,0.0,125,91,59.311026,0.0,75,58,1
160.44.201.156,192.168.10.5,202304261316,166,193,359,0,49200,17,34.404449,0.0,4136,40,34.393364,0.0,5505,40,1
64.62.197.33,192.168.10.5,202304261321,2,1,3,0,8883,1,0.118732,0.118732,44,40,-10000,-10000,44,44,1
211.221.138.162,192.168.10.5,202304261322,1,0,1,0,22,1,-10000,-10000,40,40,-10000,-10000,-10000,-10000,1
96.64.67.41,192.168.10.5,202304261322,2,3,5,0,23,1,0.78547,0.78547,40,40,0.57221,4.5e-05,40,40,1
123.99.199.78,192.168.10.5,202304261322,0,2,2,0,80,1,-10000,-10000,-10000,-10000,5.413179,5.413179,52,52,1
125.124.103.150,192.168.10.5,202304261322,5,8,13,0,5900,1,1.406315,0.0,64,52,0.672717,0.001298,64,52,1
188.130.52.9,192.168.10.5,202304261322,4,4,8,0,3389,1,1.249415,0.002958,83,40,0.817564,0.107264,59,40,1
92.63.197.82,192.168.10.5,202304261322,3,1,4,0,38262,1,0.248757,0.004477,44,40,-10000,-10000,44,44,1
164.92.118.96,192.168.10.5,202304261322,12,15,27,0,22,1,1.123642,0.000903,1028,52,0.970288,0.0,676,52,1
95.214.27.202,192.168.10.5,202304261322,64,59,123,0,22,2,31.226227,0.0,5660,40,31.484363,0.0,14868,52,1
192.168.10.4,192.168.10.5,202304261322,36,13,49,0,64297,1,5.03768,-6e-06,575,52,5.03768,0.0,3876,40,1
182.71.6.166,192.168.10.5,202304261322,4,3,7,0,3389,1,0.305066,0.0,83,40,0.184001,0.119934,59,40,1
176.111.173.123,192.168.10.5,202304261323,8,9,17,0,25,1,0.290437,0.001155,52,40,0.291052,0.0005,112,40,1
192.168.3.118,172.29.148.192,202304261322,16,0,16,0,55443,1,12.861278,1.004396,60,60,-10000,-10000,-10000,-10000,0
107.170.239.10,192.168.10.5,202304261323,5,5,10,0,2096,1,1.122498,1e-06,76,52,1.008304,0.0,60,52,1
176.97.210.59,192.168.10.5,202304261319,23,28,51,0,23,1,45.75219,0.0,60,44,45.75219,1e-06,368,40,1
159.89.161.0,192.168.10.5,202304261322,7,5,12,0,22221,1,59.585269,0.0,60,40,59.764285,0.0,60,44,1
15.235.181.20,192.168.10.5,202304261323,3,18,21,0,80,2,5.958716,0.24222,52,52,10.052811,0.032716,52,52,1
104.248.150.195,192.168.10.5,202304261323,5,4,9,0,3479,1,1.103193,0.0,60,52,1.109108,0.0,60,52,1
198.199.100.61,192.168.10.5,202304261323,5,5,10,0,6667,1,1.127169,0.0,165,52,1.008729,0.0,60,52,1
182.71.6.166,192.168.10.5,202304261324,4,4,8,0,3389,1,0.227889,0.0,83,40,0.198389,9.8e-05,59,40,1
194.26.29.152,192.168.10.5,202304261324,3,1,4,0,55955,1,0.290399,0.008198,44,40,-10000,-10000,44,44,1
89.248.165.109,192.168.10.5,202304261324,3,1,4,0,13905,1,0.248723,0.002125,44,40,-10000,-10000,44,44,1
103.162.36.21,192.168.10.5,202304261323,12,10,22,0,3389,1,46.749245,0.0,83,40,46.856584,4.8e-05,59,40,1
94.102.61.6,192.168.10.5,202304261322,21,33,54,0,12361,3,28.809746,0.0,260,44,26.843119,0.0,60,44,1
222.185.136.167,192.168.10.5,202304261325,2,1,3,0,23,1,0.21656,0.21656,44,40,-10000,-10000,44,44,1
118.123.105.90,192.168.10.5,202304261324,11,11,22,0,21,1,16.783884,0.001348,60,40,17.035781,0.000895,75,44,1
111.173.80.43,192.168.10.5,202304261227,921,1159,2080,0,22,1,58.633964,0.0,972,40,58.847725,0.0,900,40,1
61.177.173.46,192.168.10.5,202304261325,11,10,21,0,22,1,0.26009,0.0,908,52,0.260346,0.001293,699,52,1
117.60.170.152,192.168.10.5,202304261325,2,1,3,0,23,1,0.224954,0.224954,44,40,-10000,-10000,44,44,1
150.158.50.247,192.168.10.5,202304261325,6,6,12,0,5900,1,1.000644,0.000253,64,52,1.000644,0.001202,64,52,1
8.140.183.211,192.168.10.5,202304261325,6,2,8,0,6379,1,1.151956,0.0,60,40,1.021942,1.021942,60,60,1
222.221.80.8,192.168.10.5,202304261325,3,1,4,0,22303,1,0.259447,0.015213,44,40,-10000,-10000,44,44,1
193.163.125.137,192.168.10.5,202304261325,2,1,3,0,21845,1,0.266638,0.266638,44,40,-10000,-10000,44,44,1
182.71.6.166,192.168.10.5,202304261326,4,3,7,0,3389,1,0.236037,0.002398,83,40,0.2057,0.021483,59,40,1
220.220.248.1,192.168.10.5,202304261322,18,18,0,36,48004,16,35.43854,0.0,125,91,35.434864,0.0,75,58,1
160.44.201.156,192.168.10.5,202304261322,137,156,293,0,37874,14,34.388754,0.0,4136,40,34.384256,0.0,6586,40,1
164.92.118.96,192.168.10.5,202304261323,36,43,79,0,22,1,65.209348,0.0,1028,52,65.330659,1e-06,699,52,1
185.180.143.83,192.168.10.5,202304261326,1,1,2,0,195,1,-10000,-10000,44,44,-10000,-10000,40,40,1
188.130.52.9,192.168.10.5,202304261326,4,3,7,0,3389,1,0.318187,0.00227,83,40,0.293906,0.026233,59,40,1
139.144.34.17,192.168.10.5,202304261326,1,0,0,1,28015,1,-10000,-10000,53,53,-10000,-10000,-10000,-10000,1
61.177.173.51,192.168.10.5,202304261326,11,10,21,0,22,1,0.265399,1e-06,908,52,0.261377,0.001149,699,52,1
159.65.144.167,192.168.10.5,202304261326,5,3,8,0,6379,1,0.257392,1e-06,66,52,0.257392,0.179215,60,52,1
61.177.173.48,192.168.10.5,202304261327,12,15,27,0,22,1,1.776595,0.0,908,52,1.735127,0.000645,699,52,1
103.162.36.21,192.168.10.5,202304261327,8,6,14,0,3389,1,0.502006,0.000635,83,40,0.635041,0.046176,59,40,1
182.71.6.166,192.168.10.5,202304261327,4,3,7,0,3389,1,0.299668,0.000606,83,40,0.198305,0.095503,59,40,1
164.92.118.96,192.168.10.5,202304261327,12,13,25,0,22,1,1.142183,0.000436,1028,52,0.975638,0.001001,699,52,1
111.173.80.43,192.168.10.5,202304261326,24,28,52,0,22,1,63.961446,0.0,700,52,64.170974,0.0,900,52,1
91.240.118.9,192.168.10.5,202304261327,31,23,54,0,8443,1,3.395443,0.0,564,52,3.392297,0.0,2856,40,1
107.170.197.164,192.168.10.5,202304261327,1,1,2,0,389,1,-10000,-10000,44,44,-10000,-10000,40,40,1
160.44.201.156,192.168.10.5,202304261327,50,55,105,0,39852,5,34.357833,0.0,4136,40,34.350154,0.0,3482,40,1
164.92.118.96,192.168.10.5,202304261328,12,14,26,0,22,1,1.13912,0.0,1028,52,0.97683,0.0001,699,52,1
103.162.36.21,192.168.10.5,202304261328,4,4,8,0,3389,1,1.156582,0.0,83,40,1.032383,0.076001,59,40,1
113.142.66.88,192.168.10.5,202304261328,5,7,12,0,5900,1,1.605686,1e-06,64,52,0.709015,0.001448,64,52,1
15.235.180.235,192.168.10.5,202304261328,2,12,14,0,443,1,0.019974,0.019974,52,52,16.243755,0.0,52,52,1
15.235.181.40,192.168.10.5,202304261328,1,6,7,0,443,1,-10000,-10000,52,52,16.239872,1.020476,52,52,1
85.208.136.96,192.168.10.5,202304261328,3,1,4,0,16382,1,0.254709,0.224213,44,40,-10000,-10000,44,44,1
119.178.173.0,192.168.10.5,202304261328,7,4,11,0,23,1,30.848341,0.060679,60,40,30.90927,0.063503,60,44,1
213.226.123.61,192.168.10.5,202304261329,3,1,4,0,1340,1,0.303557,0.0006,44,40,-10000,-10000,44,44,1
94.102.61.46,192.168.10.5,202304261329,6,7,13,0,5014,1,1.153263,1e-06,259,52,1.281394,0.0,60,40,1
182.71.6.166,192.168.10.5,202304261329,4,3,7,0,3389,1,0.347897,0.000143,83,40,0.20363,0.111479,59,40,1
104.199.31.214,192.168.10.5,202304261329,5,5,10,0,9800,1,1.237713,0.001797,315,52,1.008577,0.0,60,52,1
103.89.12.92,192.168.10.5,202304261329,6,4,10,0,2222,1,30.812794,0.0,44,40,1.182638,1e-06,44,40,1
164.92.118.96,192.168.10.5,202304261329,12,13,25,0,22,1,1.135563,0.000125,1028,52,0.978512,0.000919,699,52,1
51.15.11.91,192.168.10.5,202304261329,72,0,0,72,11211,1,0.755491,0.0,44,44,-10000,-10000,-10000,-10000,1
193.163.125.114,192.168.10.5,202304261329,2,1,3,0,20002,1,0.301984,0.301984,44,40,-10000,-10000,44,44,1
194.55.224.63,192.168.10.5,202304261330,8,9,17,0,25,1,0.254589,0.000898,52,40,0.254753,0.000183,112,40,1
107.170.227.14,192.168.10.5,202304261329,1,6,7,0,2181,1,-10000,-10000,44,44,16.239652,1.016446,44,44,1
218.7.182.12,192.168.10.5,202304261330,6,5,11,0,22,1,0.075653,0.0,72,52,0.075357,0.001745,676,52,1
188.130.52.9,192.168.10.5,202304261330,4,5,9,0,3389,1,2.078961,0.000506,83,40,0.869893,0.086834,59,40,1
211.23.95.152,192.168.10.5,202304261330,2,1,3,0,23,1,0.046942,0.046942,44,40,-10000,-10000,44,44,1
122.9.160.136,192.168.10.5,202304261330,6,6,12,0,5900,1,1.000403,0.0,64,52,1.000548,0.001481,64,52,1
182.71.6.166,192.168.10.5,202304261330,4,3,7,0,3389,1,0.254311,0.000645,83,40,0.2137,0.07029,59,40,1
61.55.180.210,192.168.10.5,202304261330,7,7,14,0,22,1,0.293126,1e-06,72,52,0.292837,0.001877,676,52,1
171.127.183.16,192.168.10.5,202304261330,2,1,3,0,2323,1,0.106947,0.106947,44,40,-10000,-10000,44,44,1
164.92.118.96,192.168.10.5,202304261330,12,13,25,0,22,1,1.13024,0.000639,1028,52,0.970419,0.001334,699,52,1
103.162.36.21,192.168.10.5,202304261330,8,6,14,0,3389,1,0.157297,0.0,83,40,0.278251,0.019274,59,40,1
192.241.193.59,192.168.10.5,202304261330,1,0,0,1,8087,1,-10000,-10000,51,51,-10000,-10000,-10000,-10000,1
45.147.250.222,192.168.10.5,202304261330,2,1,3,0,2087,1,0.270171,0.270171,44,40,-10000,-10000,44,44,1
162.142.125.83,192.168.10.5,202304261330,2,1,3,0,18043,1,0.156664,0.156664,44,40,-10000,-10000,44,44,1
162.142.125.224,192.168.10.5,202304261330,14,10,24,0,18043,1,1.16177,0.000298,295,40,1.168717,0.0,60,40,1
162.142.125.160,192.168.10.5,202304261331,2,1,3,0,18043,1,0.145365,0.145365,60,40,-10000,-10000,60,60,1
182.151.29.95,192.168.10.5,202304261331,6,6,12,0,5900,1,1.000582,0.0,64,52,1.000582,0.000516,64,52,1
118.123.105.90,192.168.10.5,202304261331,1,0,0,1,5353,1,-10000,-10000,74,74,-10000,-10000,-10000,-10000,1
192.241.223.14,192.168.10.5,202304261329,7,11,18,0,7001,1,88.888509,0.0,165,44,57.136233,1e-06,60,44,1
51.15.11.91,192.168.10.5,202304261331,28,0,0,28,11211,1,0.637485,0.0,44,44,-10000,-10000,-10000,-10000,1
106.13.222.253,192.168.10.5,202304261331,5,5,10,0,5900,1,0.224646,0.005664,64,52,0.223407,0.001687,64,52,1
185.156.73.121,192.168.10.5,202304261331,3,1,4,0,21425,1,0.252281,0.004484,44,40,-10000,-10000,44,44,1
121.37.176.170,192.168.10.5,202304261331,5,5,10,0,5900,1,0.198685,0.0,64,52,0.199666,0.001107,64,52,1
193.163.125.138,192.168.10.5,202304261331,2,1,3,0,4445,1,0.26142,0.26142,44,40,-10000,-10000,44,44,1
111.173.80.43,192.168.10.5,202304261328,49,64,113,0,22,1,61.007569,0.0,700,52,61.231075,0.00019,900,52,1
115.50.8.165,192.168.10.5,202304261331,7,4,11,0,23,1,30.420657,0.004746,60,40,30.611926,0.203515,60,44,1
164.92.118.96,192.168.10.5,202304261331,12,13,25,0,22,1,1.138532,1e-06,1028,52,0.974089,0.001089,699,52,1
162.241.70.133,192.168.10.5,202304261332,4,4,8,0,50124,1,1.180977,0.0,44,40,1.186369,1e-06,44,40,1
124.78.206.79,192.168.10.5,202304261332,6,7,13,0,5900,1,1.17962,0.000343,64,52,1.013212,0.001453,64,52,1
182.71.6.166,192.168.10.5,202304261332,4,4,8,0,3389,1,0.232375,1e-06,83,40,0.168987,0.0,59,40,1
167.94.138.100,192.168.10.5,202304261332,2,1,3,0,2052,1,0.2353,0.2353,44,40,-10000,-10000,44,44,1
167.248.133.167,192.168.10.5,202304261332,2,1,3,0,49690,1,0.142761,0.142761,44,40,-10000,-10000,44,44,1
94.102.61.28,192.168.10.5,202304261332,1,6,7,0,2199,1,-10000,-10000,44,44,16.239757,1.011955,44,44,1
167.94.138.51,192.168.10.5,202304261332,14,10,24,0,2052,1,1.249689,0.0,295,40,1.246142,0.0,60,40,1
167.248.133.49,192.168.10.5,202304261332,13,9,22,0,49690,1,1.148448,0.000596,295,52,1.140418,0.0,60,52,1
162.142.125.160,192.168.10.5,202304261332,4,2,6,0,2052,2,1.356965,0.143224,60,40,1.507528,1.507528,60,60,1
58.211.207.70,192.168.10.5,202304261332,5,5,10,0,5900,1,0.737608,0.0,64,52,0.738694,0.001537,64,52,1
103.93.181.253,192.168.10.5,202304261332,6,5,11,0,22,1,0.115676,1e-06,72,52,0.113808,0.001954,676,52,1
15.235.181.20,192.168.10.5,202304261331,17,76,93,0,443,2,11.596421,0.0,52,52,5.671015,0.0,52,44,1
103.162.36.21,192.168.10.5,202304261332,4,3,7,0,3389,1,0.171837,0.001108,83,40,0.140407,0.033049,59,40,1
152.89.196.222,192.168.10.5,202304261333,12,6,18,0,80,1,0.259146,0.0,286,52,0.24836,0.0,10854,52,1
103.207.36.13,192.168.10.5,202304261333,2,1,3,0,3389,1,0.586869,0.586869,44,40,-10000,-10000,44,44,1
185.233.19.94,192.168.10.5,202304261333,2,1,3,0,443,1,0.14508,0.14508,44,44,-10000,-10000,44,44,1
192.168.3.117,172.29.148.192,202304261331,20,0,20,0,55443,1,12.863991,1.003887,60,60,-10000,-10000,-10000,-10000,0
107.170.227.14,192.168.10.5,202304261333,5,5,10,0,2181,1,1.132047,0.0,76,52,1.008433,0.0,60,52,1
150.158.34.228,192.168.10.5,202304261333,5,5,10,0,5900,1,0.212452,0.0,64,52,0.211356,0.00095,64,52,1
194.26.29.86,192.168.10.5,202304261333,3,1,4,0,2934,1,0.292178,0.037836,44,40,-10000,-10000,44,44,1
89.248.165.109,192.168.10.5,202304261333,16,15,31,0,12813,1,1.263635,0.0,115,52,1.009088,0.0,60,52,1
43.143.3.213,192.168.10.5,202304261333,4,3,7,0,3389,1,0.21694,1e-06,83,40,0.171274,0.046479,59,40,1
172.81.60.61,192.168.10.5,202304261333,6,5,11,0,5900,1,0.172826,0.000894,52,40,0.188156,0.00129,52,40,1
223.13.20.148,192.168.10.5,202304261332,34,37,71,0,23,1,26.981251,0.0,125,40,27.206632,0.000684,1035,44,1
36.134.122.227,192.168.10.5,202304261333,7,8,15,0,5900,1,1.053969,0.0,64,52,1.014183,0.001501,64,52,1
157.7.50.126,192.168.10.5,202304261333,4,3,7,0,3389,1,0.1073,0.0,83,40,0.098358,0.011514,59,40,1
182.71.6.166,192.168.10.5,202304261333,4,3,7,0,3389,1,0.239481,0.001205,83,40,0.18724,0.050175,59,40,1
164.92.118.96,192.168.10.5,202304261333,24,27,51,0,22,1,66.840343,0.000248,1028,52,66.960739,0.0,699,52,1
101.34.37.129,192.168.10.5,202304261334,5,5,10,0,5900,1,0.166261,0.0,64,52,0.165083,0.001549,64,52,1
188.130.52.9,192.168.10.5,202304261334,4,3,7,0,3389,1,0.367613,0.000741,83,40,0.299493,0.017628,59,40,1
103.162.36.21,192.168.10.5,202304261334,8,6,14,0,3389,1,0.362588,0.0,83,40,0.472145,0.045782,59,40,1
194.26.29.152,192.168.10.5,202304261334,3,1,4,0,8350,1,0.299971,0.024742,44,40,-10000,-10000,44,44,1
42.176.32.17,192.168.10.5,202304261332,5,13,18,0,22,1,0.555958,0.0,72,52,49.843074,0.002145,676,52,1
135.125.249.154,192.168.10.5,202304261333,3,18,21,0,80,2,43.651997,0.394389,52,52,16.239662,0.386727,52,52,1
114.132.248.19,192.168.10.5,202304261334,6,6,12,0,5900,1,0.992328,0.0,64,52,0.992328,0.001006,64,52,1
23.224.186.50,192.168.10.5,202304261335,1,0,0,1,137,1,-10000,-10000,78,78,-10000,-10000,-10000,-10000,1
111.173.80.43,192.168.10.5,202304261332,37,46,83,0,22,1,62.025221,0.0,700,52,62.258881,0.0,900,52,1
49.12.45.220,192.168.10.5,202304261335,6,6,12,0,25565,1,1.271729,0.000594,71,52,1.008699,0.0,60,52,1
49.75.174.103,192.168.10.5,202304261335,2,2,4,0,23,1,1.238952,1.238952,44,40,1.03318,1.03318,44,44,1
164.92.118.96,192.168.10.5,202304261335,12,14,26,0,22,1,1.131337,0.0,1028,52,0.975587,0.000195,699,52,1
213.226.123.61,192.168.10.5,202304261335,3,1,4,0,1217,1,0.282093,0.002094,44,40,-10000,-10000,44,44,1
61.177.173.51,192.168.10.5,202304261335,11,11,22,0,22,1,0.914519,0.0,908,52,0.679367,0.001007,699,52,1
66.94.109.227,192.168.10.5,202304261335,3,1,4,0,22,1,0.164077,0.01548,44,40,-10000,-10000,44,44,1
162.243.140.13,192.168.10.5,202304261335,1,6,7,0,7777,1,-10000,-10000,44,44,16.240055,1.014876,44,44,1
167.248.133.135,192.168.10.5,202304261335,2,1,3,0,993,1,0.141472,0.141472,44,40,-10000,-10000,44,44,1
182.71.6.166,192.168.10.5,202304261335,4,3,7,0,3389,1,0.265717,0.001199,83,40,0.222592,0.039745,59,40,1
167.248.133.52,192.168.10.5,202304261335,9,6,15,0,993,1,0.147406,0.000347,295,52,0.155549,0.000749,1410,52,1
162.142.125.160,192.168.10.5,202304261335,2,1,3,0,993,1,0.156069,0.156069,60,40,-10000,-10000,60,60,1
124.223.57.237,192.168.10.5,202304261335,5,5,10,0,5900,1,0.19456,0.0,64,52,0.193686,0.0007,64,52,1
185.156.73.121,192.168.10.5,202304261334,6,2,8,0,5411,2,67.293443,1e-06,44,40,67.544206,67.544206,44,44,1
94.102.61.46,192.168.10.5,202304261336,5,6,11,0,5071,1,1.026852,0.04144,259,52,1.240261,0.0,60,40,1
117.253.104.0,192.168.10.5,202304261336,7,6,13,0,80,1,3.182717,6.5e-05,371,52,3.42071,9.4e-05,212,52,1
164.92.118.96,192.168.10.5,202304261336,12,14,26,0,22,1,1.126924,5.7e-05,1028,52,0.975669,0.000195,699,52,1
218.25.111.19,192.168.10.5,202304261336,7,5,12,0,22,1,0.118632,0.0,72,52,0.119589,0.001782,676,52,1
183.250.153.34,192.168.10.5,202304261335,3,8,11,0,3389,1,6.007844,3.019172,52,48,16.239406,1.030158,52,52,1
182.71.6.166,192.168.10.5,202304261337,4,3,7,0,3389,1,0.327602,0.0,83,40,0.185608,0.139604,59,40,1
111.173.80.43,192.168.10.5,202304261336,26,31,57,0,22,1,56.448603,0.0,700,52,56.682323,0.0,900,52,1
94.102.61.6,192.168.10.5,202304261333,27,44,71,0,12364,4,60.688741,0.0,260,44,60.689155,0.0,60,44,1
51.15.34.47,192.168.10.5,202304261336,6,4,10,0,26665,1,30.735372,0.0,44,40,1.276901,4.3e-05,44,40,1
179.43.163.132,192.168.10.5,202304261337,6,5,11,0,4719,1,1.274903,0.0,60,40,1.274037,1e-06,60,44,1
164.92.118.96,192.168.10.5,202304261337,12,14,26,0,22,1,1.126357,0.000344,1028,52,0.976225,9.9e-05,699,52,1
197.248.10.44,192.168.10.5,202304261337,1,6,7,0,5001,1,-10000,-10000,44,44,16.239718,1.013932,44,44,1
192.168.10.4,192.168.10.5,202304261337,32,11,43,0,64297,1,5.037966,0.0,575,52,5.038007,0.0,3876,52,1
103.162.36.21,192.168.10.5,202304261337,12,9,21,0,3389,1,47.002759,0.0,83,40,47.135632,0.025316,59,40,1
185.156.73.121,192.168.10.5,202304261338,3,1,4,0,31321,1,0.255688,0.003482,44,40,-10000,-10000,44,44,1
106.126.11.144,192.168.10.5,202304261337,1,6,7,0,80,1,-10000,-10000,52,52,16.239864,1.008055,52,52,1
188.130.52.9,192.168.10.5,202304261338,4,3,7,0,3389,1,0.561443,0.001154,83,40,0.295115,0.080576,59,40,1
61.177.172.114,192.168.10.5,202304261338,12,12,24,0,22,1,0.453017,0.000146,908,40,0.45272,0.000945,699,52,1
167.94.145.17,192.168.10.5,202304261338,2,1,3,0,51540,1,0.250881,0.250881,44,40,-10000,-10000,44,44,1
167.94.145.60,192.168.10.5,202304261338,14,10,24,0,51540,1,1.25473,0.0,295,40,1.256044,1e-06,60,40,1
111.173.80.43,192.168.10.5,202304261338,12,14,26,0,22,1,1.276154,0.0,700,52,0.977465,0.0,900,52,1
193.163.125.137,192.168.10.5,202304261338,2,1,3,0,22490,1,0.270204,0.270204,44,40,-10000,-10000,44,44,1
182.71.6.166,192.168.10.5,202304261339,4,3,7,0,3389,1,0.238573,0.000944,83,40,0.178661,0.05234,59,40,1
185.156.73.53,192.168.10.5,202304261339,3,1,4,0,3044,1,0.251075,0.002113,44,40,-10000,-10000,44,44,1
162.243.140.13,192.168.10.5,202304261339,6,5,11,0,7777,1,1.129572,1e-06,165,52,1.008423,0.0,60,52,1
185.224.128.17,192.168.10.5,202304261339,2,1,3,0,9036,1,0.263028,0.263028,44,40,-10000,-10000,44,44,1
31.220.3.140,192.168.10.5,202304261339,2,1,3,0,23,1,0.250792,0.250792,44,40,-10000,-10000,44,44,1
91.240.118.221,192.168.10.5,202304261339,3,1,4,0,1589,1,0.27819,0.002415,44,40,-10000,-10000,44,44,1
1.34.69.11,192.168.10.5,202304261339,2,1,3,0,23,1,0.047081,0.047081,44,40,-10000,-10000,44,44,1
101.66.248.34,192.168.10.5,202304261336,171,329,500,0,22,1,50.319135,0.0,1024,52,16.49707,0.0,699,40,1
194.55.224.63,192.168.10.5,202304261339,8,9,17,0,25,1,0.243691,0.0,52,40,0.243504,0.000188,112,40,1
194.110.203.85,192.168.10.5,202304261340,115,96,211,0,5433,24,0.967524,0.0,134,40,0.971105,0.0,83,40,1
185.224.128.15,192.168.10.5,202304261340,2,1,3,0,44443,1,0.258046,0.258046,44,40,-10000,-10000,44,44,1
106.13.223.201,192.168.10.5,202304261340,5,6,11,0,5900,1,0.878491,0.0,64,52,0.664378,0.000696,64,52,1
103.238.110.134,192.168.10.5,202304261340,4,3,7,0,3389,1,0.388483,6.6e-05,83,40,0.306002,0.079609,59,40,1
182.71.6.166,192.168.10.5,202304261340,4,4,8,0,3389,1,0.233581,0.0,83,40,0.210536,0.0,59,40,1
61.177.173.48,192.168.10.5,202304261340,11,12,23,0,22,1,0.82421,1e-06,908,52,0.618507,0.000143,699,52,1
14.98.206.173,192.168.10.5,202304261340,20,14,34,0,25,1,0.90232,0.038128,400,52,1.121226,0.000147,124,52,1
192.168.3.118,172.29.148.192,202304261339,20,0,20,0,55443,1,12.83746,1.002547,60,60,-10000,-10000,-10000,-10000,0
40.112.186.222,192.168.10.5,202304261340,7,4,11,0,23,1,30.636414,0.027947,60,40,30.745968,0.116737,60,44,1
223.13.65.97,192.168.10.5,202304261340,50,41,91,0,23,1,4.648029,0.000598,125,40,5.324023,0.0,1027,44,1
162.243.145.15,192.168.10.5,202304261339,6,11,17,0,2304,1,93.363108,1e-06,76,44,61.755608,0.0,60,44,1
207.90.244.3,192.168.10.5,202304261341,18,14,32,0,2062,1,2.222612,0.0,303,40,2.375038,0.0,60,44,1
61.177.172.104,192.168.10.5,202304261341,5,2,7,0,22,1,0.416128,0.000638,908,52,0.213064,0.213064,75,60,1
106.112.222.42,192.168.10.5,202304261341,5,5,10,0,5900,1,0.234113,0.0,64,52,0.233364,0.001584,64,52,1
182.61.47.229,192.168.10.5,202304261341,5,5,10,0,5900,1,0.220965,0.0,64,52,0.221445,0.001106,64,52,1
45.95.146.59,192.168.10.5,202304261341,12,11,23,0,22,1,1.260383,0.0,1012,52,0.971687,0.001445,699,52,1
103.162.36.21,192.168.10.5,202304261341,12,9,21,0,3389,1,7.600146,1e-06,83,40,7.725224,0.067134,59,40,1
49.213.204.50,192.168.10.5,202304261341,8,6,14,0,23,1,31.065756,0.0009,60,40,31.305591,0.060782,60,40,1
152.32.180.171,192.168.10.5,202304261341,19,19,38,0,8401,1,1.336313,0.0,322,52,1.314451,0.0,60,52,1
27.128.163.191,192.168.10.5,202304261341,5,3,8,0,6379,1,0.255284,0.000979,66,52,0.25514,0.233522,60,52,1
61.177.172.108,192.168.10.5,202304261341,11,12,23,0,22,1,0.61962,0.0,908,52,0.578207,1e-06,699,52,1
143.208.24.90,192.168.10.5,202304261341,1,0,0,1,27015,1,-10000,-10000,53,53,-10000,-10000,-10000,-10000,1
128.14.134.170,192.168.10.5,202304261341,3,3,0,6,161,1,0.004309,1e-06,71,71,0.042776,0.00253,95,95,1
188.130.52.9,192.168.10.5,202304261341,3,3,6,0,3389,1,0.386945,0.357485,83,40,0.386945,0.028341,59,40,1
94.102.61.28,192.168.10.5,202304261340,2,12,14,0,2304,2,76.158106,76.158106,44,44,44.53831,1.009885,44,44,1
222.187.49.131,192.168.10.5,202304261342,3,2,5,0,41709,1,0.2154,0.016253,44,40,0.231205,0.231205,44,40,1
220.220.248.1,192.168.10.5,202304261327,61,61,0,122,47021,53,55.251988,0.0,125,91,55.240863,0.0,75,58,1
89.248.165.59,192.168.10.5,202304261342,3,1,4,0,4901,1,0.241499,0.023606,44,40,-10000,-10000,44,44,1
182.71.6.166,192.168.10.5,202304261342,4,3,7,0,3389,1,0.25588,0.000593,83,40,0.212098,0.042037,59,40,1
64.62.197.93,192.168.10.5,202304261342,2,1,3,0,1723,1,0.119751,0.119751,44,40,-10000,-10000,44,44,1
66.240.236.119,192.168.10.5,202304261342,2,1,3,0,1604,1,0.129627,0.129627,44,40,-10000,-10000,44,44,1
135.125.249.154,192.168.10.5,202304261341,11,63,74,0,80,2,37.076903,0.016387,52,52,16.239696,0.0,52,52,1
94.102.61.44,192.168.10.5,202304261341,7,11,18,0,49157,1,64.04808,0.0,260,44,32.343362,0.0,60,44,1
64.62.197.92,192.168.10.5,202304261343,6,4,10,0,1723,1,0.11916,0.003548,196,40,0.126498,0.002201,196,40,1
36.138.197.31,192.168.10.5,202304261343,8,12,20,0,5900,1,1.64498,0.000296,64,52,0.773269,0.001148,64,52,1
36.133.130.233,192.168.10.5,202304261343,5,5,10,0,5900,1,0.166231,0.0,64,52,0.165037,0.001052,64,52,1
87.236.176.172,192.168.10.5,202304261343,5,6,11,0,1099,1,1.267612,0.0,60,52,1.269309,0.0,60,40,1
124.222.93.58,192.168.10.5,202304261343,5,5,10,0,5900,1,0.189155,7e-05,64,52,0.188354,0.000702,64,52,1
61.177.172.104,192.168.10.5,202304261343,1,1,2,0,22,1,-10000,-10000,40,40,-10000,-10000,52,52,1
106.75.251.199,192.168.10.5,202304261343,5,5,10,0,5900,1,0.200413,0.0,64,52,0.20113,0.000852,64,52,1
8.219.76.192,192.168.10.5,202304261343,6,4,10,0,22,1,0.089123,0.0,44,40,0.086391,0.000159,63,40,1
87.236.176.158,192.168.10.5,202304261343,4,4,8,0,1099,1,1.277375,0.0,60,52,1.271356,0.0,60,52,1
182.71.6.166,192.168.10.5,202304261343,4,3,7,0,3389,1,0.220154,0.000295,83,40,0.187165,0.032048,59,40,1
87.236.176.179,192.168.10.5,202304261343,5,5,10,0,1099,1,1.279737,0.000298,624,52,1.261419,0.0,60,40,1
198.199.101.240,192.168.10.5,202304261343,1,0,0,1,8181,1,-10000,-10000,51,51,-10000,-10000,-10000,-10000,1
128.14.134.170,192.168.10.5,202304261343,3,3,0,6,161,1,0.002216,0.000296,71,71,0.042638,0.023014,95,95,1
111.173.80.43,192.168.10.5,202304261339,65,84,149,0,22,1,63.667485,0.0,700,40,63.882334,0.0,900,40,1
218.7.182.8,192.168.10.5,202304261343,7,5,12,0,22,1,0.280881,0.078319,72,52,0.640125,0.001769,676,52,1
87.236.176.148,192.168.10.5,202304261343,5,5,10,0,1099,1,1.272334,0.0,124,52,1.271338,0.0,60,40,1
185.161.248.233,192.168.10.5,202304261344,4,4,8,0,5921,1,1.284482,0.0,52,40,1.284341,0.0,52,40,1
87.236.176.154,192.168.10.5,202304261344,5,5,10,0,1099,1,1.277316,0.001277,78,52,1.273656,0.0,60,40,1
124.223.169.131,192.168.10.5,202304261344,5,5,10,0,5900,1,0.195099,0.0,64,52,0.195639,0.000343,64,52,1
124.222.197.135,192.168.10.5,202304261344,5,5,10,0,5900,1,0.179949,0.0,64,52,0.179507,0.000654,64,52,1
87.236.176.181,192.168.10.5,202304261344,5,5,10,0,1099,1,1.274753,0.000297,61,52,1.274698,0.0,60,40,1
46.102.153.243,192.168.10.5,202304261344,9,6,15,0,3306,1,0.365827,0.0,94,52,0.364307,0.006408,108,52,1
87.236.176.178,192.168.10.5,202304261344,5,5,10,0,1099,1,1.270212,0.0,96,52,1.267966,0.0,60,40,1
194.26.29.86,192.168.10.5,202304261344,3,1,4,0,6411,1,0.292841,0.022304,44,40,-10000,-10000,44,44,1
43.239.120.6,192.168.10.5,202304261344,6,5,11,0,22,1,0.096622,0.000153,72,52,0.094091,0.001999,676,52,1
87.236.176.156,192.168.10.5,202304261344,10,10,20,0,1099,1,1.269492,0.000296,166,52,1.27493,0.0,60,40,1
111.173.80.43,192.168.10.5,202304261344,12,14,26,0,22,1,1.23003,0.0,700,52,0.973785,0.0,900,52,1
61.177.172.53,192.168.10.5,202304261345,11,14,25,0,22,1,1.506391,0.0,908,52,0.676779,0.0,699,52,1
167.94.146.28,192.168.10.5,202304261345,2,1,3,0,46133,1,0.266428,0.266428,44,40,-10000,-10000,44,44,1
190.43.249.155,192.168.10.5,202304261344,4,9,13,0,22,1,4.010464,1.000641,60,60,16.239645,0.967607,60,60,1
101.200.227.135,192.168.10.5,202304261345,7,3,10,0,6379,1,0.107962,0.0,66,40,0.109472,0.0,60,40,1
167.94.146.59,192.168.10.5,202304261345,14,10,24,0,46133,1,1.286991,0.0,295,40,1.266621,0.0,60,40,1
119.23.67.0,192.168.10.5,202304261345,6,5,11,0,5900,1,0.269891,0.029807,64,52,0.371152,0.000898,64,52,1
94.102.61.28,192.168.10.5,202304261345,1,6,7,0,3060,1,-10000,-10000,44,44,16.239722,1.020476,44,44,1
179.43.177.243,192.168.10.5,202304261345,8,6,14,0,8001,1,1.280935,0.0,60,40,1.008786,0.0,60,44,1
185.180.143.85,192.168.10.5,202304261345,1,1,2,0,554,1,-10000,-10000,44,44,-10000,-10000,40,40,1
36.134.102.251,192.168.10.5,202304261345,5,5,10,0,5900,1,0.108718,0.0,64,52,0.10777,0.000948,64,52,1
59.29.239.109,192.168.10.5,202304261345,4,4,8,0,5800,1,1.052409,0.000644,60,52,1.052578,0.0,60,52,1
182.71.6.166,192.168.10.5,202304261345,4,3,7,0,3389,1,0.243803,0.000346,83,40,0.209917,0.027275,59,40,1
123.131.172.71,192.168.10.5,202304261345,1,0,0,1,5060,1,-10000,-10000,42,42,-10000,-10000,-10000,-10000,1
188.130.52.9,192.168.10.5,202304261345,4,3,7,0,3389,1,0.397387,0.007738,83,40,0.300546,0.046551,59,40,1
192.241.193.15,192.168.10.5,202304261344,6,11,17,0,8001,1,65.744005,0.000112,165,44,34.086895,1e-06,60,44,1
103.162.36.21,192.168.10.5,202304261345,12,9,21,0,3389,1,31.684216,1e-06,83,40,31.79383,0.057207,59,40,1
139.59.9.45,192.168.10.5,202304261346,1,1,2,0,522,1,-10000,-10000,44,44,-10000,-10000,40,40,1
111.173.80.43,192.168.10.5,202304261346,12,14,26,0,22,1,1.239511,0.0,700,52,0.977767,0.001192,900,52,1
80.66.77.238,192.168.10.5,202304261346,8,5,13,0,7000,1,1.304781,0.000301,60,40,1.30451,0.0,60,44,1
43.155.104.170,192.168.10.5,202304261346,3,1,4,0,2375,1,0.112915,0.085447,44,40,-10000,-10000,44,44,1
167.94.138.108,192.168.10.5,202304261346,2,1,3,0,2078,1,0.240807,0.240807,44,40,-10000,-10000,44,44,1
167.94.138.52,192.168.10.5,202304261346,10,8,18,0,2078,1,1.003046,0.000796,94,40,1.243856,0.0,60,40,1
162.142.125.160,192.168.10.5,202304261346,2,1,3,0,2078,1,0.144724,0.144724,60,40,-10000,-10000,60,60,1
195.230.103.250,192.168.10.5,202304261346,2,1,3,0,5631,1,0.24159,0.24159,44,40,-10000,-10000,44,44,1
182.71.6.166,192.168.10.5,202304261346,4,3,7,0,3389,1,0.247906,0.0,83,40,0.164361,0.082457,59,40,1
111.173.80.43,192.168.10.5,202304261347,13,17,30,0,22,1,1.884793,1e-06,700,52,0.585255,0.000928,900,52,1
85.208.136.244,192.168.10.5,202304261347,8,9,17,0,25,1,0.252888,0.000896,52,40,0.2526,0.000553,112,40,1
91.240.118.71,192.168.10.5,202304261347,3,1,4,0,9598,1,0.270211,0.002148,44,40,-10000,-10000,44,44,1
122.228.216.213,192.168.10.5,202304261346,2,12,14,0,80,2,2.450135,2.450135,52,52,13.666003,0.418935,52,52,1
125.124.103.150,192.168.10.5,202304261347,5,5,10,0,5900,1,0.191833,0.0,64,52,0.191427,0.001341,64,52,1
89.248.165.52,192.168.10.5,202304261342,36,65,101,0,2229,1,28.647222,1.01135,60,60,28.59023,0.002063,60,40,1
192.241.224.14,192.168.10.5,202304261347,1,6,7,0,2323,1,-10000,-10000,44,44,16.239615,1.008952,44,44,1
113.2.121.19,192.168.10.5,202304261347,6,5,11,0,22,1,0.085798,0.0,72,52,0.086481,0.001803,676,52,1
218.7.182.11,192.168.10.5,202304261347,6,5,11,0,22,1,0.087266,0.0,72,52,0.085493,0.002129,676,52,1
152.89.196.222,192.168.10.5,202304261347,6,5,11,0,2375,1,1.256793,0.0,304,52,1.007947,0.0,60,52,1
51.15.11.91,192.168.10.5,202304261346,100,0,0,100,11211,1,43.795161,0.0,44,44,-10000,-10000,-10000,-10000,1
218.7.182.13,192.168.10.5,202304261348,6,5,11,0,22,1,0.078269,0.0,72,52,0.081661,0.001992,676,52,1
150.158.50.247,192.168.10.5,202304261348,5,6,11,0,5900,1,0.698609,1e-06,64,52,0.52542,0.000927,64,52,1
64.62.197.5,192.168.10.5,202304261348,1,1,2,0,212,1,-10000,-10000,44,44,-10000,-10000,40,40,1
223.68.146.18,192.168.10.5,202304261348,4,6,10,0,10026,1,3.365832,0.000187,48,40,2.029726,0.0,44,40,1
172.105.82.111,192.168.10.5,202304261348,9,7,16,0,443,1,0.242213,0.0,295,52,0.240257,0.0,1487,40,1
183.136.225.9,192.168.10.5,202304261348,1,6,7,0,7002,1,-10000,-10000,44,44,16.239641,1.016823,44,44,1
182.71.6.166,192.168.10.5,202304261348,4,3,7,0,3389,1,0.257974,0.00063,83,40,0.181615,0.073901,59,40,1
220.220.248.1,192.168.10.5,202304261343,24,24,0,48,39936,22,35.430915,0.0,125,91,35.432798,0.0,75,58,1
103.162.36.21,192.168.10.5,202304261349,7,7,14,0,3389,1,0.654516,0.0,83,40,0.786557,0.0,59,40,1
103.231.70.184,192.168.10.5,202304261349,6,5,11,0,22,1,0.109324,1e-06,72,52,0.1102,0.001605,676,52,1
111.173.80.43,192.168.10.5,202304261348,26,32,58,0,22,1,64.724832,0.0,700,52,64.978856,0.000295,900,52,1
167.94.146.23,192.168.10.5,202304261349,2,1,3,0,12694,1,0.25084,0.25084,44,40,-10000,-10000,44,44,1
167.94.146.58,192.168.10.5,202304261349,14,10,24,0,12694,1,1.355719,0.0,295,40,1.341443,0.0,60,40,1
194.55.224.63,192.168.10.5,202304261349,8,9,17,0,25,1,0.255646,0.000894,52,40,0.255145,0.000444,112,40,1
188.130.52.9,192.168.10.5,202304261349,4,3,7,0,3389,1,0.471291,0.000605,83,40,0.300658,0.08163,59,40,1
35.195.241.126,192.168.10.5,202304261349,6,5,11,0,9800,1,1.23686,0.000297,313,52,1.008037,0.0,60,52,1
103.100.67.70,192.168.10.5,202304261349,6,5,11,0,22,1,0.114604,0.0,72,52,0.115196,0.001943,676,52,1
34.77.127.183,192.168.10.5,202304261350,5,5,10,0,9002,1,1.240452,0.008337,272,52,1.008486,0.0,60,52,1
192.241.224.14,192.168.10.5,202304261350,5,5,10,0,2323,1,1.127815,0.0009,76,52,1.008594,3.1e-05,60,52,1
182.71.6.166,192.168.10.5,202304261350,4,3,7,0,3389,1,0.272989,0.002348,83,40,0.204552,0.065415,59,40,1
103.162.36.21,192.168.10.5,202304261350,4,3,7,0,3389,1,0.190038,0.000653,83,40,0.119659,0.067177,59,40,1
218.25.103.213,192.168.10.5,202304261350,4,3,7,0,1433,1,0.143512,0.000642,52,40,0.127326,0.021135,52,40,1
34.76.158.233,192.168.10.5,202304261350,15,12,27,0,21,1,0.234734,0.0,69,52,0.235509,0.000596,110,52,1
192.241.209.125,192.168.10.5,202304261350,1,6,7,0,8008,1,-10000,-10000,44,44,16.239781,1.034861,44,44,1
43.143.3.213,192.168.10.5,202304261350,4,3,7,0,3389,1,0.34482,0.002096,83,40,0.218518,0.112943,59,40,1
111.173.80.43,192.168.10.5,202304261350,12,15,27,0,22,1,1.814791,0.0,700,52,0.9778,0.000601,900,52,1
185.224.128.213,192.168.10.5,202304261350,1,0,1,0,80,1,-10000,-10000,89,89,-10000,-10000,-10000,-10000,1
185.142.239.16,192.168.10.5,202304261350,18,14,32,0,3561,1,1.258633,1e-06,303,40,1.262871,0.0,60,44,1
152.89.196.222,192.168.10.5,202304261350,12,10,22,0,3000,1,1.257495,0.0,66,40,1.009029,1e-06,60,52,1
195.3.147.52,192.168.10.5,202304261350,10,12,22,0,22,1,1.285441,0.001551,944,40,0.974738,0.000939,888,40,1
216.218.206.89,192.168.10.5,202304261351,2,1,3,0,1200,1,0.11624,0.11624,44,40,-10000,-10000,44,44,1
184.22.13.109,192.168.10.5,202304261350,15,81,96,0,80,2,32.207,0.017614,52,52,15.98203,0.0,52,44,1
182.71.6.166,192.168.10.5,202304261352,4,3,7,0,3389,1,0.211493,0.000624,83,40,0.172019,0.03863,59,40,1
216.218.206.77,192.168.10.5,202304261352,5,5,10,0,1200,1,1.123635,0.0,48,40,1.008965,0.0,48,40,1
192.241.209.125,192.168.10.5,202304261352,6,5,11,0,8008,1,1.123919,0.0,165,52,1.007643,0.0,60,52,1
110.52.27.29,192.168.10.5,202304261352,7,5,12,0,22,1,0.274091,0.0,72,52,0.347897,0.00225,676,52,1
157.230.56.253,192.168.10.5,202304261352,1,1,2,0,1007,1,-10000,-10000,44,44,-10000,-10000,40,40,1
103.162.36.21,192.168.10.5,202304261352,8,6,14,0,3389,1,0.268385,0.0,83,40,0.316922,0.047686,59,40,1
192.168.10.4,192.168.10.5,202304261352,34,12,46,0,64297,1,5.039926,-8e-06,575,52,5.039953,0.0,3876,40,1
8.130.45.138,192.168.10.5,202304261352,7,3,10,0,6379,1,0.130432,0.0,66,40,0.137075,1e-06,60,40,1
64.62.197.34,192.168.10.5,202304261352,1,1,2,0,789,1,-10000,-10000,44,44,-10000,-10000,40,40,1
61.177.173.46,192.168.10.5,202304261351,3,12,15,0,22,1,0.205781,0.0,67,52,45.372099,0.004837,699,52,1
192.168.3.117,172.29.148.192,202304261351,20,0,20,0,55443,1,12.922453,1.005627,60,60,-10000,-10000,-10000,-10000,0
89.248.163.200,192.168.10.5,202304261353,3,1,4,0,9999,1,0.241599,0.006787,44,40,-10000,-10000,44,44,1
111.173.80.43,192.168.10.5,202304261351,25,28,53,0,22,1,69.069488,0.0,700,52,69.278982,0.000574,900,52,1
152.89.196.222,192.168.10.5,202304261353,5,5,10,0,8088,1,1.260625,0.0,265,52,1.00886,0.0,60,52,1
182.71.6.166,192.168.10.5,202304261353,4,3,7,0,3389,1,0.20265,0.002331,83,40,0.181891,0.02058,59,40,1
87.236.176.229,192.168.10.5,202304261353,4,4,8,0,21109,1,1.252307,0.002034,60,52,1.251885,0.0,60,52,1
51.15.52.121,192.168.10.5,202304261353,14,12,26,0,25571,1,13.518976,0.0,74,40,13.781897,0.0,60,40,1
113.142.66.88,192.168.10.5,202304261353,5,5,10,0,5900,1,0.238686,1e-06,64,52,0.238222,0.001169,64,52,1
87.236.176.247,192.168.10.5,202304261353,5,5,10,0,21109,1,1.260733,0.0,624,52,1.258323,0.0,60,40,1
188.130.52.9,192.168.10.5,202304261353,3,3,6,0,3389,1,0.508757,0.287966,83,40,0.287967,0.039536,59,40,1
87.236.176.250,192.168.10.5,202304261353,5,5,10,0,21109,1,1.2747,0.0,124,52,1.273304,0.0,60,40,1
207.154.210.100,192.168.10.5,202304261353,3,1,4,0,4210,1,0.265217,0.016594,44,40,-10000,-10000,44,44,1
34.79.57.245,192.168.10.5,202304261353,10,10,20,0,9009,2,40.586734,1e-06,316,52,40.587779,0.0,60,52,1
87.236.176.237,192.168.10.5,202304261354,5,5,10,0,21109,1,1.268927,0.0,78,52,1.267357,0.0,60,40,1
35.240.44.240,192.168.10.5,202304261354,5,5,10,0,5986,1,1.237258,0.001996,272,52,1.007789,0.0,60,52,1
61.177.173.36,192.168.10.5,202304261354,12,12,24,0,22,1,0.998247,0.0,908,52,0.998247,0.000294,699,52,1
46.3.197.33,192.168.10.5,202304261354,3,1,4,0,3306,1,0.340444,0.003266,44,40,-10000,-10000,44,44,1
89.248.165.214,192.168.10.5,202304261354,3,1,4,0,24396,1,0.237743,0.003343,44,40,-10000,-10000,44,44,1
111.173.80.43,192.168.10.5,202304261354,12,14,26,0,22,1,1.24897,6.3e-05,700,52,0.976032,0.000445,900,52,1
94.131.98.15,192.168.10.5,202304261354,3,1,4,0,3306,1,0.26865,0.002333,44,40,-10000,-10000,44,44,1
87.236.176.239,192.168.10.5,202304261354,5,5,10,0,21109,1,1.26148,0.0,61,52,1.265341,0.0,60,40,1
34.77.127.183,192.168.10.5,202304261354,5,5,10,0,55443,1,1.240471,0.0,272,52,1.008145,0.000144,60,52,1
89.248.165.14,192.168.10.5,202304261354,21,16,37,0,32413,1,1.266072,0.0,111,40,1.009006,0.0,60,52,1
103.162.36.21,192.168.10.5,202304261354,4,3,7,0,3389,1,0.164437,0.001197,83,40,0.14312,0.021317,59,40,1
112.226.3.175,192.168.10.5,202304261354,7,4,11,0,23,1,31.434807,0.048201,60,40,31.498572,0.065213,60,44,1
87.236.176.249,192.168.10.5,202304261354,5,5,10,0,21109,1,1.275077,0.0,96,52,1.273499,0.0,60,40,1
87.121.221.52,192.168.10.5,202304261354,6,4,10,0,6378,1,1.250489,0.0,151,40,1.008642,0.0,52,40,1
87.236.176.235,192.168.10.5,202304261354,10,10,20,0,21109,1,1.274598,0.0,166,52,1.265763,0.0,60,40,1
45.79.186.176,192.168.10.5,202304261355,2,1,3,0,80,1,0.1674,0.1674,44,40,-10000,-10000,44,44,1
35.187.98.121,192.168.10.5,202304261355,5,5,10,0,5006,1,1.237758,0.001193,272,52,1.008483,0.0,60,52,1
34.79.57.245,192.168.10.5,202304261355,5,5,10,0,8880,1,1.238313,0.000598,272,52,1.008481,1e-06,60,52,1
106.13.222.253,192.168.10.5,202304261355,5,5,10,0,5900,1,0.252015,0.008033,64,52,0.253426,0.000615,64,52,1
182.151.29.95,192.168.10.5,202304261355,5,5,10,0,5900,1,0.253247,0.0,64,52,0.252984,0.000845,64,52,1
182.71.6.166,192.168.10.5,202304261355,4,3,7,0,3389,1,0.215823,1e-06,83,40,0.166327,0.051253,59,40,1
66.70.188.238,192.168.10.5,202304261355,3,2,5,0,22,1,1.206654,0.00192,44,40,1.027253,1.027253,44,44,1
150.158.34.228,192.168.10.5,202304261355,6,7,13,0,5900,1,0.465311,0.0,64,52,0.463816,0.001495,64,52,1
89.248.165.14,192.168.10.5,202304261355,18,15,33,0,36420,1,1.252259,0.0,111,40,1.008837,0.0,60,52,1
92.118.39.82,192.168.10.5,202304261355,1,1,2,0,85,1,-10000,-10000,44,44,-10000,-10000,40,40,1
104.237.62.211,192.168.10.5,202304261356,11,13,24,0,60386,1,0.134447,0.0,2628,52,0.128806,0.0,575,40,1
167.94.145.21,192.168.10.5,202304261356,2,1,3,0,46359,1,0.242509,0.242509,44,40,-10000,-10000,44,44,1
167.94.145.59,192.168.10.5,202304261356,14,10,24,0,46359,1,1.255343,0.0,295,40,1.243996,0.0,60,40,1
122.9.160.136,192.168.10.5,202304261356,6,7,13,0,5900,1,0.59722,0.0,64,52,0.466932,0.000865,64,52,1
103.162.36.21,192.168.10.5,202304261356,8,6,14,0,3389,1,0.749918,0.000605,83,40,0.892298,0.036816,59,40,1
61.177.173.51,192.168.10.5,202304261354,3,12,15,0,22,1,0.209418,0.0,67,52,45.368078,0.00497,699,52,1
184.22.15.248,192.168.10.5,202304261354,18,84,102,0,80,2,42.670316,0.0,52,52,15.98172,0.0,52,44,1
38.84.24.12,192.168.10.5,202304261355,22,38,60,0,443,2,39.363895,0.005633,52,40,39.511541,0.005633,52,44,1
198.199.110.132,192.168.10.5,202304261356,1,6,7,0,2362,1,-10000,-10000,44,44,16.239762,1.021858,44,44,1
185.94.111.1,192.168.10.5,202304261356,1,0,0,1,161,1,-10000,-10000,61,61,-10000,-10000,-10000,-10000,1
111.173.80.43,192.168.10.5,202304261355,26,32,58,0,22,1,64.952015,0.0,700,52,65.185327,0.000799,900,52,1
182.71.6.166,192.168.10.5,202304261356,4,3,7,0,3389,1,0.260322,0.0,83,40,0.181985,0.077177,59,40,1
39.155.242.104,192.168.10.5,202304261356,6,5,11,0,22,1,0.143936,0.0,72,52,0.148007,0.002453,676,52,1
34.77.127.183,192.168.10.5,202304261356,10,10,20,0,3689,2,1.244002,0.0,316,52,1.00911,0.0,60,52,1
121.37.176.170,192.168.10.5,202304261356,5,5,10,0,5900,1,0.172373,1e-06,64,52,0.173268,0.00112,64,52,1
151.236.216.123,192.168.10.5,202304261356,2,1,3,0,1521,1,0.23326,0.23326,44,40,-10000,-10000,44,44,1
207.154.210.100,192.168.10.5,202304261357,5,4,9,0,4210,1,1.273816,0.0,60,52,1.270192,0.0,60,52,1
218.7.182.9,192.168.10.5,202304261357,6,5,11,0,22,1,0.080464,0.0,72,52,0.080802,0.001908,676,52,1
36.134.122.227,192.168.10.5,202304261357,5,5,10,0,5900,1,0.133686,1e-06,64,52,0.132645,0.001041,64,52,1
176.53.200.54,192.168.10.5,202304261357,4,4,8,0,22147,1,1.298716,1e-06,44,40,1.299046,0.0,44,40,1
188.130.52.9,192.168.10.5,202304261357,4,3,7,0,3389,1,0.319338,1e-06,83,40,0.290692,0.022802,59,40,1
198.199.110.132,192.168.10.5,202304261357,5,5,10,0,2362,1,1.124845,0.0,76,52,1.007814,0.0,60,52,1
114.132.248.19,192.168.10.5,202304261357,6,7,13,0,5900,1,1.00041,1e-06,64,52,1.000549,0.001409,64,52,1
111.173.80.43,192.168.10.5,202304261357,13,15,28,0,22,1,1.774195,0.000855,700,52,1.72971,0.000495,900,52,1
59.44.142.214,192.168.10.5,202304261357,7,10,17,0,22,1,1.693192,0.0,72,52,1.001795,0.001997,676,52,1
61.177.173.39,192.168.10.5,202304261356,3,12,15,0,22,1,0.217669,0.001253,67,52,43.305744,0.003849,699,52,1
123.103.20.39,192.168.10.5,202304261358,6,6,12,0,22,1,0.453669,0.0,72,52,0.345134,0.001898,676,52,1
177.223.99.137,192.168.10.5,202304261358,4,3,7,0,445,1,0.299677,0.000647,52,40,0.291221,0.004966,52,40,1
101.34.37.129,192.168.10.5,202304261358,5,6,11,0,5900,1,0.722744,0.0,64,52,0.54769,0.001395,64,52,1
107.170.227.33,192.168.10.5,202304261358,1,0,0,1,9042,1,-10000,-10000,51,51,-10000,-10000,-10000,-10000,1
34.22.147.120,192.168.10.5,202304261358,5,5,10,0,3790,1,1.239199,3.6e-05,272,52,1.008809,0.0,60,52,1
182.71.6.166,192.168.10.5,202304261358,4,3,7,0,3389,1,0.239484,1e-06,83,40,0.199854,0.035663,59,40,1
198.199.109.221,192.168.10.5,202304261357,7,11,18,0,8081,1,72.281622,0.000242,165,44,40.488498,0.0,60,44,1
