accuracy,f1_score,precision,recall
1.0,1.0,1.0,1.0
1.0,1.0,1.0,1.0
1.0,1.0,1.0,1.0
1.0,1.0,1.0,1.0
1.0,1.0,1.0,1.0
1.0,1.0,1.0,1.0
1.0,1.0,1.0,1.0
1.0,1.0,1.0,1.0
1.0,1.0,1.0,1.0
1.0,1.0,1.0,1.0
0.9986111111111111,1.0,0.9985974754558204,0.9992982456140351
0.9982993197278912,1.0,0.9982817869415808,0.999140154772141
1.0,1.0,1.0,1.0
1.0,1.0,1.0,1.0
1.0,1.0,1.0,1.0
1.0,1.0,1.0,1.0
1.0,1.0,1.0,1.0
1.0,1.0,1.0,1.0
0.9987577639751553,1.0,0.9987484355444305,0.9993738259236068
1.0,1.0,1.0,1.0
0.9987515605493134,1.0,0.9987405541561712,0.9993698802772527
0.9988165680473373,1.0,0.99880810488677,0.9994036970781157
1.0,1.0,1.0,1.0
1.0,1.0,1.0,1.0
0.9983948635634029,1.0,0.9983792544570502,0.9991889699918897
1.0,1.0,1.0,1.0
1.0,1.0,1.0,1.0
1.0,1.0,1.0,1.0
1.0,1.0,1.0,1.0
1.0,1.0,1.0,1.0
1.0,1.0,1.0,1.0
1.0,1.0,1.0,1.0
0.9988372093023256,1.0,0.9988276670574443,0.9994134897360704
1.0,1.0,1.0,1.0
1.0,1.0,1.0,1.0
1.0,1.0,1.0,1.0
1.0,1.0,1.0,1.0
0.9985855728429985,1.0,0.9985714285714286,0.9992852037169406
1.0,1.0,1.0,1.0
0.9978494623655914,1.0,0.9978354978354979,0.9989165763813651
1.0,1.0,1.0,1.0
1.0,1.0,1.0,1.0
0.9962779156327544,1.0,0.99625,0.9981214777708203
1.0,1.0,1.0,1.0
1.0,1.0,1.0,1.0
1.0,1.0,1.0,1.0
1.0,1.0,1.0,1.0
1.0,1.0,1.0,1.0
1.0,1.0,1.0,1.0
1.0,1.0,1.0,1.0
1.0,1.0,1.0,1.0
1.0,1.0,1.0,1.0
1.0,1.0,1.0,1.0
1.0,1.0,1.0,1.0
0.9977578475336323,1.0,0.9977426636568849,0.9988700564971752
0.9991266375545852,1.0,0.9991220368744512,0.9995608256477821
1.0,1.0,1.0,1.0
1.0,1.0,1.0,1.0
1.0,1.0,1.0,1.0
1.0,1.0,1.0,1.0
1.0,1.0,1.0,1.0
1.0,1.0,1.0,1.0
1.0,1.0,1.0,1.0
1.0,1.0,1.0,1.0
1.0,1.0,1.0,1.0
1.0,1.0,1.0,1.0
1.0,1.0,1.0,1.0
1.0,1.0,1.0,1.0
1.0,1.0,1.0,1.0
0.9984939759036144,1.0,0.9984802431610942,0.9992395437262357
1.0,1.0,1.0,1.0
1.0,1.0,1.0,1.0
1.0,1.0,1.0,1.0
1.0,1.0,1.0,1.0
1.0,1.0,1.0,1.0
1.0,1.0,1.0,1.0
0.9986824769433466,1.0,0.99867197875166,0.9993355481727575
1.0,1.0,1.0,1.0
1.0,1.0,1.0,1.0
1.0,1.0,1.0,1.0
1.0,1.0,1.0,1.0
1.0,1.0,1.0,1.0
1.0,1.0,1.0,1.0
0.9985207100591716,1.0,0.9985052316890882,0.9992520568436799
1.0,1.0,1.0,1.0
1.0,1.0,1.0,1.0
1.0,1.0,1.0,1.0
1.0,1.0,1.0,1.0
1.0,1.0,1.0,1.0
1.0,1.0,1.0,1.0
1.0,1.0,1.0,1.0
1.0,1.0,1.0,1.0
1.0,1.0,1.0,1.0
0.9975579975579976,1.0,0.997539975399754,0.9987684729064039
1.0,1.0,1.0,1.0
1.0,1.0,1.0,1.0
1.0,1.0,1.0,1.0
1.0,1.0,1.0,1.0
0.9983792544570502,1.0,0.9983525535420099,0.9991755976916735
1.0,1.0,1.0,1.0
1.0,1.0,1.0,1.0
1.0,1.0,1.0,1.0
1.0,1.0,1.0,1.0
1.0,1.0,1.0,1.0
1.0,1.0,1.0,1.0
1.0,1.0,1.0,1.0
1.0,1.0,1.0,1.0
1.0,1.0,1.0,1.0
1.0,1.0,1.0,1.0
1.0,1.0,1.0,1.0
1.0,1.0,1.0,1.0
0.9987212276214834,1.0,0.9987096774193548,0.9993544222078761
0.998567335243553,1.0,0.9985528219971056,0.999275887038378
1.0,1.0,1.0,1.0
1.0,1.0,1.0,1.0
1.0,1.0,1.0,1.0
1.0,1.0,1.0,1.0
1.0,1.0,1.0,1.0
1.0,1.0,1.0,1.0
1.0,1.0,1.0,1.0
1.0,1.0,1.0,1.0
1.0,1.0,1.0,1.0
1.0,1.0,1.0,1.0
1.0,1.0,1.0,1.0
1.0,1.0,1.0,1.0
1.0,1.0,1.0,1.0
1.0,1.0,1.0,1.0
1.0,1.0,1.0,1.0
1.0,1.0,1.0,1.0
1.0,1.0,1.0,1.0
1.0,1.0,1.0,1.0
1.0,1.0,1.0,1.0
0.9985380116959064,1.0,0.9985250737463127,0.9992619926199262
1.0,1.0,1.0,1.0
0.998211091234347,1.0,0.9981884057971014,0.99909338168631
1.0,1.0,1.0,1.0
1.0,1.0,1.0,1.0
1.0,1.0,1.0,1.0
1.0,1.0,1.0,1.0
0.9981343283582089,1.0,0.9981132075471698,0.9990557129367328
0.9986149584487535,1.0,0.9986013986013986,0.9993002099370188
1.0,1.0,1.0,1.0
1.0,1.0,1.0,1.0
1.0,1.0,1.0,1.0
1.0,1.0,1.0,1.0
1.0,1.0,1.0,1.0
1.0,1.0,1.0,1.0
1.0,1.0,1.0,1.0
1.0,1.0,1.0,1.0
1.0,1.0,1.0,1.0
1.0,1.0,1.0,1.0
1.0,1.0,1.0,1.0
1.0,1.0,1.0,1.0
1.0,1.0,1.0,1.0
1.0,1.0,1.0,1.0
1.0,1.0,1.0,1.0
1.0,1.0,1.0,1.0
1.0,1.0,1.0,1.0
0.9990654205607477,1.0,0.9990601503759399,0.999529854254819
0.9990757855822551,1.0,0.9990689013035382,0.999534233814625
1.0,1.0,1.0,1.0
1.0,1.0,1.0,1.0
1.0,1.0,1.0,1.0
0.9991967871485944,1.0,0.9991915925626516,0.9995956328346138
1.0,1.0,1.0,1.0
0.9992932862190813,1.0,0.9992897727272727,0.9996447602131439
0.9973718791064389,1.0,0.9973509933774835,0.9986737400530504
1.0,1.0,1.0,1.0
0.9965576592082617,1.0,0.9965156794425087,0.9982547993019197
1.0,1.0,1.0,1.0
1.0,1.0,1.0,1.0
1.0,1.0,1.0,1.0
1.0,1.0,1.0,1.0
1.0,1.0,1.0,1.0
1.0,1.0,1.0,1.0
1.0,1.0,1.0,1.0
1.0,1.0,1.0,1.0
1.0,1.0,1.0,1.0
1.0,1.0,1.0,1.0
1.0,1.0,1.0,1.0
1.0,1.0,1.0,1.0
1.0,1.0,1.0,1.0
1.0,1.0,1.0,1.0
1.0,1.0,1.0,1.0
1.0,1.0,1.0,1.0
1.0,1.0,1.0,1.0
1.0,1.0,1.0,1.0
1.0,1.0,1.0,1.0
1.0,1.0,1.0,1.0
1.0,1.0,1.0,1.0
1.0,1.0,1.0,1.0
0.99867197875166,1.0,0.998661311914324,0.999330207635633
1.0,1.0,1.0,1.0
1.0,1.0,1.0,1.0
1.0,1.0,1.0,1.0
1.0,1.0,1.0,1.0
1.0,1.0,1.0,1.0
1.0,1.0,1.0,1.0
1.0,1.0,1.0,1.0
0.9981751824817519,1.0,0.9981549815498155,0.9990766389658357
1.0,1.0,1.0,1.0
0.9987179487179487,1.0,0.9987080103359173,0.9993535875888817
1.0,1.0,1.0,1.0
1.0,1.0,1.0,1.0
1.0,1.0,1.0,1.0
1.0,1.0,1.0,1.0
0.9986225895316805,1.0,0.9986091794158554,0.9993041057759221
0.9987437185929648,1.0,0.9987325728770595,0.9993658845909955
1.0,1.0,1.0,1.0
1.0,1.0,1.0,1.0
1.0,1.0,1.0,1.0
1.0,1.0,1.0,1.0
1.0,1.0,1.0,1.0
1.0,1.0,1.0,1.0
1.0,1.0,1.0,1.0
0.9984126984126984,1.0,0.9983974358974359,0.9991980753809142
1.0,1.0,1.0,1.0
1.0,1.0,1.0,1.0
0.9985815602836879,1.0,0.9985693848354793,0.9992841803865425
1.0,1.0,1.0,1.0
1.0,1.0,1.0,1.0
0.9981916817359855,1.0,0.9981684981684982,0.999083409715857
1.0,1.0,1.0,1.0
1.0,1.0,1.0,1.0
1.0,1.0,1.0,1.0
1.0,1.0,1.0,1.0
0.9987864077669902,1.0,0.9987775061124694,0.999388379204893
1.0,1.0,1.0,1.0
1.0,1.0,1.0,1.0
1.0,1.0,1.0,1.0
1.0,1.0,1.0,1.0
1.0,1.0,1.0,1.0
1.0,1.0,1.0,1.0
1.0,1.0,1.0,1.0
0.9907749077490775,1.0,0.9906716417910447,0.9953139643861293
0.9893428063943162,1.0,0.9892086330935251,0.9945750452079566
0.9923518164435946,1.0,0.9922480620155039,0.9961089494163424
1.0,1.0,1.0,1.0
0.9966850828729282,1.0,0.996662958843159,0.9983286908077994
1.0,1.0,1.0,1.0
1.0,1.0,1.0,1.0
1.0,1.0,1.0,1.0
1.0,1.0,1.0,1.0
1.0,1.0,1.0,1.0
0.9981412639405205,1.0,0.9981203007518797,0.9990592662276576
0.9985775248933144,1.0,0.9985632183908046,0.9992810927390366
1.0,1.0,1.0,1.0
1.0,1.0,1.0,1.0
1.0,1.0,1.0,1.0
1.0,1.0,1.0,1.0
1.0,1.0,1.0,1.0
1.0,1.0,1.0,1.0
1.0,1.0,1.0,1.0
1.0,1.0,1.0,1.0
0.9973045822102425,1.0,0.9972826086956522,0.998639455782313
1.0,1.0,1.0,1.0
1.0,1.0,1.0,1.0
0.9964788732394366,1.0,0.9964349376114082,0.9982142857142857
1.0,1.0,1.0,1.0
0.9986893840104849,1.0,0.9986772486772487,0.99933818663137
0.99836867862969,1.0,0.9983525535420099,0.9991755976916735
1.0,1.0,1.0,1.0
1.0,1.0,1.0,1.0
1.0,1.0,1.0,1.0
0.9982078853046595,1.0,0.9981884057971014,0.99909338168631
1.0,1.0,1.0,1.0
1.0,1.0,1.0,1.0
1.0,1.0,1.0,1.0
0.9985734664764622,1.0,0.9985611510791367,0.9992800575953924
1.0,1.0,1.0,1.0
1.0,1.0,1.0,1.0
0.998567335243553,1.0,0.9985528219971056,0.999275887038378
1.0,1.0,1.0,1.0
1.0,1.0,1.0,1.0
1.0,1.0,1.0,1.0
1.0,1.0,1.0,1.0
1.0,1.0,1.0,1.0
1.0,1.0,1.0,1.0
1.0,1.0,1.0,1.0
1.0,1.0,1.0,1.0
1.0,1.0,1.0,1.0
1.0,1.0,1.0,1.0
1.0,1.0,1.0,1.0
1.0,1.0,1.0,1.0
1.0,1.0,1.0,1.0
1.0,1.0,1.0,1.0
1.0,1.0,1.0,1.0
1.0,1.0,1.0,1.0
1.0,1.0,1.0,1.0
1.0,1.0,1.0,1.0
1.0,1.0,1.0,1.0
1.0,1.0,1.0,1.0
1.0,1.0,1.0,1.0
1.0,1.0,1.0,1.0
1.0,1.0,1.0,1.0
1.0,1.0,1.0,1.0
1.0,1.0,1.0,1.0
1.0,1.0,1.0,1.0
1.0,1.0,1.0,1.0
1.0,1.0,1.0,1.0
1.0,1.0,1.0,1.0
1.0,1.0,1.0,1.0
1.0,1.0,1.0,1.0
1.0,1.0,1.0,1.0
1.0,1.0,1.0,1.0
1.0,1.0,1.0,1.0
1.0,1.0,1.0,1.0
1.0,1.0,1.0,1.0
1.0,1.0,1.0,1.0
1.0,1.0,1.0,1.0
1.0,1.0,1.0,1.0
1.0,1.0,1.0,1.0
1.0,1.0,1.0,1.0
1.0,1.0,1.0,1.0
1.0,1.0,1.0,1.0
1.0,1.0,1.0,1.0
0.9985590778097982,1.0,0.998546511627907,0.9992727272727273
1.0,1.0,1.0,1.0
1.0,1.0,1.0,1.0
1.0,1.0,1.0,1.0
1.0,1.0,1.0,1.0
1.0,1.0,1.0,1.0
0.99867197875166,1.0,0.998661311914324,0.999330207635633
1.0,1.0,1.0,1.0
1.0,1.0,1.0,1.0
1.0,1.0,1.0,1.0
1.0,1.0,1.0,1.0
1.0,1.0,1.0,1.0
1.0,1.0,1.0,1.0
0.9987012987012988,1.0,0.9986893840104849,0.999344262295082
1.0,1.0,1.0,1.0
1.0,1.0,1.0,1.0
1.0,1.0,1.0,1.0
1.0,1.0,1.0,1.0
0.9975990396158463,1.0,0.9975816203143894,0.9987893462469734
1.0,1.0,1.0,1.0
1.0,1.0,1.0,1.0
0.998567335243553,1.0,0.9985549132947977,0.9992769342010123
1.0,1.0,1.0,1.0
0.9985029940119761,1.0,0.9984871406959153,0.9992429977289932
1.0,1.0,1.0,1.0
1.0,1.0,1.0,1.0
1.0,1.0,1.0,1.0
1.0,1.0,1.0,1.0
1.0,1.0,1.0,1.0
0.9985250737463127,1.0,0.9985096870342772,0.9992542878448919
1.0,1.0,1.0,1.0
1.0,1.0,1.0,1.0
1.0,1.0,1.0,1.0
0.9986522911051213,1.0,0.998639455782313,0.9993192648059904
0.9973718791064389,1.0,0.9973474801061007,0.99867197875166
1.0,1.0,1.0,1.0
0.9986486486486487,1.0,0.9986376021798365,0.9993183367416496
1.0,1.0,1.0,1.0
0.998371335504886,1.0,0.9983552631578947,0.9991769547325103
1.0,1.0,1.0,1.0
1.0,1.0,1.0,1.0
0.9983361064891847,1.0,0.9983136593591906,0.99915611814346
0.9986033519553073,1.0,0.9985915492957746,0.9992952783650458
1.0,1.0,1.0,1.0
1.0,1.0,1.0,1.0
1.0,1.0,1.0,1.0
1.0,1.0,1.0,1.0
1.0,1.0,1.0,1.0
1.0,1.0,1.0,1.0
1.0,1.0,1.0,1.0
1.0,1.0,1.0,1.0
0.9989384288747346,1.0,0.9989304812834224,0.9994649545211343
1.0,1.0,1.0,1.0
1.0,1.0,1.0,1.0
1.0,1.0,1.0,1.0
1.0,1.0,1.0,1.0
1.0,1.0,1.0,1.0
1.0,1.0,1.0,1.0
1.0,1.0,1.0,1.0
1.0,1.0,1.0,1.0
1.0,1.0,1.0,1.0
1.0,1.0,1.0,1.0
1.0,1.0,1.0,1.0
0.9987515605493134,1.0,0.9987421383647799,0.9993706733794839
1.0,1.0,1.0,1.0
1.0,1.0,1.0,1.0
1.0,1.0,1.0,1.0
1.0,1.0,1.0,1.0
0.9986928104575163,1.0,0.9986824769433466,0.999340804218853
1.0,1.0,1.0,1.0
1.0,1.0,1.0,1.0
1.0,1.0,1.0,1.0
1.0,1.0,1.0,1.0
1.0,1.0,1.0,1.0
1.0,1.0,1.0,1.0
0.9984152139461173,1.0,0.9983948635634029,0.9991967871485944
1.0,1.0,1.0,1.0
1.0,1.0,1.0,1.0
1.0,1.0,1.0,1.0
1.0,1.0,1.0,1.0
1.0,1.0,1.0,1.0
1.0,1.0,1.0,1.0
1.0,1.0,1.0,1.0
1.0,1.0,1.0,1.0
1.0,1.0,1.0,1.0
1.0,1.0,1.0,1.0
1.0,1.0,1.0,1.0
1.0,1.0,1.0,1.0
1.0,1.0,1.0,1.0
1.0,1.0,1.0,1.0
0.9984917043740573,1.0,0.9984732824427481,0.9992360580595875
1.0,1.0,1.0,1.0
1.0,1.0,1.0,1.0
0.9982935153583617,1.0,0.9982758620689656,0.999137187230371
1.0,1.0,1.0,1.0
1.0,1.0,1.0,1.0
0.9987293519695044,1.0,0.998719590268886,0.9993593850096092
1.0,1.0,1.0,1.0
0.9986754966887417,1.0,0.9986648865153538,0.9993319973279893
1.0,1.0,1.0,1.0
1.0,1.0,1.0,1.0
1.0,1.0,1.0,1.0
1.0,1.0,1.0,1.0
1.0,1.0,1.0,1.0
1.0,1.0,1.0,1.0
1.0,1.0,1.0,1.0
0.9985401459854014,1.0,0.9985272459499264,0.9992630803242447
1.0,1.0,1.0,1.0
1.0,1.0,1.0,1.0
1.0,1.0,1.0,1.0
1.0,1.0,1.0,1.0
1.0,1.0,1.0,1.0
0.9983870967741936,1.0,0.99836867862969,0.9991836734693877
1.0,1.0,1.0,1.0
1.0,1.0,1.0,1.0
0.9984639016897081,1.0,0.9984496124031008,0.9992242048099301
1.0,1.0,1.0,1.0
1.0,1.0,1.0,1.0
1.0,1.0,1.0,1.0
1.0,1.0,1.0,1.0
1.0,1.0,1.0,1.0
1.0,1.0,1.0,1.0
0.9991319444444444,1.0,0.9991258741258742,0.9995627459554001
1.0,1.0,1.0,1.0
1.0,1.0,1.0,1.0
1.0,1.0,1.0,1.0
1.0,1.0,1.0,1.0
1.0,1.0,1.0,1.0
1.0,1.0,1.0,1.0
1.0,1.0,1.0,1.0
1.0,1.0,1.0,1.0
1.0,1.0,1.0,1.0
0.9966480446927374,1.0,0.9966254218222722,0.9983098591549295
1.0,1.0,1.0,1.0
1.0,1.0,1.0,1.0
1.0,1.0,1.0,1.0
1.0,1.0,1.0,1.0
1.0,1.0,1.0,1.0
1.0,1.0,1.0,1.0
1.0,1.0,1.0,1.0
1.0,1.0,1.0,1.0
1.0,1.0,1.0,1.0
1.0,1.0,1.0,1.0
1.0,1.0,1.0,1.0
0.998792270531401,1.0,0.9987834549878345,0.9993913572732805
1.0,1.0,1.0,1.0
1.0,1.0,1.0,1.0
0.9921875,1.0,0.9921156373193167,0.996042216358839
1.0,1.0,1.0,1.0
1.0,1.0,1.0,1.0
0.9954476479514416,1.0,0.9954058192955589,0.9976976208749041
1.0,1.0,1.0,1.0
1.0,1.0,1.0,1.0
1.0,1.0,1.0,1.0
0.9976635514018691,1.0,0.9976470588235294,0.9988221436984688
1.0,1.0,1.0,1.0
1.0,1.0,1.0,1.0
1.0,1.0,1.0,1.0
1.0,1.0,1.0,1.0
1.0,1.0,1.0,1.0
1.0,1.0,1.0,1.0
1.0,1.0,1.0,1.0
1.0,1.0,1.0,1.0
1.0,1.0,1.0,1.0
1.0,1.0,1.0,1.0
1.0,1.0,1.0,1.0
1.0,1.0,1.0,1.0
1.0,1.0,1.0,1.0
1.0,1.0,1.0,1.0
1.0,1.0,1.0,1.0
1.0,1.0,1.0,1.0
1.0,1.0,1.0,1.0
1.0,1.0,1.0,1.0
0.9984544049459042,1.0,0.9984399375975039,0.9992193598750976
1.0,1.0,1.0,1.0
1.0,1.0,1.0,1.0
1.0,1.0,1.0,1.0
1.0,1.0,1.0,1.0
0.9963636363636363,1.0,0.9963369963369964,0.998165137614679
1.0,1.0,1.0,1.0
1.0,1.0,1.0,1.0
1.0,1.0,1.0,1.0
1.0,1.0,1.0,1.0
1.0,1.0,1.0,1.0
0.9985443959243085,1.0,0.9985294117647059,0.9992641648270787
0.9988193624557261,1.0,0.9988095238095238,0.9994044073853484
1.0,1.0,1.0,1.0
1.0,1.0,1.0,1.0
1.0,1.0,1.0,1.0
1.0,1.0,1.0,1.0
1.0,1.0,1.0,1.0
0.9988950276243094,1.0,0.9988864142538976,0.9994428969359331
1.0,1.0,1.0,1.0
0.9987129987129987,1.0,0.9987029831387808,0.9993510707332901
1.0,1.0,1.0,1.0
0.9985315712187959,1.0,0.9985185185185185,0.9992587101556709
1.0,1.0,1.0,1.0
1.0,1.0,1.0,1.0
1.0,1.0,1.0,1.0
1.0,1.0,1.0,1.0
1.0,1.0,1.0,1.0
1.0,1.0,1.0,1.0
1.0,1.0,1.0,1.0
1.0,1.0,1.0,1.0
0.9987515605493134,1.0,0.9987405541561712,0.9993698802772527
1.0,1.0,1.0,1.0
0.9988789237668162,1.0,0.9988713318284425,0.9994353472614342
1.0,1.0,1.0,1.0
1.0,1.0,1.0,1.0
0.996742671009772,1.0,0.9967105263157895,0.9983525535420099
1.0,1.0,1.0,1.0
1.0,1.0,1.0,1.0
1.0,1.0,1.0,1.0
1.0,1.0,1.0,1.0
1.0,1.0,1.0,1.0
1.0,1.0,1.0,1.0
0.9968102073365231,1.0,0.9967741935483871,0.9983844911147012
1.0,1.0,1.0,1.0
1.0,1.0,1.0,1.0
0.9986013986013986,1.0,0.998589562764457,0.9992942836979535
1.0,1.0,1.0,1.0
1.0,1.0,1.0,1.0
1.0,1.0,1.0,1.0
1.0,1.0,1.0,1.0
0.9972375690607734,1.0,0.9972144846796658,0.99860529986053
1.0,1.0,1.0,1.0
1.0,1.0,1.0,1.0
1.0,1.0,1.0,1.0
1.0,1.0,1.0,1.0
1.0,1.0,1.0,1.0
1.0,1.0,1.0,1.0
1.0,1.0,1.0,1.0
0.9985052316890882,1.0,0.9984917043740573,0.999245283018868
1.0,1.0,1.0,1.0
1.0,1.0,1.0,1.0
0.9988235294117647,0.9988137603795967,1.0,0.9994065281899109
1.0,1.0,1.0,1.0
1.0,1.0,1.0,1.0
0.9985207100591716,1.0,0.9985052316890882,0.9992520568436799
1.0,1.0,1.0,1.0
0.998641304347826,1.0,0.9986301369863013,0.9993145990404386
1.0,1.0,1.0,1.0
1.0,1.0,1.0,1.0
1.0,1.0,1.0,1.0
1.0,1.0,1.0,1.0
1.0,1.0,1.0,1.0
1.0,1.0,1.0,1.0
1.0,1.0,1.0,1.0
1.0,1.0,1.0,1.0
1.0,1.0,1.0,1.0
0.9987484355444305,1.0,0.9987389659520807,0.9993690851735015
1.0,1.0,1.0,1.0
1.0,1.0,1.0,1.0
0.9984152139461173,1.0,0.9983974358974359,0.9991980753809142
1.0,1.0,1.0,1.0
1.0,1.0,1.0,1.0
1.0,1.0,1.0,1.0
1.0,1.0,1.0,1.0
1.0,1.0,1.0,1.0
1.0,1.0,1.0,1.0
0.9986504723346828,1.0,0.998639455782313,0.9993192648059904
1.0,1.0,1.0,1.0
0.9984101748807631,1.0,0.9983948635634029,0.9991967871485944
0.9984076433121019,1.0,0.998389694041868,0.9991941982272361
1.0,1.0,1.0,1.0
1.0,1.0,1.0,1.0
1.0,1.0,1.0,1.0
0.9965156794425087,1.0,0.9964726631393298,0.9982332155477032
0.9983844911147012,1.0,0.99836867862969,0.9991836734693877
0.9985974754558204,1.0,0.9985855728429985,0.9992922859164898
1.0,1.0,1.0,1.0
1.0,1.0,1.0,1.0
1.0,1.0,1.0,1.0
1.0,1.0,1.0,1.0
0.9985754985754985,1.0,0.9985611510791367,0.9992800575953924
1.0,1.0,1.0,1.0
1.0,1.0,1.0,1.0
1.0,1.0,1.0,1.0
1.0,1.0,1.0,1.0
1.0,1.0,1.0,1.0
1.0,1.0,1.0,1.0
1.0,1.0,1.0,1.0
1.0,1.0,1.0,1.0
1.0,1.0,1.0,1.0
0.9984962406015038,1.0,0.9984802431610942,0.9992395437262357
0.9980842911877394,1.0,0.998062015503876,0.9990300678952473
1.0,1.0,1.0,1.0
0.997907949790795,1.0,0.9978813559322034,0.9989395546129375
1.0,1.0,1.0,1.0
1.0,1.0,1.0,1.0
1.0,1.0,1.0,1.0
0.9952324195470799,1.0,0.9951923076923077,0.9975903614457832
1.0,1.0,1.0,1.0
1.0,1.0,1.0,1.0
1.0,1.0,1.0,1.0
0.9964726631393298,1.0,0.9964285714285714,0.998211091234347
1.0,1.0,1.0,1.0
1.0,1.0,1.0,1.0
1.0,1.0,1.0,1.0
1.0,1.0,1.0,1.0
1.0,1.0,1.0,1.0
1.0,1.0,1.0,1.0
0.9971139971139971,1.0,0.9970887918486172,0.9985422740524781
0.9979633401221996,1.0,0.9979296066252588,0.9989637305699481
1.0,1.0,1.0,1.0
0.9856733524355301,1.0,0.9855491329479769,0.992721979621543
1.0,1.0,1.0,1.0
0.998220640569395,1.0,0.9981949458483754,0.999096657633243
1.0,1.0,1.0,1.0
1.0,1.0,1.0,1.0
1.0,1.0,1.0,1.0
0.994,1.0,0.9939271255060729,0.9969543147208122
0.99822695035461,1.0,0.9982078853046595,0.9991031390134529
1.0,1.0,1.0,1.0
1.0,1.0,1.0,1.0
0.9988558352402745,1.0,0.9988479262672811,0.9994236311239193
0.9988038277511961,1.0,0.9987937273823885,0.9993964996982498
1.0,1.0,1.0,1.0
1.0,1.0,1.0,1.0
1.0,1.0,1.0,1.0
1.0,1.0,1.0,1.0
1.0,1.0,1.0,1.0
0.9984802431610942,1.0,0.9984662576687117,0.9992325402916347
0.9928952042628775,1.0,0.9927927927927928,0.9963833634719711
1.0,1.0,1.0,1.0
1.0,1.0,1.0,1.0
1.0,1.0,1.0,1.0
1.0,1.0,1.0,1.0
1.0,1.0,1.0,1.0
1.0,1.0,1.0,1.0
0.9981132075471698,1.0,0.9980916030534351,0.9990448901623686
1.0,1.0,1.0,1.0
1.0,1.0,1.0,1.0
1.0,1.0,1.0,1.0
1.0,1.0,1.0,1.0
1.0,1.0,1.0,1.0
0.998046875,1.0,0.9980237154150198,0.9990108803165183
1.0,1.0,1.0,1.0
1.0,1.0,1.0,1.0
1.0,1.0,1.0,1.0
1.0,1.0,1.0,1.0
1.0,1.0,1.0,1.0
1.0,1.0,1.0,1.0
1.0,1.0,1.0,1.0
1.0,1.0,1.0,1.0
1.0,1.0,1.0,1.0
0.99812734082397,1.0,0.9981060606060606,0.9990521327014218
1.0,1.0,1.0,1.0
1.0,1.0,1.0,1.0
0.9984399375975039,1.0,0.9984251968503937,0.9992119779353822
1.0,1.0,1.0,1.0
0.99800796812749,1.0,0.997979797979798,0.9989888776541962
1.0,1.0,1.0,1.0
1.0,1.0,1.0,1.0
1.0,1.0,1.0,1.0
1.0,1.0,1.0,1.0
1.0,1.0,1.0,1.0
1.0,1.0,1.0,1.0
1.0,1.0,1.0,1.0
1.0,1.0,1.0,1.0
1.0,1.0,1.0,1.0
1.0,1.0,1.0,1.0
1.0,1.0,1.0,1.0
1.0,1.0,1.0,1.0
0.9987623762376238,1.0,0.9987531172069826,0.9993761696818465
0.9943899018232819,1.0,0.9943422913719944,0.9971631205673759
1.0,1.0,1.0,1.0
1.0,1.0,1.0,1.0
1.0,1.0,1.0,1.0
1.0,1.0,1.0,1.0
1.0,1.0,1.0,1.0
1.0,1.0,1.0,1.0
1.0,1.0,1.0,1.0
1.0,1.0,1.0,1.0
1.0,1.0,1.0,1.0
0.998165137614679,1.0,0.9981447124304267,0.9990714948932219
1.0,1.0,1.0,1.0
1.0,1.0,1.0,1.0
0.9979879275653923,1.0,0.9979633401221996,0.9989806320081549
1.0,1.0,1.0,1.0
1.0,1.0,1.0,1.0
1.0,1.0,1.0,1.0
1.0,1.0,1.0,1.0
1.0,1.0,1.0,1.0
1.0,1.0,1.0,1.0
0.9982964224872232,1.0,0.9982788296041308,0.9991386735572783
1.0,1.0,1.0,1.0
1.0,1.0,1.0,1.0
1.0,1.0,1.0,1.0
0.9987080103359173,1.0,0.9986979166666666,0.9993485342019544
1.0,1.0,1.0,1.0
1.0,1.0,1.0,1.0
1.0,1.0,1.0,1.0
1.0,1.0,1.0,1.0
1.0,1.0,1.0,1.0
1.0,1.0,1.0,1.0
1.0,1.0,1.0,1.0
1.0,1.0,1.0,1.0
0.9985380116959064,1.0,0.9985228951255539,0.9992609016999261
0.9982758620689656,1.0,0.9982578397212544,0.999128160418483
1.0,1.0,1.0,1.0
1.0,1.0,1.0,1.0
1.0,1.0,1.0,1.0
0.9969558599695586,1.0,0.9969230769230769,0.9984591679506933
0.9982993197278912,1.0,0.9982788296041308,0.9991386735572783
1.0,1.0,1.0,1.0
0.9983136593591906,1.0,0.9982964224872232,0.9991474850809889
1.0,1.0,1.0,1.0
1.0,1.0,1.0,1.0
1.0,1.0,1.0,1.0
1.0,1.0,1.0,1.0
1.0,1.0,1.0,1.0
0.9987730061349693,1.0,0.9987639060568603,0.9993815708101422
1.0,1.0,1.0,1.0
0.998639455782313,1.0,0.9986263736263736,0.9993127147766323
1.0,1.0,1.0,1.0
1.0,1.0,1.0,1.0
1.0,1.0,1.0,1.0
0.9986013986013986,1.0,0.998589562764457,0.9992942836979535
1.0,1.0,1.0,1.0
1.0,1.0,1.0,1.0
1.0,1.0,1.0,1.0
1.0,1.0,1.0,1.0
1.0,1.0,1.0,1.0
1.0,1.0,1.0,1.0
1.0,1.0,1.0,1.0
1.0,1.0,1.0,1.0
1.0,1.0,1.0,1.0
1.0,1.0,1.0,1.0
1.0,1.0,1.0,1.0
1.0,1.0,1.0,1.0
1.0,1.0,1.0,1.0
1.0,1.0,1.0,1.0
1.0,1.0,1.0,1.0
1.0,1.0,1.0,1.0
1.0,1.0,1.0,1.0
1.0,1.0,1.0,1.0
1.0,1.0,1.0,1.0
1.0,1.0,1.0,1.0
1.0,1.0,1.0,1.0
1.0,1.0,1.0,1.0
1.0,1.0,1.0,1.0
0.998898678414097,1.0,0.9988901220865705,0.9994447529150472
1.0,1.0,1.0,1.0
1.0,1.0,1.0,1.0
1.0,1.0,1.0,1.0
0.9991063449508489,1.0,0.9991015274034142,0.9995505617977528
1.0,1.0,1.0,1.0
1.0,1.0,1.0,1.0
1.0,1.0,1.0,1.0
1.0,1.0,1.0,1.0
0.9983552631578947,1.0,0.9983361064891847,0.9991673605328892
1.0,1.0,1.0,1.0
1.0,1.0,1.0,1.0
1.0,1.0,1.0,1.0
1.0,1.0,1.0,1.0
1.0,1.0,1.0,1.0
1.0,1.0,1.0,1.0
0.9985693848354793,1.0,0.9985569985569985,0.9992779783393502
1.0,1.0,1.0,1.0
0.9986962190352021,1.0,0.9986859395532195,0.9993425378040762
1.0,1.0,1.0,1.0
1.0,1.0,1.0,1.0
1.0,1.0,1.0,1.0
1.0,1.0,1.0,1.0
0.9986130374479889,1.0,0.9986013986013986,0.9993002099370188
1.0,1.0,1.0,1.0
1.0,1.0,1.0,1.0
1.0,1.0,1.0,1.0
1.0,1.0,1.0,1.0
1.0,1.0,1.0,1.0
1.0,1.0,1.0,1.0
1.0,1.0,1.0,1.0
1.0,1.0,1.0,1.0
0.9984,1.0,0.9983818770226537,0.9991902834008097
1.0,1.0,1.0,1.0
0.9987593052109182,1.0,0.9987484355444305,0.9993738259236068
0.999031007751938,1.0,0.9990253411306043,0.999512432959532
1.0,1.0,1.0,1.0
1.0,1.0,1.0,1.0
1.0,1.0,1.0,1.0
1.0,1.0,1.0,1.0
1.0,1.0,1.0,1.0
1.0,1.0,1.0,1.0
1.0,1.0,1.0,1.0
0.9971671388101983,1.0,0.9971428571428571,0.9985693848354793
1.0,1.0,1.0,1.0
1.0,1.0,1.0,1.0
1.0,1.0,1.0,1.0
1.0,1.0,1.0,1.0
0.9974093264248705,1.0,0.9973856209150327,0.9986910994764397
1.0,1.0,1.0,1.0
1.0,1.0,1.0,1.0
0.9985007496251874,1.0,0.9984825493171472,0.9992406985573272
1.0,1.0,1.0,1.0
1.0,1.0,1.0,1.0
1.0,1.0,1.0,1.0
1.0,1.0,1.0,1.0
1.0,1.0,1.0,1.0
1.0,1.0,1.0,1.0
1.0,1.0,1.0,1.0
1.0,1.0,1.0,1.0
1.0,1.0,1.0,1.0
1.0,1.0,1.0,1.0
0.9988038277511961,1.0,0.9987951807228915,0.9993972272453285
0.9986648865153538,1.0,0.9986522911051213,0.9993256911665542
1.0,1.0,1.0,1.0
1.0,1.0,1.0,1.0
1.0,1.0,1.0,1.0
0.9986072423398329,1.0,0.9985915492957746,0.9992952783650458
1.0,1.0,1.0,1.0
1.0,1.0,1.0,1.0
1.0,1.0,1.0,1.0
1.0,1.0,1.0,1.0
1.0,1.0,1.0,1.0
0.9984802431610942,1.0,0.9984639016897081,0.9992313604919293
1.0,1.0,1.0,1.0
1.0,1.0,1.0,1.0
1.0,1.0,1.0,1.0
1.0,1.0,1.0,1.0
1.0,1.0,1.0,1.0
1.0,1.0,1.0,1.0
1.0,1.0,1.0,1.0
1.0,1.0,1.0,1.0
1.0,1.0,1.0,1.0
1.0,1.0,1.0,1.0
1.0,1.0,1.0,1.0
1.0,1.0,1.0,1.0
1.0,1.0,1.0,1.0
0.9986111111111111,1.0,0.99860529986053,0.9993021632937893
1.0,1.0,1.0,1.0
1.0,1.0,1.0,1.0
0.9991589571068125,1.0,0.9991539763113367,0.9995768091409225
1.0,1.0,1.0,1.0
1.0,1.0,1.0,1.0
0.9992138364779874,1.0,0.9992094861660079,0.9996045867931989
1.0,1.0,1.0,1.0
1.0,1.0,1.0,1.0
0.9975124378109452,1.0,0.9974979149291076,0.9987473903966597
1.0,1.0,1.0,1.0
1.0,1.0,1.0,1.0
1.0,1.0,1.0,1.0
1.0,1.0,1.0,1.0
0.9985528219971056,1.0,0.9985380116959064,0.9992684711046086
0.9985422740524781,1.0,0.9985294117647059,0.9992641648270787
1.0,1.0,1.0,1.0
1.0,1.0,1.0,1.0
0.998876404494382,1.0,0.998868778280543,0.9994340690435767
1.0,1.0,1.0,1.0
0.9986945169712794,1.0,0.9986842105263158,0.9993416721527321
1.0,1.0,1.0,1.0
1.0,1.0,1.0,1.0
1.0,1.0,1.0,1.0
1.0,1.0,1.0,1.0
0.9985029940119761,1.0,0.9984894259818731,0.999244142101285
1.0,1.0,1.0,1.0
1.0,1.0,1.0,1.0
1.0,1.0,1.0,1.0
1.0,1.0,1.0,1.0
0.9989785495403473,1.0,0.9989711934156379,0.9994853319608852
1.0,1.0,1.0,1.0
1.0,1.0,1.0,1.0
1.0,1.0,1.0,1.0
1.0,1.0,1.0,1.0
1.0,1.0,1.0,1.0
1.0,1.0,1.0,1.0
1.0,1.0,1.0,1.0
1.0,1.0,1.0,1.0
1.0,1.0,1.0,1.0
1.0,1.0,1.0,1.0
1.0,1.0,1.0,1.0
1.0,1.0,1.0,1.0
1.0,1.0,1.0,1.0
1.0,1.0,1.0,1.0
1.0,1.0,1.0,1.0
1.0,1.0,1.0,1.0
0.9987484355444305,1.0,0.9987389659520807,0.9993690851735015
1.0,1.0,1.0,1.0
1.0,1.0,1.0,1.0
0.9971671388101983,1.0,0.9971428571428571,0.9985693848354793
1.0,1.0,1.0,1.0
1.0,1.0,1.0,1.0
1.0,1.0,1.0,1.0
1.0,1.0,1.0,1.0
1.0,1.0,1.0,1.0
1.0,1.0,1.0,1.0
0.9974905897114178,1.0,0.9974715549936789,0.9987341772151899
1.0,1.0,1.0,1.0
1.0,1.0,1.0,1.0
1.0,1.0,1.0,1.0
1.0,1.0,1.0,1.0
1.0,1.0,1.0,1.0
1.0,1.0,1.0,1.0
0.9989071038251366,1.0,0.998898678414097,0.9994490358126722
1.0,1.0,1.0,1.0
1.0,1.0,1.0,1.0
1.0,1.0,1.0,1.0
1.0,1.0,1.0,1.0
1.0,1.0,1.0,1.0
1.0,1.0,1.0,1.0
0.9989868287740629,1.0,0.9989806320081549,0.9994900560938297
1.0,1.0,1.0,1.0
1.0,1.0,1.0,1.0
1.0,1.0,1.0,1.0
0.9991007194244604,1.0,0.9990958408679927,0.9995477159656264
1.0,1.0,1.0,1.0
1.0,1.0,1.0,1.0
1.0,1.0,1.0,1.0
1.0,1.0,1.0,1.0
0.9991850040749797,1.0,0.9991809991809992,0.9995903318312167
1.0,1.0,1.0,1.0
1.0,1.0,1.0,1.0
1.0,1.0,1.0,1.0
1.0,1.0,1.0,1.0
1.0,1.0,1.0,1.0
1.0,1.0,1.0,1.0
1.0,1.0,1.0,1.0
0.996993987975952,1.0,0.9969758064516129,0.9984856133266027
0.9991974317817014,1.0,0.9991928974979822,0.9995962858296327
1.0,1.0,1.0,1.0
1.0,1.0,1.0,1.0
1.0,1.0,1.0,1.0
1.0,1.0,1.0,1.0
1.0,1.0,1.0,1.0
0.9981024667931688,1.0,0.9980916030534351,0.9990448901623686
0.9991228070175439,1.0,0.9991181657848325,0.9995588883987648
1.0,1.0,1.0,1.0
1.0,1.0,1.0,1.0
1.0,1.0,1.0,1.0
1.0,1.0,1.0,1.0
0.9972677595628415,1.0,0.9972527472527473,0.9986244841815681
0.9992727272727273,1.0,0.9992695398100804,0.999634636463281
1.0,1.0,1.0,1.0
0.9991181657848325,1.0,0.999113475177305,0.9995565410199556
1.0,1.0,1.0,1.0
1.0,1.0,1.0,1.0
0.9975308641975309,1.0,0.9975186104218362,0.9987577639751553
1.0,1.0,1.0,1.0
0.9950199203187251,1.0,0.9949849548645938,0.9974861739567622
1.0,1.0,1.0,1.0
0.9989373007438895,1.0,0.9989304812834224,0.9994649545211343
1.0,1.0,1.0,1.0
0.996415770609319,1.0,0.9963963963963964,0.9981949458483754
0.9991071428571429,1.0,0.9991023339317774,0.9995509654243376
1.0,1.0,1.0,1.0
1.0,1.0,1.0,1.0
0.9993031358885017,1.0,0.9992997198879552,0.9996497373029772
1.0,1.0,1.0,1.0
1.0,1.0,1.0,1.0
0.9991474850809889,1.0,0.9991423670668954,0.9995709995709996
0.9990974729241877,1.0,0.9990925589836661,0.9995460735360872
1.0,1.0,1.0,1.0
1.0,1.0,1.0,1.0
1.0,1.0,1.0,1.0
0.9975757575757576,1.0,0.9975579975579976,0.9987775061124694
1.0,1.0,1.0,1.0
1.0,1.0,1.0,1.0
1.0,1.0,1.0,1.0
0.9959595959595959,1.0,0.9959308240081384,0.9979612640163099
0.9989339019189766,1.0,0.9989270386266095,0.9994632313472893
1.0,1.0,1.0,1.0
1.0,1.0,1.0,1.0
1.0,1.0,1.0,1.0
1.0,1.0,1.0,1.0
1.0,1.0,1.0,1.0
1.0,1.0,1.0,1.0
1.0,1.0,1.0,1.0
1.0,1.0,1.0,1.0
1.0,1.0,1.0,1.0
1.0,1.0,1.0,1.0
1.0,1.0,1.0,1.0
1.0,1.0,1.0,1.0
1.0,1.0,1.0,1.0
1.0,1.0,1.0,1.0
1.0,1.0,1.0,1.0
1.0,1.0,1.0,1.0
1.0,1.0,1.0,1.0
0.9949409780775716,1.0,0.9948892674616695,0.9974380871050385
1.0,1.0,1.0,1.0
1.0,1.0,1.0,1.0
1.0,1.0,1.0,1.0
1.0,1.0,1.0,1.0
0.9984202211690363,1.0,0.9984025559105432,0.9992006394884093
1.0,1.0,1.0,1.0
1.0,1.0,1.0,1.0
1.0,1.0,1.0,1.0
0.9984447900466563,1.0,0.9984301412872841,0.9992144540455616
1.0,1.0,1.0,1.0
1.0,1.0,1.0,1.0
0.997828447339848,1.0,0.9978189749182116,0.9989082969432315
1.0,1.0,1.0,1.0
1.0,1.0,1.0,1.0
1.0,1.0,1.0,1.0
1.0,1.0,1.0,1.0
1.0,1.0,1.0,1.0
1.0,1.0,1.0,1.0
1.0,1.0,1.0,1.0
1.0,1.0,1.0,1.0
0.9984496124031008,1.0,0.9984399375975039,0.9992193598750976
1.0,1.0,1.0,1.0
1.0,1.0,1.0,1.0
1.0,1.0,1.0,1.0
1.0,1.0,1.0,1.0
1.0,1.0,1.0,1.0
1.0,1.0,1.0,1.0
1.0,1.0,1.0,1.0
1.0,1.0,1.0,1.0
1.0,1.0,1.0,1.0
1.0,1.0,1.0,1.0
0.9984423676012462,1.0,0.9984350547730829,0.9992169146436961
1.0,1.0,1.0,1.0
1.0,1.0,1.0,1.0
1.0,1.0,1.0,1.0
1.0,1.0,1.0,1.0
0.9984567901234568,1.0,0.9984496124031008,0.9992242048099301
1.0,1.0,1.0,1.0
0.9972413793103448,1.0,0.997229916897507,0.9986130374479889
1.0,1.0,1.0,1.0
1.0,1.0,1.0,1.0
1.0,1.0,1.0,1.0
1.0,1.0,1.0,1.0
1.0,1.0,1.0,1.0
1.0,1.0,1.0,1.0
1.0,1.0,1.0,1.0
0.998812351543943,1.0,0.99880810488677,0.9994036970781157
1.0,1.0,1.0,1.0
1.0,1.0,1.0,1.0
1.0,1.0,1.0,1.0
1.0,1.0,1.0,1.0
0.9990680335507922,1.0,0.9990645463049579,0.9995320542817033
0.991812865497076,1.0,0.9917840375586855,0.995875073659399
1.0,1.0,1.0,1.0
1.0,1.0,1.0,1.0
0.9975216852540273,1.0,0.9975124378109452,0.9987546699875467
1.0,1.0,1.0,1.0
1.0,1.0,1.0,1.0
1.0,1.0,1.0,1.0
1.0,1.0,1.0,1.0
1.0,1.0,1.0,1.0
1.0,1.0,1.0,1.0
1.0,1.0,1.0,1.0
1.0,1.0,1.0,1.0
1.0,1.0,1.0,1.0
1.0,1.0,1.0,1.0
1.0,1.0,1.0,1.0
1.0,1.0,1.0,1.0
1.0,1.0,1.0,1.0
1.0,1.0,1.0,1.0
1.0,1.0,1.0,1.0
1.0,1.0,1.0,1.0
1.0,1.0,1.0,1.0
1.0,1.0,1.0,1.0
1.0,1.0,1.0,1.0
1.0,1.0,1.0,1.0
1.0,1.0,1.0,1.0
1.0,1.0,1.0,1.0
1.0,1.0,1.0,1.0
1.0,1.0,1.0,1.0
1.0,1.0,1.0,1.0
1.0,1.0,1.0,1.0
1.0,1.0,1.0,1.0
1.0,1.0,1.0,1.0
1.0,1.0,1.0,1.0
1.0,1.0,1.0,1.0
1.0,1.0,1.0,1.0
1.0,1.0,1.0,1.0
1.0,1.0,1.0,1.0
0.9987046632124352,1.0,0.9986996098829649,0.9993493819128172
0.9975932611311673,1.0,0.9975816203143894,0.9987893462469734
1.0,1.0,1.0,1.0
1.0,1.0,1.0,1.0
1.0,1.0,1.0,1.0
0.9989517819706499,1.0,0.9989484752891693,0.9994739610731194
1.0,1.0,1.0,1.0
1.0,1.0,1.0,1.0
1.0,1.0,1.0,1.0
1.0,1.0,1.0,1.0
0.9989417989417989,1.0,0.9989384288747346,0.9994689325544344
0.997716894977169,1.0,0.997709049255441,0.9988532110091743
1.0,1.0,1.0,1.0
1.0,1.0,1.0,1.0
1.0,1.0,1.0,1.0
1.0,1.0,1.0,1.0
1.0,1.0,1.0,1.0
0.9989094874591058,1.0,0.9989059080962801,0.9994526546250684
1.0,1.0,1.0,1.0
1.0,1.0,1.0,1.0
1.0,1.0,1.0,1.0
1.0,1.0,1.0,1.0
1.0,1.0,1.0,1.0
1.0,1.0,1.0,1.0
1.0,1.0,1.0,1.0
1.0,1.0,1.0,1.0
1.0,1.0,1.0,1.0
1.0,1.0,1.0,1.0
1.0,1.0,1.0,1.0
1.0,1.0,1.0,1.0
0.9990610328638497,1.0,0.9990583804143126,0.9995289684408856
0.9990147783251232,1.0,0.9990118577075099,0.9995056846267919
1.0,1.0,1.0,1.0
0.9990503323836657,1.0,0.9990476190476191,0.9995235826584088
1.0,1.0,1.0,1.0
1.0,1.0,1.0,1.0
1.0,1.0,1.0,1.0
1.0,1.0,1.0,1.0
1.0,1.0,1.0,1.0
0.9987357774968394,1.0,0.998730964467005,0.9993650793650793
1.0,1.0,1.0,1.0
1.0,1.0,1.0,1.0
0.9990645463049579,1.0,0.99906191369606,0.999530736743313
1.0,1.0,1.0,1.0
1.0,1.0,1.0,1.0
1.0,1.0,1.0,1.0
1.0,1.0,1.0,1.0
0.9990697674418605,1.0,0.9990671641791045,0.9995333644423705
0.9990749306197965,1.0,0.9990723562152134,0.9995359628770302
1.0,1.0,1.0,1.0
1.0,1.0,1.0,1.0
1.0,1.0,1.0,1.0
0.9956236323851203,1.0,0.995609220636663,0.9977997799779978
1.0,1.0,1.0,1.0
0.9978540772532188,1.0,0.9978471474703983,0.9989224137931034
1.0,1.0,1.0,1.0
1.0,1.0,1.0,1.0
1.0,1.0,1.0,1.0
1.0,1.0,1.0,1.0
0.998792270531401,1.0,0.9987878787878788,0.9993935718617344
1.0,1.0,1.0,1.0
1.0,1.0,1.0,1.0
1.0,1.0,1.0,1.0
0.9983844911147012,1.0,0.9983766233766234,0.9991876523151909
0.9984301412872841,1.0,0.998422712933754,0.9992107340173638
1.0,1.0,1.0,1.0
1.0,1.0,1.0,1.0
0.9956521739130435,1.0,0.9956268221574344,0.997808619430241
1.0,1.0,1.0,1.0
1.0,1.0,1.0,1.0
1.0,1.0,1.0,1.0
1.0,1.0,1.0,1.0
1.0,1.0,1.0,1.0
1.0,1.0,1.0,1.0
1.0,1.0,1.0,1.0
1.0,1.0,1.0,1.0
1.0,1.0,1.0,1.0
1.0,1.0,1.0,1.0
0.9983818770226537,1.0,0.9983739837398374,0.9991863303498779
1.0,1.0,1.0,1.0
1.0,1.0,1.0,1.0
1.0,1.0,1.0,1.0
1.0,1.0,1.0,1.0
0.9985775248933144,1.0,0.9985714285714286,0.9992852037169406
1.0,1.0,1.0,1.0
1.0,1.0,1.0,1.0
1.0,1.0,1.0,1.0
1.0,1.0,1.0,1.0
1.0,1.0,1.0,1.0
1.0,1.0,1.0,1.0
1.0,1.0,1.0,1.0
1.0,1.0,1.0,1.0
0.9988399071925754,1.0,0.9988358556461001,0.9994175888177053
1.0,1.0,1.0,1.0
0.9984202211690363,1.0,0.9984126984126984,0.9992057188244639
1.0,1.0,1.0,1.0
1.0,1.0,1.0,1.0
1.0,1.0,1.0,1.0
1.0,1.0,1.0,1.0
1.0,1.0,1.0,1.0
0.9991416309012876,1.0,0.9991394148020654,0.9995695221696083
1.0,1.0,1.0,1.0
1.0,1.0,1.0,1.0
0.9987878787878788,1.0,0.9987834549878345,0.9993913572732805
1.0,1.0,1.0,1.0
1.0,1.0,1.0,1.0
0.9986842105263158,1.0,0.9986789960369881,0.9993390614672836
0.9938423645320197,1.0,0.9938195302843016,0.9969001859888407
1.0,1.0,1.0,1.0
1.0,1.0,1.0,1.0
1.0,1.0,1.0,1.0
0.9986357435197817,1.0,0.9986301369863013,0.9993145990404386
1.0,1.0,1.0,1.0
1.0,1.0,1.0,1.0
1.0,1.0,1.0,1.0
1.0,1.0,1.0,1.0
1.0,1.0,1.0,1.0
1.0,1.0,1.0,1.0
1.0,1.0,1.0,1.0
1.0,1.0,1.0,1.0
1.0,1.0,1.0,1.0
1.0,1.0,1.0,1.0
1.0,1.0,1.0,1.0
0.9986666666666667,1.0,0.998661311914324,0.999330207635633
1.0,1.0,1.0,1.0
0.9988925802879292,1.0,0.9988888888888889,0.9994441356309061
1.0,1.0,1.0,1.0
0.9988826815642458,1.0,0.9988789237668162,0.9994391475042064
1.0,1.0,1.0,1.0
1.0,1.0,1.0,1.0
1.0,1.0,1.0,1.0
0.9991189427312775,1.0,0.9991166077738516,0.9995581087052585
1.0,1.0,1.0,1.0
1.0,1.0,1.0,1.0
0.9991326973113617,1.0,0.999129677980853,0.999564649542882
1.0,1.0,1.0,1.0
0.9988425925925926,1.0,0.9988385598141696,0.999418942475305
1.0,1.0,1.0,1.0
1.0,1.0,1.0,1.0
1.0,1.0,1.0,1.0
1.0,1.0,1.0,1.0
1.0,1.0,1.0,1.0
1.0,1.0,1.0,1.0
1.0,1.0,1.0,1.0
1.0,1.0,1.0,1.0
0.9986807387862797,1.0,0.9986737400530504,0.9993364299933643
1.0,1.0,1.0,1.0
1.0,1.0,1.0,1.0
1.0,1.0,1.0,1.0
1.0,1.0,1.0,1.0
1.0,1.0,1.0,1.0
1.0,1.0,1.0,1.0
1.0,1.0,1.0,1.0
1.0,1.0,1.0,1.0
1.0,1.0,1.0,1.0
0.9987179487179487,1.0,0.9987129987129987,0.9993560849967804
1.0,1.0,1.0,1.0
1.0,1.0,1.0,1.0
1.0,1.0,1.0,1.0
1.0,1.0,1.0,1.0
1.0,1.0,1.0,1.0
0.9992107340173638,1.0,0.9992088607594937,0.999604273842501
1.0,1.0,1.0,1.0
0.99867197875166,1.0,0.9986666666666667,0.9993328885923949
1.0,1.0,1.0,1.0
1.0,1.0,1.0,1.0
1.0,1.0,1.0,1.0
1.0,1.0,1.0,1.0
1.0,1.0,1.0,1.0
1.0,1.0,1.0,1.0
1.0,1.0,1.0,1.0
1.0,1.0,1.0,1.0
0.999137187230371,1.0,0.9991349480968859,0.9995672868887927
1.0,1.0,1.0,1.0
0.9989858012170385,1.0,0.9989827060020345,0.9994910941475827
1.0,1.0,1.0,1.0
1.0,1.0,1.0,1.0
1.0,1.0,1.0,1.0
1.0,1.0,1.0,1.0
0.9988814317673378,1.0,0.9988776655443322,0.9994385176866929
1.0,1.0,1.0,1.0
1.0,1.0,1.0,1.0
1.0,1.0,1.0,1.0
1.0,1.0,1.0,1.0
1.0,1.0,1.0,1.0
1.0,1.0,1.0,1.0
1.0,1.0,1.0,1.0
1.0,1.0,1.0,1.0
0.9989451476793249,1.0,0.9989417989417989,0.9994706193753309
1.0,1.0,1.0,1.0
1.0,1.0,1.0,1.0
1.0,1.0,1.0,1.0
1.0,1.0,1.0,1.0
1.0,1.0,1.0,1.0
1.0,1.0,1.0,1.0
1.0,1.0,1.0,1.0
1.0,1.0,1.0,1.0
1.0,1.0,1.0,1.0
1.0,1.0,1.0,1.0
1.0,1.0,1.0,1.0
1.0,1.0,1.0,1.0
1.0,1.0,1.0,1.0
0.9990583804143126,1.0,0.999054820415879,0.9995271867612293
1.0,1.0,1.0,1.0
1.0,1.0,1.0,1.0
1.0,1.0,1.0,1.0
1.0,1.0,1.0,1.0
1.0,1.0,1.0,1.0
1.0,1.0,1.0,1.0
1.0,1.0,1.0,1.0
1.0,1.0,1.0,1.0
1.0,1.0,1.0,1.0
1.0,1.0,1.0,1.0
1.0,1.0,1.0,1.0
1.0,1.0,1.0,1.0
1.0,1.0,1.0,1.0
1.0,1.0,1.0,1.0
1.0,1.0,1.0,1.0
0.9972489683631361,1.0,0.9972375690607734,0.9986168741355463
1.0,1.0,1.0,1.0
1.0,1.0,1.0,1.0
0.9951100244498777,1.0,0.9950920245398773,0.997539975399754
1.0,1.0,1.0,1.0
1.0,1.0,1.0,1.0
1.0,1.0,1.0,1.0
1.0,1.0,1.0,1.0
1.0,1.0,1.0,1.0
1.0,1.0,1.0,1.0
1.0,1.0,1.0,1.0
0.9989572471324296,1.0,0.9989528795811519,0.9994761655316919
1.0,1.0,1.0,1.0
1.0,1.0,1.0,1.0
1.0,1.0,1.0,1.0
1.0,1.0,1.0,1.0
0.9986206896551724,1.0,0.9986149584487535,0.9993069993069993
1.0,1.0,1.0,1.0
1.0,1.0,1.0,1.0
0.9987373737373737,1.0,0.9987325728770595,0.9993658845909955
0.9986449864498645,1.0,0.998639455782313,0.9993192648059904
1.0,1.0,1.0,1.0
1.0,1.0,1.0,1.0
0.9969325153374233,1.0,0.9969135802469136,0.9984544049459042
1.0,1.0,1.0,1.0
0.9985119047619048,1.0,0.9985052316890882,0.9992520568436799
1.0,1.0,1.0,1.0
1.0,1.0,1.0,1.0
1.0,1.0,1.0,1.0
1.0,1.0,1.0,1.0
0.9985652797704447,1.0,0.9985590778097982,0.9992790194664743
1.0,1.0,1.0,1.0
1.0,1.0,1.0,1.0
1.0,1.0,1.0,1.0
1.0,1.0,1.0,1.0
1.0,1.0,1.0,1.0
1.0,1.0,1.0,1.0
0.9980582524271845,1.0,0.9980430528375733,0.9990205680705191
1.0,1.0,1.0,1.0
1.0,1.0,1.0,1.0
0.9989528795811519,1.0,0.9989484752891693,0.9994739610731194
0.9984399375975039,1.0,0.9984326018808778,0.9992156862745099
0.9984423676012462,1.0,0.9984350547730829,0.9992169146436961
1.0,1.0,1.0,1.0
1.0,1.0,1.0,1.0
1.0,1.0,1.0,1.0
0.9986338797814208,1.0,0.9986263736263736,0.9993127147766323
1.0,1.0,1.0,1.0
1.0,1.0,1.0,1.0
1.0,1.0,1.0,1.0
1.0,1.0,1.0,1.0
1.0,1.0,1.0,1.0
1.0,1.0,1.0,1.0
0.998422712933754,1.0,0.9984152139461173,0.9992069785884219
0.9987244897959183,1.0,0.9987179487179487,0.9993585631815266
1.0,1.0,1.0,1.0
1.0,1.0,1.0,1.0
0.9983498349834984,1.0,0.9983416252072969,0.9991701244813278
1.0,1.0,1.0,1.0
1.0,1.0,1.0,1.0
1.0,1.0,1.0,1.0
1.0,1.0,1.0,1.0
0.9983660130718954,1.0,0.9983579638752053,0.9991783073130649
1.0,1.0,1.0,1.0
1.0,1.0,1.0,1.0
1.0,1.0,1.0,1.0
1.0,1.0,1.0,1.0
1.0,1.0,1.0,1.0
1.0,1.0,1.0,1.0
1.0,1.0,1.0,1.0
1.0,1.0,1.0,1.0
0.9989417989417989,1.0,0.9989384288747346,0.9994689325544344
1.0,1.0,1.0,1.0
1.0,1.0,1.0,1.0
1.0,1.0,1.0,1.0
1.0,1.0,1.0,1.0
1.0,1.0,1.0,1.0
1.0,1.0,1.0,1.0
1.0,1.0,1.0,1.0
1.0,1.0,1.0,1.0
1.0,1.0,1.0,1.0
1.0,1.0,1.0,1.0
1.0,1.0,1.0,1.0
1.0,1.0,1.0,1.0
0.9984756097560976,1.0,0.9984662576687117,0.9992325402916347
1.0,1.0,1.0,1.0
1.0,1.0,1.0,1.0
0.9988876529477196,1.0,0.9988839285714286,0.9994416527079844
1.0,1.0,1.0,1.0
0.9988137603795967,1.0,0.9988095238095238,0.9994044073853484
0.9961832061068703,1.0,0.9961636828644501,0.9980781550288277
0.9970674486803519,1.0,0.9970544918998527,0.9985250737463127
1.0,1.0,1.0,1.0
0.9988479262672811,1.0,0.9988439306358381,0.9994216310005783
1.0,1.0,1.0,1.0
1.0,1.0,1.0,1.0
1.0,1.0,1.0,1.0
1.0,1.0,1.0,1.0
1.0,1.0,1.0,1.0
1.0,1.0,1.0,1.0
1.0,1.0,1.0,1.0
0.9987654320987654,1.0,0.9987608426270136,0.9993800371977681
1.0,1.0,1.0,1.0
1.0,1.0,1.0,1.0
1.0,1.0,1.0,1.0
0.9977272727272727,1.0,0.9977194982896237,0.9988584474885844
1.0,1.0,1.0,1.0
1.0,1.0,1.0,1.0
1.0,1.0,1.0,1.0
1.0,1.0,1.0,1.0
0.9959785522788204,0.9973118279569892,0.9986541049798116,0.9979825151311366
0.9985272459499264,1.0,0.9985272459499264,0.9992630803242447
1.0,1.0,1.0,1.0
1.0,1.0,1.0,1.0
1.0,1.0,1.0,1.0
1.0,1.0,1.0,1.0
1.0,1.0,1.0,1.0
1.0,1.0,1.0,1.0
1.0,1.0,1.0,1.0
0.9987228607918263,1.0,0.9987228607918263,0.9993610223642172
1.0,1.0,1.0,1.0
1.0,1.0,1.0,1.0
1.0,1.0,1.0,1.0
1.0,1.0,1.0,1.0
1.0,1.0,1.0,1.0
1.0,1.0,1.0,1.0
1.0,1.0,1.0,1.0
1.0,1.0,1.0,1.0
1.0,1.0,1.0,1.0
1.0,1.0,1.0,1.0
0.9987421383647799,1.0,0.9987421383647799,0.9993706733794839
1.0,1.0,1.0,1.0
1.0,1.0,1.0,1.0
1.0,1.0,1.0,1.0
1.0,1.0,1.0,1.0
1.0,1.0,1.0,1.0
1.0,1.0,1.0,1.0
1.0,1.0,1.0,1.0
1.0,1.0,1.0,1.0
1.0,1.0,1.0,1.0
1.0,1.0,1.0,1.0
1.0,1.0,1.0,1.0
1.0,1.0,1.0,1.0
0.9990925589836661,1.0,0.9990925589836661,0.9995460735360872
1.0,1.0,1.0,1.0
1.0,1.0,1.0,1.0
0.9989010989010989,1.0,0.9989010989010989,0.999450247388675
1.0,1.0,1.0,1.0
1.0,1.0,1.0,1.0
1.0,1.0,1.0,1.0
1.0,1.0,1.0,1.0
1.0,1.0,1.0,1.0
1.0,1.0,1.0,1.0
0.9986979166666666,1.0,0.9986979166666666,0.9993485342019544
1.0,1.0,1.0,1.0
1.0,1.0,1.0,1.0
1.0,1.0,1.0,1.0
1.0,1.0,1.0,1.0
1.0,1.0,1.0,1.0
1.0,1.0,1.0,1.0
1.0,1.0,1.0,1.0
1.0,1.0,1.0,1.0
1.0,1.0,1.0,1.0
1.0,1.0,1.0,1.0
0.9988412514484357,1.0,0.9988412514484357,0.9994202898550725
1.0,1.0,1.0,1.0
1.0,1.0,1.0,1.0
1.0,1.0,1.0,1.0
1.0,1.0,1.0,1.0
1.0,1.0,1.0,1.0
1.0,1.0,1.0,1.0
1.0,1.0,1.0,1.0
1.0,1.0,1.0,1.0
1.0,1.0,1.0,1.0
1.0,1.0,1.0,1.0
1.0,1.0,1.0,1.0
1.0,1.0,1.0,1.0
1.0,1.0,1.0,1.0
1.0,1.0,1.0,1.0
1.0,1.0,1.0,1.0
1.0,1.0,1.0,1.0
1.0,1.0,1.0,1.0
1.0,1.0,1.0,1.0
1.0,1.0,1.0,1.0
1.0,1.0,1.0,1.0
1.0,1.0,1.0,1.0
1.0,1.0,1.0,1.0
1.0,1.0,1.0,1.0
1.0,1.0,1.0,1.0
1.0,1.0,1.0,1.0
1.0,1.0,1.0,1.0
1.0,1.0,1.0,1.0
1.0,1.0,1.0,1.0
1.0,1.0,1.0,1.0
1.0,1.0,1.0,1.0
1.0,1.0,1.0,1.0
0.999054820415879,1.0,0.999054820415879,0.9995271867612293
1.0,1.0,1.0,1.0
0.9991589571068125,1.0,0.9991589571068125,0.9995793016407236
1.0,1.0,1.0,1.0
1.0,1.0,1.0,1.0
0.9982788296041308,1.0,0.9982788296041308,0.9991386735572783
1.0,1.0,1.0,1.0
1.0,1.0,1.0,1.0
1.0,1.0,1.0,1.0
1.0,1.0,1.0,1.0
1.0,1.0,1.0,1.0
1.0,1.0,1.0,1.0
1.0,1.0,1.0,1.0
1.0,1.0,1.0,1.0
1.0,1.0,1.0,1.0
1.0,1.0,1.0,1.0
0.9976442873969376,1.0,0.9976442873969376,0.9988207547169812
1.0,1.0,1.0,1.0
1.0,1.0,1.0,1.0
1.0,1.0,1.0,1.0
1.0,1.0,1.0,1.0
1.0,1.0,1.0,1.0
1.0,1.0,1.0,1.0
1.0,1.0,1.0,1.0
1.0,1.0,1.0,1.0
1.0,1.0,1.0,1.0
1.0,1.0,1.0,1.0
1.0,1.0,1.0,1.0
1.0,1.0,1.0,1.0
0.9976218787158145,1.0,0.9976218787158145,0.9988095238095238
1.0,1.0,1.0,1.0
1.0,1.0,1.0,1.0
1.0,1.0,1.0,1.0
1.0,1.0,1.0,1.0
0.9984423676012462,1.0,0.9984423676012462,0.9992205767731879
1.0,1.0,1.0,1.0
1.0,1.0,1.0,1.0
1.0,1.0,1.0,1.0
1.0,1.0,1.0,1.0
0.9988876529477196,1.0,0.9988876529477196,0.9994435169727324
1.0,1.0,1.0,1.0
0.9990439770554493,1.0,0.9990439770554493,0.9995217599234816
1.0,1.0,1.0,1.0
1.0,1.0,1.0,1.0
1.0,1.0,1.0,1.0
1.0,1.0,1.0,1.0
1.0,1.0,1.0,1.0
1.0,1.0,1.0,1.0
1.0,1.0,1.0,1.0
1.0,1.0,1.0,1.0
1.0,1.0,1.0,1.0
0.9987325728770595,1.0,0.9987325728770595,0.9993658845909955
1.0,1.0,1.0,1.0
0.9947201689545935,1.0,0.9947201689545935,0.9973530968766543
1.0,1.0,1.0,1.0
1.0,1.0,1.0,1.0
0.9988545246277205,1.0,0.9988545246277205,0.9994269340974212
1.0,1.0,1.0,1.0
1.0,1.0,1.0,1.0
1.0,1.0,1.0,1.0
1.0,1.0,1.0,1.0
0.9988726042841037,0.9988713318284425,1.0,0.9994353472614342
1.0,1.0,1.0,1.0
1.0,1.0,1.0,1.0
1.0,1.0,1.0,1.0
1.0,1.0,1.0,1.0
0.9989764585465711,1.0,0.9989764585465711,0.9994879672299027
0.9990147783251232,1.0,0.9990147783251232,0.9995071463775259
1.0,1.0,1.0,1.0
1.0,1.0,1.0,1.0
0.9987878787878788,1.0,0.9987878787878788,0.9993935718617344
1.0,1.0,1.0,1.0
1.0,1.0,1.0,1.0
1.0,1.0,1.0,1.0
1.0,1.0,1.0,1.0
1.0,1.0,1.0,1.0
1.0,1.0,1.0,1.0
1.0,1.0,1.0,1.0
1.0,1.0,1.0,1.0
1.0,1.0,1.0,1.0
1.0,1.0,1.0,1.0
1.0,1.0,1.0,1.0
1.0,1.0,1.0,1.0
1.0,1.0,1.0,1.0
1.0,1.0,1.0,1.0
1.0,1.0,1.0,1.0
1.0,1.0,1.0,1.0
0.9975903614457832,1.0,0.9975903614457832,0.9987937273823885
1.0,1.0,1.0,1.0
1.0,1.0,1.0,1.0
1.0,1.0,1.0,1.0
0.9986859395532195,1.0,0.9986859395532195,0.9993425378040762
1.0,1.0,1.0,1.0
1.0,1.0,1.0,1.0
1.0,1.0,1.0,1.0
1.0,1.0,1.0,1.0
1.0,1.0,1.0,1.0
1.0,1.0,1.0,1.0
1.0,1.0,1.0,1.0
1.0,1.0,1.0,1.0
1.0,1.0,1.0,1.0
1.0,1.0,1.0,1.0
1.0,1.0,1.0,1.0
1.0,1.0,1.0,1.0
1.0,1.0,1.0,1.0
1.0,1.0,1.0,1.0
1.0,1.0,1.0,1.0
1.0,1.0,1.0,1.0
1.0,1.0,1.0,1.0
1.0,1.0,1.0,1.0
1.0,1.0,1.0,1.0
1.0,1.0,1.0,1.0
1.0,1.0,1.0,1.0
1.0,1.0,1.0,1.0
1.0,1.0,1.0,1.0
1.0,1.0,1.0,1.0
1.0,1.0,1.0,1.0
1.0,1.0,1.0,1.0
1.0,1.0,1.0,1.0
1.0,1.0,1.0,1.0
1.0,1.0,1.0,1.0
1.0,1.0,1.0,1.0
1.0,1.0,1.0,1.0
1.0,1.0,1.0,1.0
1.0,1.0,1.0,1.0
1.0,1.0,1.0,1.0
1.0,1.0,1.0,1.0
1.0,1.0,1.0,1.0
1.0,1.0,1.0,1.0
1.0,1.0,1.0,1.0
1.0,1.0,1.0,1.0
1.0,1.0,1.0,1.0
1.0,1.0,1.0,1.0
1.0,1.0,1.0,1.0
0.9984732824427481,1.0,0.9984732824427481,0.9992360580595875
1.0,1.0,1.0,1.0
1.0,1.0,1.0,1.0
1.0,1.0,1.0,1.0
1.0,1.0,1.0,1.0
1.0,1.0,1.0,1.0
1.0,1.0,1.0,1.0
1.0,1.0,1.0,1.0
1.0,1.0,1.0,1.0
1.0,1.0,1.0,1.0
1.0,1.0,1.0,1.0
1.0,1.0,1.0,1.0
1.0,1.0,1.0,1.0
1.0,1.0,1.0,1.0
1.0,1.0,1.0,1.0
1.0,1.0,1.0,1.0
0.9985119047619048,1.0,0.9985119047619048,0.9992553983618764
1.0,1.0,1.0,1.0
1.0,1.0,1.0,1.0
1.0,1.0,1.0,1.0
0.9938837920489296,0.9938837920489296,1.0,0.9969325153374233
1.0,1.0,1.0,1.0
1.0,1.0,1.0,1.0
1.0,1.0,1.0,1.0
0.9981308411214953,1.0,0.9981308411214953,0.9990645463049579
1.0,1.0,1.0,1.0
0.9983606557377049,1.0,0.9983606557377049,0.9991796554552912
1.0,1.0,1.0,1.0
1.0,1.0,1.0,1.0
1.0,1.0,1.0,1.0
0.9983633387888707,1.0,0.9983633387888707,0.9991809991809992
1.0,1.0,1.0,1.0
1.0,1.0,1.0,1.0
1.0,1.0,1.0,1.0
1.0,1.0,1.0,1.0
0.9982238010657194,1.0,0.9982238010657194,0.9991111111111111
1.0,1.0,1.0,1.0
0.9986301369863013,1.0,0.9986301369863013,0.9993145990404386
1.0,1.0,1.0,1.0
1.0,1.0,1.0,1.0
1.0,1.0,1.0,1.0
1.0,1.0,1.0,1.0
1.0,1.0,1.0,1.0
1.0,1.0,1.0,1.0
1.0,1.0,1.0,1.0
1.0,1.0,1.0,1.0
1.0,1.0,1.0,1.0
1.0,1.0,1.0,1.0
1.0,1.0,1.0,1.0
0.9990439770554493,1.0,0.9990439770554493,0.9995217599234816
1.0,1.0,1.0,1.0
0.9989189189189189,1.0,0.9989189189189189,0.9994591671173607
1.0,1.0,1.0,1.0
1.0,1.0,1.0,1.0
1.0,1.0,1.0,1.0
1.0,1.0,1.0,1.0
1.0,1.0,1.0,1.0
1.0,1.0,1.0,1.0
1.0,1.0,1.0,1.0
1.0,1.0,1.0,1.0
1.0,1.0,1.0,1.0
1.0,1.0,1.0,1.0
1.0,1.0,1.0,1.0
0.9988331388564761,1.0,0.9988331388564761,0.9994162288382954
1.0,1.0,1.0,1.0
1.0,1.0,1.0,1.0
1.0,1.0,1.0,1.0
1.0,1.0,1.0,1.0
0.9968102073365231,1.0,0.9968102073365231,0.9984025559105432
1.0,1.0,1.0,1.0
0.9983948635634029,1.0,0.9983948635634029,0.9991967871485944
1.0,1.0,1.0,1.0
1.0,1.0,1.0,1.0
0.9986206896551724,1.0,0.9986206896551724,0.9993098688750862
0.9989690721649485,1.0,0.9989690721649485,0.999484270242393
1.0,1.0,1.0,1.0
1.0,1.0,1.0,1.0
1.0,1.0,1.0,1.0
0.9985096870342772,1.0,0.9985096870342772,0.9992542878448919
1.0,1.0,1.0,1.0
1.0,1.0,1.0,1.0
1.0,1.0,1.0,1.0
1.0,1.0,1.0,1.0
1.0,1.0,1.0,1.0
1.0,1.0,1.0,1.0
0.9974293059125964,1.0,0.9974293059125964,0.9987129987129987
1.0,1.0,1.0,1.0
0.9974025974025974,1.0,0.9974025974025974,0.9986996098829649
0.9972144846796658,1.0,0.9972144846796658,0.99860529986053
1.0,1.0,1.0,1.0
1.0,1.0,1.0,1.0
1.0,1.0,1.0,1.0
1.0,1.0,1.0,1.0
0.9954853273137697,1.0,0.9954853273137697,0.997737556561086
1.0,1.0,1.0,1.0
0.9976635514018691,1.0,0.9976635514018691,0.9988304093567252
1.0,1.0,1.0,1.0
1.0,1.0,1.0,1.0
1.0,1.0,1.0,1.0
1.0,1.0,1.0,1.0
1.0,1.0,1.0,1.0
1.0,1.0,1.0,1.0
0.9972972972972973,1.0,0.9972972972972973,0.9986468200270636
0.9977324263038548,1.0,0.9977324263038548,0.9988649262202043
1.0,1.0,1.0,1.0
1.0,1.0,1.0,1.0
1.0,1.0,1.0,1.0
1.0,1.0,1.0,1.0
0.9976958525345622,1.0,0.9976958525345622,0.9988465974625144
1.0,1.0,1.0,1.0
1.0,1.0,1.0,1.0
0.9980582524271845,1.0,0.9980582524271845,0.9990281827016521
1.0,1.0,1.0,1.0
1.0,1.0,1.0,1.0
1.0,1.0,1.0,1.0
1.0,1.0,1.0,1.0
1.0,1.0,1.0,1.0
1.0,1.0,1.0,1.0
1.0,1.0,1.0,1.0
1.0,1.0,1.0,1.0
1.0,1.0,1.0,1.0
1.0,1.0,1.0,1.0
1.0,1.0,1.0,1.0
1.0,1.0,1.0,1.0
0.9979674796747967,1.0,0.9979674796747967,0.9989827060020345
0.9979123173277662,1.0,0.9979123173277662,0.9989550679205852
1.0,1.0,1.0,1.0
1.0,1.0,1.0,1.0
1.0,1.0,1.0,1.0
1.0,1.0,1.0,1.0
1.0,1.0,1.0,1.0
1.0,1.0,1.0,1.0
0.997867803837953,1.0,0.997867803837953,0.9989327641408752
1.0,1.0,1.0,1.0
1.0,1.0,1.0,1.0
0.9980952380952381,1.0,0.9980952380952381,0.9990467111534795
1.0,1.0,1.0,1.0
1.0,1.0,1.0,1.0
0.9979381443298969,1.0,0.9979381443298969,0.9989680082559339
1.0,1.0,1.0,1.0
0.997907949790795,1.0,0.997907949790795,0.9989528795811519
1.0,1.0,1.0,1.0
1.0,1.0,1.0,1.0
1.0,1.0,1.0,1.0
0.9977011494252873,1.0,0.9977011494252873,0.998849252013809
1.0,1.0,1.0,1.0
1.0,1.0,1.0,1.0
0.998,1.0,0.998,0.998998998998999
0.9977116704805492,1.0,0.9977116704805492,0.9988545246277205
1.0,1.0,1.0,1.0
