address,partner,date,rcv_packet_count,snd_packet_count,tcp_count,udp_count,most_port,port_count,rcv_max_int,rcv_min_int,rcv_max_len,rcv_min_len,snd_max_int,snd_min_int,snd_max_len,snd_min_len,label
23.224.98.194,192.168.10.5,202305150459,12,13,25,0,22,1,1.137663,1e-06,1028,52,0.974372,0.001184,699,52,1
165.227.96.61,192.168.10.5,202305150458,1,6,7,0,5708,1,-10000,-10000,44,44,16.240708,1.03346,44,44,1
200.89.174.178,192.168.10.5,202305150459,17,16,33,0,22,1,1.481106,0.0,1028,52,1.528546,0.000895,699,52,1
23.83.130.145,192.168.10.5,202305150459,4,3,7,0,3389,1,0.526342,1e-06,83,40,0.526343,0.027,59,40,1
148.251.153.126,192.168.10.5,202305150458,16,13,29,0,3389,1,12.672371,8.8e-05,83,40,12.939038,0.000175,59,40,1
114.132.71.92,192.168.10.5,202305150459,6,7,13,0,5900,1,0.522462,0.0,64,52,0.521863,0.000599,64,52,1
218.92.0.29,192.168.10.5,202305150459,12,19,31,0,22,1,2.458531,0.0,908,40,1.127905,0.000294,699,52,1
202.77.105.98,192.168.10.5,202305150459,12,14,26,0,22,1,1.107805,0.0,1028,52,0.975671,4.9e-05,699,52,1
212.156.174.73,192.168.10.5,202305150459,1,6,7,0,2323,1,-10000,-10000,44,44,16.240571,1.029842,44,44,1
217.17.230.165,192.168.10.5,202305150459,4,3,7,0,3389,1,0.274339,0.0,83,40,0.188056,0.085621,59,40,1
119.23.228.24,192.168.10.5,202305150459,6,6,12,0,5900,1,0.539749,0.0,64,52,0.53975,0.001639,64,52,1
120.78.76.253,192.168.10.5,202305150459,5,5,10,0,5900,1,0.232993,0.010124,64,52,0.232338,0.000655,64,52,1
125.124.103.150,192.168.10.5,202305150459,5,5,10,0,5900,1,0.181406,0.0,64,52,0.17969,0.001817,64,52,1
146.59.127.25,192.168.10.5,202305150459,12,14,26,0,22,1,1.29135,0.000347,1028,52,0.974179,0.000484,699,52,1
176.236.53.196,192.168.10.5,202305150459,4,3,7,0,3389,1,0.336912,0.001488,83,40,0.284924,0.046207,59,40,1
176.98.42.218,192.168.10.5,202305150459,4,3,7,0,3389,1,0.341604,0.00044,83,40,0.316241,0.026859,59,40,1
34.100.200.229,192.168.10.5,202305150459,90,121,211,0,22,1,1.16183,0.0,1028,52,0.976326,0.000133,788,52,1
150.109.149.87,192.168.10.5,202305150459,12,15,27,0,22,1,1.067002,0.0,1028,52,0.972924,0.000206,699,52,1
220.130.222.105,192.168.10.5,202305150500,15,15,30,0,22,1,1.055013,1e-06,1028,52,0.976665,0.000746,676,52,1
194.26.29.152,192.168.10.5,202305150500,3,1,4,0,33098,1,0.29715,0.022623,44,40,-10000,-10000,44,44,1
128.116.75.152,192.168.10.5,202305150459,27,104,131,0,80,2,25.128935,0.028611,52,40,11.342892,0.0,52,44,1
129.226.93.57,192.168.10.5,202305150500,12,14,26,0,22,1,1.098289,1e-06,1028,52,0.975535,0.000295,699,52,1
198.98.55.202,192.168.10.5,202305150500,3,1,4,0,8080,1,0.17751,0.011395,44,40,-10000,-10000,44,44,1
94.102.61.54,192.168.10.5,202305150459,1,6,7,0,8160,1,-10000,-10000,44,44,16.24057,1.025176,44,44,1
147.182.225.86,192.168.10.5,202305150500,12,10,22,0,2082,1,1.15192,0.005679,303,52,1.15192,0.0,60,52,1
35.203.211.130,192.168.10.5,202305150500,4,4,8,0,38015,1,1.388167,1e-06,44,44,1.343449,0.0,44,40,1
43.153.104.18,192.168.10.5,202305150500,12,13,25,0,22,1,1.131111,0.0,1028,52,0.968925,0.000883,699,52,1
23.224.98.194,192.168.10.5,202305150500,90,122,212,0,22,1,1.135515,5.8e-05,1028,52,0.973155,0.000494,788,52,1
35.233.62.116,192.168.10.5,202305150500,5,5,10,0,2086,1,1.24041,0.0,315,52,1.00909,0.0,60,52,1
35.240.121.17,192.168.10.5,202305150500,6,5,11,0,1234,1,1.237713,0.0,314,52,1.007984,1e-06,60,52,1
27.254.47.59,192.168.10.5,202305150500,12,14,26,0,22,1,1.113801,1e-06,1028,52,0.975179,0.000397,699,52,1
167.94.145.25,192.168.10.5,202305150500,2,1,3,0,41629,1,0.246066,0.246066,44,40,-10000,-10000,44,44,1
194.26.29.195,192.168.10.5,202305150500,3,1,4,0,6051,1,0.279426,0.022709,44,40,-10000,-10000,44,44,1
170.106.115.55,192.168.10.5,202305150500,17,13,30,0,12411,1,10.007055,0.0,295,40,10.128109,0.0,60,52,1
167.94.145.60,192.168.10.5,202305150500,13,9,22,0,41629,1,1.251166,0.0,295,52,1.247594,0.0,60,52,1
165.227.96.61,192.168.10.5,202305150500,5,4,9,0,5708,1,1.166206,0.0,60,52,1.165091,0.0,60,52,1
176.236.53.196,192.168.10.5,202305150501,4,3,7,0,3389,1,0.331263,0.0,83,40,0.289534,0.03903,59,40,1
202.77.105.98,192.168.10.5,202305150500,12,13,25,0,22,1,1.10013,0.0,1028,52,0.971915,0.000994,699,52,1
36.134.102.251,192.168.10.5,202305150501,5,5,10,0,5900,1,0.08217,0.0,64,52,0.083117,0.00104,64,52,1
148.251.153.126,192.168.10.5,202305150500,16,12,28,0,3389,1,12.760776,0.0,83,40,13.019982,0.018417,59,40,1
36.133.125.177,192.168.10.5,202305150501,5,5,10,0,5900,1,0.106589,1e-06,64,52,0.105265,0.00125,64,52,1
34.100.200.229,192.168.10.5,202305150501,90,121,211,0,22,1,1.161182,0.0,1028,52,0.974955,5e-05,788,52,1
107.170.241.31,192.168.10.5,202305150501,1,1,2,0,88,1,-10000,-10000,44,44,-10000,-10000,40,40,1
218.92.0.20,192.168.10.5,202305150501,11,11,22,0,22,1,0.745897,3.6e-05,908,52,0.704867,0.00024,699,52,1
176.98.42.218,192.168.10.5,202305150501,4,3,7,0,3389,1,0.339917,0.000898,83,40,0.309703,0.029716,59,40,1
195.3.147.52,192.168.10.5,202305150501,10,12,22,0,22,1,1.28393,0.0,944,40,0.973682,0.001199,888,40,1
192.241.226.14,192.168.10.5,202305150500,7,11,18,0,3000,1,79.133235,0.0,165,44,47.294614,1e-06,60,44,1
146.59.127.25,192.168.10.5,202305150501,12,14,26,0,22,1,1.289646,0.0,1028,52,0.96772,5e-05,699,52,1
157.230.56.253,192.168.10.5,202305150501,2,1,3,0,6034,1,0.161737,0.161737,44,40,-10000,-10000,44,44,1
91.240.118.77,192.168.10.5,202305150501,3,1,4,0,7004,1,0.291357,0.003562,44,40,-10000,-10000,44,44,1
220.130.222.105,192.168.10.5,202305150501,14,14,28,0,22,1,1.055145,0.001483,1028,52,0.972218,0.000444,699,52,1
129.226.93.57,192.168.10.5,202305150501,12,14,26,0,22,1,1.10407,6.5e-05,1028,52,0.972142,0.000149,699,52,1
23.224.98.194,192.168.10.5,202305150501,12,13,25,0,22,1,1.142419,0.000887,1028,52,0.969699,0.001148,699,52,1
8.129.172.226,192.168.10.5,202305150501,4,4,8,0,3389,1,0.888908,0.001188,83,40,0.646855,0.029063,59,40,1
150.109.149.87,192.168.10.5,202305150501,12,13,25,0,22,1,1.074503,0.0,1028,52,0.97415,0.000805,699,52,1
34.78.6.216,192.168.10.5,202305150501,5,5,10,0,6664,1,1.238909,0.000341,316,52,1.008405,0.0,60,52,1
103.162.36.21,192.168.10.5,202305150501,4,4,8,0,3389,1,0.136102,0.0,83,40,0.094997,9e-05,59,40,1
163.172.147.100,192.168.10.5,202305150501,1,1,2,0,873,1,-10000,-10000,44,44,-10000,-10000,40,40,1
43.153.104.18,192.168.10.5,202305150502,12,13,25,0,22,1,1.137399,0.0,1028,52,0.97586,0.000588,699,52,1
134.209.152.196,192.168.10.5,202305150501,7,5,12,0,33022,1,48.299327,0.000893,60,40,48.42516,1e-06,60,44,1
5.161.183.87,192.168.10.5,202305150502,4,3,7,0,3389,1,0.230585,0.000728,83,40,0.17926,0.052574,59,40,1
162.216.150.135,192.168.10.5,202305150502,4,4,8,0,25327,1,1.211892,0.0,44,44,1.437883,0.0,44,40,1
130.211.54.158,192.168.10.5,202305150502,5,5,10,0,9595,1,1.240151,0.0,315,52,1.009071,0.0,60,52,1
58.99.120.45,192.168.10.5,202305150501,1,6,7,0,23,1,-10000,-10000,44,44,16.240974,1.008777,44,44,1
202.77.105.98,192.168.10.5,202305150502,12,14,26,0,22,1,1.106676,0.000591,1028,52,0.968851,0.0,676,52,1
176.236.53.196,192.168.10.5,202305150502,4,3,7,0,3389,1,0.337547,0.00326,83,40,0.288883,0.041941,59,40,1
94.102.61.28,192.168.10.5,202305150501,7,11,18,0,1041,1,43.580567,0.0,259,44,16.240797,7.1e-05,60,44,1
200.89.174.178,192.168.10.5,202305150502,14,16,30,0,22,1,1.515491,0.000593,1028,52,1.345774,0.000495,699,52,1
34.100.200.229,192.168.10.5,202305150502,12,13,25,0,22,1,1.159458,1e-06,1028,52,0.974223,0.001249,699,52,1
128.1.91.93,192.168.10.5,202305150502,3,1,4,0,2761,1,0.119751,0.052416,44,40,-10000,-10000,44,44,1
148.251.153.126,192.168.10.5,202305150502,16,12,28,0,3389,1,12.731961,0.0,83,40,13.01031,0.022221,59,40,1
27.254.47.59,192.168.10.5,202305150502,12,14,26,0,22,1,1.1171,0.000341,1028,52,0.971794,0.000244,699,52,1
89.248.165.52,192.168.10.5,202305150457,35,64,99,0,2229,1,28.563968,0.998181,60,60,28.564652,0.011312,60,40,1
94.102.61.31,192.168.10.5,202305150502,1,0,0,1,1900,1,-10000,-10000,127,127,-10000,-10000,-10000,-10000,1
23.224.98.194,192.168.10.5,202305150502,12,15,27,0,22,1,1.134668,0.001143,1028,52,0.971992,4.8e-05,676,52,1
109.205.213.54,192.168.10.5,202305150503,5,5,10,0,3381,1,1.172519,0.000896,59,40,1.007687,0.0,52,40,1
220.130.222.105,192.168.10.5,202305150503,12,14,26,0,22,1,1.054715,0.000292,1028,52,0.97563,0.001128,699,52,1
129.226.93.57,192.168.10.5,202305150503,12,13,25,0,22,1,1.112078,1e-06,1028,52,0.97174,0.000789,699,52,1
176.98.42.218,192.168.10.5,202305150503,4,3,7,0,3389,1,0.357181,0.000294,83,40,0.300701,0.054721,59,40,1
64.62.197.115,192.168.10.5,202305150503,1,0,0,1,5683,1,-10000,-10000,32,32,-10000,-10000,-10000,-10000,1
128.1.91.91,192.168.10.5,202305150503,5,5,10,0,2761,1,1.122821,0.000719,100,52,1.008673,1e-06,60,52,1
128.14.133.50,192.168.10.5,202305150503,44,43,87,0,2761,1,1.299156,0.0,868,52,1.299947,0.0,60,40,1
146.59.127.25,192.168.10.5,202305150503,12,14,26,0,22,1,1.282755,1e-06,1028,52,0.974109,0.0001,699,52,1
103.162.36.21,192.168.10.5,202305150503,4,3,7,0,3389,1,0.124238,0.002118,83,40,0.098555,0.025198,59,40,1
146.88.240.4,192.168.10.5,202305150503,1,0,0,1,5093,1,-10000,-10000,34,34,-10000,-10000,-10000,-10000,1
35.203.211.43,192.168.10.5,202305150503,4,4,8,0,57099,1,1.506061,0.0,44,44,1.406797,0.0,44,40,1
23.83.130.145,192.168.10.5,202305150503,4,3,7,0,3389,1,0.521014,0.000892,83,40,0.416729,0.166909,59,40,1
182.61.45.113,192.168.10.5,202305150503,5,6,11,0,5900,1,0.882665,0.0,64,52,0.655507,0.000822,64,52,1
114.132.218.137,192.168.10.5,202305150503,5,7,12,0,5900,1,1.617287,0.0,64,52,0.708924,0.000634,64,52,1
35.203.211.157,192.168.10.5,202305150503,4,4,8,0,40667,1,1.459403,0.0,44,44,1.256983,0.0,44,40,1
176.236.53.196,192.168.10.5,202305150503,4,3,7,0,3389,1,0.31546,0.003574,83,40,0.288307,0.021107,59,40,1
43.153.104.18,192.168.10.5,202305150503,12,14,26,0,22,1,1.129352,0.0,1028,52,0.971968,0.000444,699,52,1
150.109.149.87,192.168.10.5,202305150503,12,13,25,0,22,1,1.074183,0.0,1028,52,0.973469,0.000983,699,52,1
202.77.105.98,192.168.10.5,202305150503,12,13,25,0,22,1,1.11504,0.000556,1028,52,0.971885,0.000946,699,52,1
34.100.200.229,192.168.10.5,202305150503,12,13,25,0,22,1,1.157876,0.000295,1028,52,0.971808,0.000954,699,52,1
8.129.172.226,192.168.10.5,202305150503,4,3,7,0,3389,1,0.260386,0.000594,83,40,0.209213,0.052421,59,40,1
218.58.69.121,192.168.10.5,202305150503,4,4,8,0,22737,1,1.093633,1e-06,44,40,1.075374,0.0,44,40,1
165.22.121.8,192.168.10.5,202305150504,4,4,8,0,19933,1,1.260717,0.0,60,52,1.252742,0.0,60,52,1
157.245.42.242,192.168.10.5,202305150504,6,5,11,0,80,1,0.249359,0.0,563,52,0.247091,4.4e-05,212,52,1
23.224.98.194,192.168.10.5,202305150504,12,14,26,0,22,1,1.128386,0.000279,1028,52,0.976447,4.8e-05,699,52,1
36.138.197.31,192.168.10.5,202305150504,5,5,10,0,5900,1,0.104537,0.0,64,52,0.103185,0.001594,64,52,1
51.255.109.175,192.168.10.5,202305150504,2,1,3,0,12345,1,0.254283,0.254283,60,40,-10000,-10000,60,60,1
159.89.124.112,192.168.10.5,202305150452,601,476,1077,0,465,44,57.411393,0.0,569,52,57.412037,0.0,1437,40,1
148.251.153.126,192.168.10.5,202305150504,16,13,29,0,3389,1,12.823687,0.0,83,40,13.076247,0.0,59,40,1
94.102.61.54,192.168.10.5,202305150504,6,5,11,0,8160,1,1.250822,0.000299,259,52,1.008016,0.0,60,52,1
129.226.93.57,192.168.10.5,202305150504,12,14,26,0,22,1,1.104899,0.0,1028,52,0.972382,4.9e-05,699,52,1
220.130.222.105,192.168.10.5,202305150504,14,15,29,0,22,1,1.063237,0.00149,1028,52,0.974625,0.000593,676,52,1
27.254.47.59,192.168.10.5,202305150504,12,14,26,0,22,1,1.116126,0.000635,1028,52,0.968052,0.000143,699,52,1
175.11.89.123,192.168.10.5,202305150504,2,1,3,0,23,1,0.197182,0.197182,44,40,-10000,-10000,44,44,1
176.236.53.196,192.168.10.5,202305150504,4,3,7,0,3389,1,0.315146,0.001793,83,40,0.290827,0.023052,59,40,1
176.98.42.218,192.168.10.5,202305150504,4,3,7,0,3389,1,0.391416,0.001729,83,40,0.287689,0.101842,59,40,1
104.237.62.211,192.168.10.5,202305150504,12,13,25,0,49418,1,0.133121,0.0,2628,52,0.174621,0.0,575,40,1
146.59.127.25,192.168.10.5,202305150504,12,14,26,0,22,1,1.291081,0.0,1028,52,0.976376,0.000195,699,52,1
128.116.77.100,192.168.10.5,202305150503,16,82,98,0,80,2,24.562748,0.008477,52,52,9.132817,0.0,52,44,1
202.77.105.98,192.168.10.5,202305150504,14,15,29,0,22,1,1.108643,0.000166,1028,52,0.97313,0.000596,676,52,1
34.76.158.233,192.168.10.5,202305150505,5,5,10,0,5560,1,1.23656,0.000919,315,52,1.007761,0.0,60,52,1
34.100.200.229,192.168.10.5,202305150505,12,13,25,0,22,1,1.157643,0.0,1028,52,0.970869,0.001193,699,52,1
43.153.104.18,192.168.10.5,202305150505,12,14,26,0,22,1,1.133723,0.0,1028,52,0.975019,0.0,699,52,1
150.109.149.87,192.168.10.5,202305150505,12,13,25,0,22,1,1.077132,3.6e-05,1028,52,0.974226,0.001043,699,52,1
23.224.98.194,192.168.10.5,202305150505,12,14,26,0,22,1,1.125453,0.000552,1028,52,0.97227,0.000515,676,52,1
162.62.191.231,192.168.10.5,202305150505,17,13,30,0,8023,1,10.009846,0.0,295,40,10.294876,0.0,60,52,1
216.218.206.84,192.168.10.5,202305150505,1,1,2,0,83,1,-10000,-10000,44,44,-10000,-10000,40,40,1
198.235.24.164,192.168.10.5,202305150505,2,1,3,0,30005,1,0.233238,0.233238,44,40,-10000,-10000,44,44,1
8.129.172.226,192.168.10.5,202305150505,4,3,7,0,3389,1,0.259693,0.0,83,40,0.217853,0.03566,59,40,1
200.89.174.178,192.168.10.5,202305150505,18,17,35,0,22,1,1.430776,0.0,1028,52,1.417684,0.000547,676,52,1
150.158.50.247,192.168.10.5,202305150505,6,6,12,0,5900,1,0.999428,0.0,64,52,0.999428,0.001242,64,52,1
129.226.93.57,192.168.10.5,202305150505,12,14,26,0,22,1,1.098735,0.0,1028,52,0.971731,0.0,699,52,1
220.130.222.105,192.168.10.5,202305150506,14,14,28,0,22,1,1.055149,0.000294,1028,52,0.973579,0.000828,699,52,1
106.55.7.207,192.168.10.5,202305150506,5,5,10,0,5900,1,0.223769,0.002279,64,52,0.225015,0.000823,64,52,1
148.251.153.126,192.168.10.5,202305150505,16,12,28,0,3389,1,12.547823,0.0,83,40,12.814361,0.036235,59,40,1
159.89.124.112,192.168.10.5,202305150506,12,10,22,0,2087,2,2.681348,0.003203,301,52,2.877977,0.0,60,52,1
176.236.53.196,192.168.10.5,202305150506,4,3,7,0,3389,1,0.436396,0.000894,83,40,0.285783,0.147643,59,40,1
217.17.230.165,192.168.10.5,202305150506,4,3,7,0,3389,1,0.237127,1e-06,83,40,0.191427,0.045913,59,40,1
91.240.118.224,192.168.10.5,202305150506,3,1,4,0,8598,1,0.282312,0.003298,44,40,-10000,-10000,44,44,1
106.14.41.171,192.168.10.5,202305150506,5,5,10,0,5900,1,0.18071,1e-06,64,52,0.182052,0.001143,64,52,1
106.14.107.14,192.168.10.5,202305150506,5,5,10,0,5900,1,0.177215,1e-06,64,52,0.178465,0.001292,64,52,1
202.77.105.98,192.168.10.5,202305150506,12,14,26,0,22,1,1.116159,0.00028,1028,52,0.972115,0.0,676,52,1
218.92.0.95,192.168.10.5,202305150506,11,10,21,0,22,1,0.243126,0.0,908,52,0.252084,0.000893,699,52,1
183.255.49.86,192.168.10.5,202305150506,5,7,12,0,5900,1,0.504027,0.0,64,52,0.401605,0.0,64,52,1
106.15.229.166,192.168.10.5,202305150506,6,8,14,0,5900,1,1.386498,1e-06,64,52,0.644487,0.001042,64,52,1
110.40.208.171,192.168.10.5,202305150506,5,5,10,0,5900,1,0.174617,0.0,64,52,0.174811,0.001291,64,52,1
124.221.178.222,192.168.10.5,202305150506,6,6,12,0,5900,1,0.489444,0.0,64,52,0.489444,0.001139,64,52,1
176.98.42.218,192.168.10.5,202305150506,4,3,7,0,3389,1,0.380365,0.0,83,40,0.285731,0.091363,59,40,1
124.223.73.187,192.168.10.5,202305150506,5,6,11,0,5900,1,0.771266,0.0,64,52,0.586205,0.001487,64,52,1
124.223.169.131,192.168.10.5,202305150506,6,6,12,0,5900,1,0.999149,0.0,64,52,0.999149,0.001493,64,52,1
124.222.197.135,192.168.10.5,202305150506,6,7,13,0,5900,1,0.753028,0.0,64,52,0.573135,0.001418,64,52,1
34.100.200.229,192.168.10.5,202305150506,12,14,26,0,22,1,1.162383,0.0,1028,52,0.972796,5.4e-05,699,52,1
146.59.127.25,192.168.10.5,202305150506,12,13,25,0,22,1,1.301854,0.0,1028,52,0.973782,0.000945,699,52,1
175.30.116.199,192.168.10.5,202305150506,7,4,11,0,23,1,7.71214,0.153737,60,40,0.998049,0.248656,60,44,1
27.254.47.59,192.168.10.5,202305150506,12,14,26,0,22,1,1.120688,0.0,1028,52,0.973651,0.0,699,52,1
23.224.98.194,192.168.10.5,202305150506,12,15,27,0,22,1,1.143916,0.001186,1028,52,0.971984,0.000645,676,52,1
49.235.99.176,192.168.10.5,202305150506,5,3,8,0,6379,1,0.257664,0.001114,66,52,0.257569,0.181833,60,52,1
43.153.104.18,192.168.10.5,202305150506,90,121,211,0,22,1,1.133473,0.0,1028,52,0.972576,0.000396,788,52,1
192.241.232.15,192.168.10.5,202305150506,6,11,17,0,29015,1,46.049188,0.000594,77,44,16.240929,0.0,60,44,1
103.158.96.154,192.168.10.5,202305150506,8,10,18,0,3389,1,2.96673,0.0,83,40,2.44307,0.0,59,40,1
23.83.130.145,192.168.10.5,202305150507,4,3,7,0,3389,1,0.401812,0.001,83,40,0.360652,0.031266,59,40,1
162.142.125.81,192.168.10.5,202305150507,2,1,3,0,21443,1,0.138509,0.138509,44,40,-10000,-10000,44,44,1
162.142.125.226,192.168.10.5,202305150507,14,10,24,0,21443,1,1.16773,0.0,295,40,1.157235,0.0,60,40,1
198.235.24.164,192.168.10.5,202305150507,6,5,11,0,30005,1,1.237995,0.0,378,52,1.009226,0.0,60,52,1
162.142.125.160,192.168.10.5,202305150507,2,1,3,0,21443,1,0.148744,0.148744,60,40,-10000,-10000,60,60,1
176.236.53.196,192.168.10.5,202305150507,4,3,7,0,3389,1,0.435297,0.0006,83,40,0.282891,0.148547,59,40,1
198.199.116.84,192.168.10.5,202305150506,1,6,7,0,8443,1,-10000,-10000,44,44,16.240582,1.010947,44,44,1
150.109.149.87,192.168.10.5,202305150507,90,125,215,0,22,1,1.097415,0.0,1028,52,0.974145,0.000134,788,52,1
150.158.34.228,192.168.10.5,202305150507,5,5,10,0,5900,1,0.174573,1e-06,64,52,0.173468,0.001392,64,52,1
129.226.93.57,192.168.10.5,202305150507,90,123,213,0,22,1,1.109375,0.0,1028,52,0.975191,9.5e-05,788,52,1
220.130.222.105,192.168.10.5,202305150507,15,14,29,0,22,1,1.054159,0.000337,1028,52,0.971833,0.001249,699,52,1
89.248.165.242,192.168.10.5,202305150507,3,1,4,0,4101,1,0.241027,0.006235,44,40,-10000,-10000,44,44,1
202.77.105.98,192.168.10.5,202305150507,12,13,25,0,22,1,1.104902,0.000331,1028,52,0.971597,0.001102,699,52,1
192.168.3.118,172.29.148.192,202305150506,20,0,20,0,55443,1,12.845932,1.013085,60,60,-10000,-10000,-10000,-10000,0
34.100.200.229,192.168.10.5,202305150507,12,14,26,0,22,1,1.160029,0.0,1028,52,0.975463,0.000144,699,52,1
148.251.153.126,192.168.10.5,202305150507,16,12,28,0,3389,1,12.31043,1e-06,83,40,12.573412,0.025501,59,40,1
23.224.98.194,192.168.10.5,202305150507,12,14,26,0,22,1,1.138872,0.000339,1028,52,0.972047,0.000149,699,52,1
8.129.172.226,192.168.10.5,202305150507,4,3,7,0,3389,1,0.271679,0.0,83,40,0.222776,0.054087,59,40,1
141.98.6.168,192.168.10.5,202305150507,1,0,0,1,123,1,-10000,-10000,220,220,-10000,-10000,-10000,-10000,1
176.98.42.218,192.168.10.5,202305150508,4,3,7,0,3389,1,0.333629,0.001232,83,40,0.301346,0.029718,59,40,1
193.163.125.172,192.168.10.5,202305150508,2,1,3,0,4153,1,0.265423,0.265423,44,40,-10000,-10000,44,44,1
146.59.127.25,192.168.10.5,202305150508,12,14,26,0,22,1,1.282138,0.0,1028,52,0.971882,0.000401,699,52,1
43.153.104.18,192.168.10.5,202305150508,12,13,25,0,22,1,1.133198,4.7e-05,1028,52,0.974701,0.001129,699,52,1
162.216.150.109,192.168.10.5,202305150508,4,4,8,0,58711,1,1.230871,1e-06,44,44,1.468206,0.0,44,40,1
64.225.74.178,192.168.10.5,202305150508,23,18,41,0,8333,1,3.124344,0.00012,303,52,3.408994,0.0,60,52,1
27.254.47.59,192.168.10.5,202305150508,12,13,25,0,22,1,1.12071,1e-06,1028,52,0.973423,0.000734,699,52,1
89.248.165.118,192.168.10.5,202305150508,3,1,4,0,6655,1,0.241262,0.028606,44,40,-10000,-10000,44,44,1
176.236.53.196,192.168.10.5,202305150508,4,3,7,0,3389,1,0.368297,1e-06,83,40,0.284517,0.077392,59,40,1
5.161.183.87,192.168.10.5,202305150508,4,3,7,0,3389,1,0.218112,0.0,83,40,0.170246,0.046133,59,40,1
42.200.150.157,192.168.10.5,202305150507,13,9,22,0,445,1,51.927723,0.014614,180,40,52.690176,0.005972,221,40,1
58.211.207.70,192.168.10.5,202305150508,6,6,12,0,5900,1,1.001347,0.0,64,52,1.001346,0.000994,64,52,1
220.133.176.35,192.168.10.5,202305150508,2,1,3,0,23,1,0.042639,0.042639,44,40,-10000,-10000,44,44,1
129.226.93.57,192.168.10.5,202305150508,12,14,26,0,22,1,1.102622,1e-06,1028,52,0.9725,0.0,699,52,1
179.43.163.132,192.168.10.5,202305150508,6,5,11,0,4719,1,1.279906,0.004478,60,40,1.277661,0.0,60,44,1
220.130.222.105,192.168.10.5,202305150508,16,15,31,0,22,1,1.050963,0.001234,1028,52,0.97009,0.000552,676,52,1
202.77.105.98,192.168.10.5,202305150509,14,14,28,0,22,1,1.106974,0.000341,1028,52,0.973241,0.000788,676,52,1
150.109.149.87,192.168.10.5,202305150509,12,13,25,0,22,1,1.064982,1e-06,1028,52,0.974133,0.000952,699,52,1
159.89.124.112,192.168.10.5,202305150508,29,24,53,0,8200,2,11.309274,1e-06,326,52,11.309753,0.0,60,52,1
200.89.174.178,192.168.10.5,202305150509,18,16,34,0,22,1,1.736393,0.0,1028,52,1.704053,0.00085,676,52,1
34.100.200.229,192.168.10.5,202305150509,12,14,26,0,22,1,1.158791,0.0,1028,52,0.973723,0.000349,699,52,1
89.248.163.162,192.168.10.5,202305150509,3,1,4,0,3011,1,0.235478,0.015367,44,40,-10000,-10000,44,44,1
198.235.24.192,192.168.10.5,202305150509,2,1,3,0,8080,1,0.230553,0.230553,44,40,-10000,-10000,44,44,1
218.92.0.27,192.168.10.5,202305150509,12,13,25,0,22,1,0.592272,0.0,908,52,0.591115,0.000931,699,52,1
148.251.153.126,192.168.10.5,202305150509,16,13,29,0,3389,1,12.335464,0.0,83,40,12.597841,0.00013,59,40,1
176.98.42.218,192.168.10.5,202305150509,4,3,7,0,3389,1,0.325014,0.0,83,40,0.29098,0.03154,59,40,1
146.59.127.25,192.168.10.5,202305150509,12,14,26,0,22,1,1.28628,1e-06,1028,52,0.972026,9.9e-05,699,52,1
205.210.31.88,192.168.10.5,202305150508,8,6,14,0,10443,1,51.190214,1e-06,378,40,51.343563,1e-06,60,44,1
35.203.211.204,192.168.10.5,202305150509,4,4,8,0,13367,1,1.389121,1e-06,44,44,1.381007,1e-06,44,40,1
176.236.53.196,192.168.10.5,202305150509,4,3,7,0,3389,1,0.344626,0.004121,83,40,0.291228,0.053426,59,40,1
47.74.90.127,192.168.10.5,202305150509,9,7,16,0,443,1,0.209166,0.014872,569,52,0.316356,0.000687,1487,52,1
103.158.96.154,192.168.10.5,202305150509,7,10,17,0,3389,1,12.234711,0.0,83,40,6.182759,0.0,59,40,1
8.129.172.226,192.168.10.5,202305150509,4,4,8,0,3389,1,0.969596,0.000338,83,40,0.675907,0.077745,59,40,1
106.12.29.34,192.168.10.5,202305150509,6,6,12,0,5900,1,1.000647,0.0,64,52,1.000647,0.00063,64,52,1
43.153.104.18,192.168.10.5,202305150509,12,13,25,0,22,1,1.131961,0.000293,1028,52,0.973361,0.000892,699,52,1
42.200.150.157,192.168.10.5,202305150510,2,0,2,0,445,1,0.015157,0.015157,40,40,-10000,-10000,-10000,-10000,1
129.226.93.57,192.168.10.5,202305150510,12,13,25,0,22,1,1.105486,0.0,1028,52,0.973483,0.001303,699,52,1
220.130.222.105,192.168.10.5,202305150510,14,13,27,0,22,1,1.061648,0.001026,1028,52,0.976516,0.001299,699,52,1
202.77.105.98,192.168.10.5,202305150510,12,13,25,0,22,1,1.105174,0.000328,1028,52,0.974417,0.001168,699,52,1
192.168.10.4,192.168.10.5,202305150510,36,13,49,0,64297,1,5.039382,0.0,575,52,5.039399,0.0,3876,40,1
27.254.47.59,192.168.10.5,202305150510,12,13,25,0,22,1,1.112864,1e-06,1028,52,0.973331,0.001187,699,52,1
34.100.200.229,192.168.10.5,202305150510,12,13,25,0,22,1,1.151036,0.0,1028,52,0.973674,0.000843,699,52,1
198.235.24.192,192.168.10.5,202305150510,6,5,11,0,8080,1,1.23741,0.000292,259,52,1.009148,0.0,60,52,1
182.92.217.42,192.168.10.5,202305150510,7,3,10,0,6379,1,0.099485,0.0,66,40,0.10353,0.001944,60,40,1
150.109.149.87,192.168.10.5,202305150510,12,13,25,0,22,1,1.094488,0.0,1028,52,0.96874,0.001144,699,52,1
45.156.129.17,192.168.10.5,202305150510,3,1,4,0,1515,1,0.219268,0.142696,44,40,-10000,-10000,44,44,1
218.92.0.95,192.168.10.5,202305150510,14,13,27,0,22,1,0.532653,0.000314,908,52,0.531601,0.001151,676,52,1
23.83.130.145,192.168.10.5,202305150510,4,3,7,0,3389,1,0.450675,0.0,83,40,0.389215,0.026759,59,40,1
198.199.116.84,192.168.10.5,202305150511,9,6,15,0,8443,1,0.170733,0.000294,180,52,0.281348,0.000441,1376,52,1
176.236.53.196,192.168.10.5,202305150511,4,3,7,0,3389,1,0.33072,0.002969,83,40,0.286184,0.041475,59,40,1
176.98.42.218,192.168.10.5,202305150511,4,3,7,0,3389,1,0.310407,0.000615,83,40,0.291124,0.019054,59,40,1
194.26.29.195,192.168.10.5,202305150511,3,1,4,0,3883,1,0.301166,0.027185,44,40,-10000,-10000,44,44,1
159.89.124.112,192.168.10.5,202305150511,6,5,11,0,2345,1,2.75043,0.01989,314,52,2.946513,1e-06,60,52,1
148.251.153.126,192.168.10.5,202305150510,16,12,28,0,3389,1,12.325643,0.0,83,40,12.589786,0.027812,59,40,1
146.59.127.25,192.168.10.5,202305150511,12,14,26,0,22,1,1.283778,0.000847,1028,52,0.975698,4.8e-05,699,52,1
106.13.223.201,192.168.10.5,202305150511,5,5,10,0,5900,1,0.225492,0.0,64,52,0.226439,0.001036,64,52,1
129.226.93.57,192.168.10.5,202305150511,12,14,26,0,22,1,1.107547,0.0,1028,52,0.97123,4.9e-05,699,52,1
43.153.104.18,192.168.10.5,202305150511,12,13,25,0,22,1,1.135624,3.7e-05,1028,52,0.974208,0.001031,699,52,1
103.158.96.154,192.168.10.5,202305150511,4,9,13,0,3389,1,24.723301,0.266037,83,40,12.116058,0.005872,59,40,1
8.129.172.226,192.168.10.5,202305150511,4,4,8,0,3389,1,0.920931,0.0,83,40,0.661087,0.043303,59,40,1
220.130.222.105,192.168.10.5,202305150511,14,14,28,0,22,1,1.054495,0.000277,1028,52,0.970041,0.000297,699,52,1
198.235.24.203,192.168.10.5,202305150511,1,1,2,0,83,1,-10000,-10000,44,44,-10000,-10000,40,40,1
193.57.40.49,192.168.10.5,202305150511,3,1,4,0,3358,1,0.238913,0.003574,44,40,-10000,-10000,44,44,1
64.62.197.132,192.168.10.5,202305150512,1,1,2,0,87,1,-10000,-10000,44,44,-10000,-10000,40,40,1
141.98.6.145,192.168.10.5,202305150511,5,3,8,0,23,1,46.281906,0.261778,60,52,46.544566,0.264934,60,52,1
107.170.242.6,192.168.10.5,202305150512,1,1,2,0,109,1,-10000,-10000,44,44,-10000,-10000,40,40,1
184.105.139.77,192.168.10.5,202305150512,1,0,0,1,34980,1,-10000,-10000,74,74,-10000,-10000,-10000,-10000,1
176.236.53.196,192.168.10.5,202305150512,4,3,7,0,3389,1,0.397081,0.000933,83,40,0.287918,0.103215,59,40,1
27.254.47.59,192.168.10.5,202305150512,12,14,26,0,22,1,1.116587,0.0,1028,52,0.972157,0.0002,699,52,1
200.89.174.178,192.168.10.5,202305150512,17,16,33,0,22,1,1.452342,0.0,1028,52,1.583076,0.000928,676,52,1
8.131.63.16,192.168.10.5,202305150512,3,1,4,0,2375,1,0.125681,0.08842,44,40,-10000,-10000,44,44,1
45.156.129.20,192.168.10.5,202305150512,5,5,10,0,1515,1,1.144516,0.001197,100,52,1.008525,1e-06,60,52,1
176.98.42.218,192.168.10.5,202305150512,4,4,8,0,3389,1,0.356272,0.0,83,40,0.314511,0.0,59,40,1
45.156.129.17,192.168.10.5,202305150512,38,38,76,0,1515,1,1.642313,0.0,868,52,1.642954,0.0,60,40,1
113.160.172.126,192.168.10.5,202305150512,5,5,10,0,5900,1,0.128414,0.002635,64,52,0.130237,0.00115,64,52,1
194.26.29.195,192.168.10.5,202305150512,3,1,4,0,7249,1,0.285227,0.032307,44,40,-10000,-10000,44,44,1
217.17.230.165,192.168.10.5,202305150512,4,3,7,0,3389,1,0.22762,1e-06,83,40,0.189399,0.038634,59,40,1
148.251.153.126,192.168.10.5,202305150512,16,12,28,0,3389,1,12.401013,0.0,83,40,12.662407,0.024957,59,40,1
150.109.149.87,192.168.10.5,202305150512,12,14,26,0,22,1,1.068896,1e-06,1028,52,0.973456,0.00015,699,52,1
146.59.127.25,192.168.10.5,202305150512,12,14,26,0,22,1,1.282753,0.0,1028,52,0.974029,0.0,699,52,1
146.88.241.141,192.168.10.5,202305150512,1,0,0,1,1900,1,-10000,-10000,127,127,-10000,-10000,-10000,-10000,1
162.243.132.18,192.168.10.5,202305150512,1,6,7,0,9042,1,-10000,-10000,44,44,16.240598,1.026852,44,44,1
129.226.93.57,192.168.10.5,202305150512,12,13,25,0,22,1,1.129259,0.0,1028,52,0.971615,0.000893,699,52,1
114.156.3.164,192.168.10.5,202305150511,12,8,20,0,4719,2,50.051015,0.0,44,40,79.115329,0.0,44,40,1
159.89.124.112,192.168.10.5,202305150513,8,6,14,0,25,1,3.766837,0.149475,78,52,3.917985,0.000446,124,52,1
182.151.29.95,192.168.10.5,202305150513,6,7,13,0,5900,1,1.002086,0.0,64,52,1.002231,5.2e-05,64,52,1
167.248.133.165,192.168.10.5,202305150513,2,1,3,0,12367,1,0.140269,0.140269,44,40,-10000,-10000,44,44,1
167.248.133.52,192.168.10.5,202305150513,14,9,23,0,12367,1,1.151056,1e-06,295,40,1.144221,0.0,60,52,1
43.153.104.18,192.168.10.5,202305150513,12,14,26,0,22,1,1.12783,0.000595,1028,52,0.971318,4.9e-05,699,52,1
220.130.222.105,192.168.10.5,202305150513,12,14,26,0,22,1,1.053043,0.000305,1028,52,0.973262,0.000944,699,52,1
218.92.0.22,192.168.10.5,202305150513,13,17,30,0,22,1,1.125201,0.0,908,52,0.901851,0.000991,699,52,1
124.223.57.237,192.168.10.5,202305150513,5,5,10,0,5900,1,0.200549,0.0,64,52,0.199721,0.001538,64,52,1
124.221.254.119,192.168.10.5,202305150513,5,5,10,0,5900,1,0.179737,0.0,64,52,0.180711,0.000984,64,52,1
122.51.127.85,192.168.10.5,202305150513,5,6,11,0,5900,1,0.749488,1e-06,64,52,0.577418,0.000998,64,52,1
124.222.93.58,192.168.10.5,202305150513,6,6,12,0,5900,1,0.999536,1e-06,64,52,0.999536,0.001037,64,52,1
121.5.22.7,192.168.10.5,202305150513,6,6,12,0,5900,1,1.000663,0.001201,64,52,1.000663,0.000851,64,52,1
176.236.53.196,192.168.10.5,202305150513,4,3,7,0,3389,1,0.333324,0.003872,83,40,0.29066,0.035155,59,40,1
167.248.133.131,192.168.10.5,202305150513,2,1,3,0,5060,1,0.143982,0.143982,44,40,-10000,-10000,44,44,1
167.248.133.38,192.168.10.5,202305150513,7,7,14,0,5060,1,0.160825,0.001195,314,52,0.156019,0.004672,60,40,1
8.129.172.226,192.168.10.5,202305150513,4,3,7,0,3389,1,0.277618,0.0,83,40,0.220242,0.067423,59,40,1
120.79.43.91,192.168.10.5,202305150513,5,5,10,0,5900,1,0.216551,0.0,64,52,0.217046,0.000893,64,52,1
120.25.227.158,192.168.10.5,202305150513,5,5,10,0,5900,1,0.221948,1e-06,64,52,0.221454,0.000389,64,52,1
106.53.74.140,192.168.10.5,202305150513,5,5,10,0,5900,1,0.215294,0.0,64,52,0.215792,0.001151,64,52,1
47.74.25.120,192.168.10.5,202305150513,5,4,9,0,1111,1,1.020914,0.0,83,40,1.00852,1e-06,52,40,1
101.34.37.129,192.168.10.5,202305150513,5,5,10,0,5900,1,0.174904,0.0,64,52,0.174227,0.001447,64,52,1
162.142.125.89,192.168.10.5,202305150514,2,1,3,0,18107,1,0.159386,0.159386,44,40,-10000,-10000,44,44,1
185.225.74.160,192.168.10.5,202305150513,11,7,18,0,5555,1,44.700859,0.0,402,40,1.176959,0.000413,199,44,1
176.98.42.218,192.168.10.5,202305150514,4,3,7,0,3389,1,0.33011,0.001199,83,40,0.293241,0.033441,59,40,1
162.243.132.15,192.168.10.5,202305150513,1,6,7,0,3306,1,-10000,-10000,44,44,16.240496,1.02431,44,44,1
162.243.132.18,192.168.10.5,202305150514,6,5,11,0,9042,1,1.126919,0.0,85,52,1.00878,0.0,60,52,1
113.142.66.88,192.168.10.5,202305150514,8,8,16,0,5900,1,3.624776,0.0,64,52,3.624775,0.000292,64,52,1
159.89.124.112,192.168.10.5,202305150514,6,5,11,0,7001,1,3.414039,0.008049,301,52,3.598132,0.0,60,52,1
27.254.47.59,192.168.10.5,202305150514,12,13,25,0,22,1,1.112348,0.0,1028,52,0.972043,0.001476,699,52,1
146.59.127.25,192.168.10.5,202305150514,12,14,26,0,22,1,1.275851,0.0,1028,52,0.975711,4.9e-05,699,52,1
129.226.93.57,192.168.10.5,202305150514,12,13,25,0,22,1,1.132009,0.0,1028,52,0.976598,0.001152,699,52,1
148.251.153.126,192.168.10.5,202305150514,16,13,29,0,3389,1,12.470101,0.0,83,40,12.71826,0.000141,59,40,1
162.142.125.250,192.168.10.5,202305150514,2,1,3,0,44773,1,0.143879,0.143879,44,40,-10000,-10000,44,44,1
162.216.150.50,192.168.10.5,202305150514,4,4,8,0,54655,1,1.186814,0.0,44,44,1.325974,0.0,44,40,1
162.142.125.160,192.168.10.5,202305150513,6,3,9,0,12367,3,57.230851,0.149788,60,40,57.388623,24.854544,60,60,1
162.142.125.13,192.168.10.5,202305150514,28,19,47,0,18107,2,20.116313,0.0,295,40,20.116708,0.0,60,40,1
150.109.149.87,192.168.10.5,202305150514,12,13,25,0,22,1,1.068217,4.5e-05,1028,52,0.97138,0.000865,699,52,1
23.83.130.145,192.168.10.5,202305150514,4,3,7,0,3389,1,0.476542,0.0,83,40,0.390988,0.042642,59,40,1
176.236.53.196,192.168.10.5,202305150514,4,3,7,0,3389,1,0.3798,0.001347,83,40,0.284813,0.088315,59,40,1
220.130.222.105,192.168.10.5,202305150514,14,14,28,0,22,1,1.055416,0.000913,1028,52,0.973691,4.8e-05,699,52,1
49.232.150.20,192.168.10.5,202305150514,6,5,11,0,6379,1,0.539381,1e-06,66,52,0.53913,0.142461,64,52,1
43.153.104.18,192.168.10.5,202305150514,90,120,210,0,22,1,1.128987,0.0,1028,52,0.972302,0.000796,788,52,1
5.161.183.87,192.168.10.5,202305150515,4,3,7,0,3389,1,0.233793,0.002135,83,40,0.17455,0.056561,59,40,1
185.180.143.162,192.168.10.5,202305150515,3,1,4,0,6881,1,0.226099,0.125099,44,40,-10000,-10000,44,44,1
185.180.143.146,192.168.10.5,202305150515,40,39,79,0,6881,1,1.464736,0.0,868,52,1.465147,0.0,60,40,1
185.180.143.161,192.168.10.5,202305150515,5,5,10,0,6881,1,1.239836,1e-06,100,52,1.008927,0.0,60,52,1
114.132.156.71,192.168.10.5,202305150515,6,6,12,0,5900,1,0.527029,0.0,64,52,0.527029,0.000752,64,52,1
192.168.3.117,172.29.148.192,202305150513,20,0,20,0,55443,1,12.855424,1.002082,60,60,-10000,-10000,-10000,-10000,0
23.225.163.221,192.168.10.5,202305150515,29,29,58,0,12281,1,1.14506,0.0,322,52,1.128419,0.0,60,52,1
139.59.18.210,192.168.10.5,202305150515,3,1,4,0,45022,1,0.122869,0.002163,44,40,-10000,-10000,44,44,1
200.89.174.178,192.168.10.5,202305150515,17,19,36,0,22,1,2.856471,0.0,1028,52,1.28142,0.000195,699,52,1
8.129.172.226,192.168.10.5,202305150515,4,3,7,0,3389,1,0.238892,0.000625,83,40,0.213555,0.02436,59,40,1
218.58.139.231,192.168.10.5,202305150515,5,5,10,0,5900,1,0.104255,0.0,64,52,0.103137,0.001193,64,52,1
176.98.42.218,192.168.10.5,202305150515,4,4,8,0,3389,1,0.33364,0.0,83,40,0.29755,0.0,59,40,1
176.236.53.196,192.168.10.5,202305150515,4,3,7,0,3389,1,0.374422,0.002105,83,40,0.285652,0.088724,59,40,1
147.182.225.86,192.168.10.5,202305150515,6,5,11,0,9091,1,4.41984,0.009537,301,52,4.578894,0.0,60,52,1
148.251.153.126,192.168.10.5,202305150515,16,12,28,0,3389,1,12.562113,0.0,83,40,12.820463,0.027116,59,40,1
194.26.29.195,192.168.10.5,202305150516,3,1,4,0,5286,1,0.27344,0.016673,44,40,-10000,-10000,44,44,1
103.162.36.21,192.168.10.5,202305150516,4,3,7,0,3389,1,0.166754,0.000104,83,40,0.096373,0.069961,59,40,1
101.89.216.223,192.168.10.5,202305150516,7,7,14,0,5900,1,1.090312,1e-06,64,52,1.090313,0.000832,64,52,1
27.254.47.59,192.168.10.5,202305150516,12,14,26,0,22,1,1.117402,0.0006,1028,52,0.970466,0.000397,699,52,1
68.183.124.222,192.168.10.5,202305150516,2,1,3,0,40222,1,0.166564,0.166564,44,40,-10000,-10000,44,44,1
162.142.125.228,192.168.10.5,202305150516,2,1,3,0,8844,1,0.14357,0.14357,44,40,-10000,-10000,44,44,1
150.109.149.87,192.168.10.5,202305150516,12,13,25,0,22,1,1.100052,0.0,1028,52,0.975698,0.001048,699,52,1
59.80.22.112,192.168.10.5,202305150516,5,5,10,0,5900,1,0.10693,1e-06,64,52,0.10756,0.001101,64,52,1
162.142.125.224,192.168.10.5,202305150516,14,9,23,0,8844,1,1.17557,0.0,295,40,1.150914,0.0,60,52,1
162.216.149.41,192.168.10.5,202305150516,4,4,8,0,53407,1,1.209462,0.0,44,44,1.258259,0.0,44,40,1
120.55.64.33,192.168.10.5,202305150516,5,6,11,0,5900,1,0.735159,0.0,64,52,0.552914,0.00124,64,52,1
114.215.179.136,192.168.10.5,202305150516,5,5,10,0,5900,1,0.220778,1e-06,64,52,0.220294,0.000634,64,52,1
167.248.133.153,192.168.10.5,202305150516,2,1,3,0,4243,1,0.145945,0.145945,44,40,-10000,-10000,44,44,1
162.142.125.160,192.168.10.5,202305150516,4,2,6,0,8844,2,12.596088,0.144177,60,40,12.740168,12.740168,60,60,1
167.248.133.49,192.168.10.5,202305150516,14,10,24,0,4243,1,1.169669,0.0,295,40,1.154345,0.0,60,40,1
134.209.150.51,192.168.10.5,202305150516,8,5,13,0,7022,1,22.163821,1e-06,60,40,22.278385,5.6e-05,60,44,1
193.163.125.162,192.168.10.5,202305150517,2,1,3,0,32785,1,0.249634,0.249634,44,40,-10000,-10000,44,44,1
162.243.132.15,192.168.10.5,202305150517,6,4,10,0,3306,1,0.116462,0.0,60,52,0.115808,0.002151,108,52,1
176.236.53.196,192.168.10.5,202305150517,4,3,7,0,3389,1,0.448918,1e-06,83,40,0.284744,0.159856,59,40,1
182.61.47.229,192.168.10.5,202305150517,5,5,10,0,5900,1,0.226766,0.0,64,52,0.225539,0.001226,64,52,1
114.132.248.19,192.168.10.5,202305150517,5,5,10,0,5900,1,0.213313,0.0,64,52,0.214111,0.000444,64,52,1
103.162.36.21,192.168.10.5,202305150517,4,3,7,0,3389,1,0.172178,0.000857,83,40,0.096949,0.073929,59,40,1
176.98.42.218,192.168.10.5,202305150517,4,3,7,0,3389,1,0.388178,0.001195,83,40,0.304849,0.081179,59,40,1
91.240.118.224,192.168.10.5,202305150517,3,1,4,0,4262,1,0.278552,0.002115,44,40,-10000,-10000,44,44,1
139.59.18.210,192.168.10.5,202305150517,5,4,9,0,45022,1,1.127073,0.0,60,52,1.126643,0.0,60,52,1
8.129.172.226,192.168.10.5,202305150517,4,3,7,0,3389,1,0.242093,0.000671,83,40,0.222188,0.028554,59,40,1
68.183.124.222,192.168.10.5,202305150517,4,4,8,0,40222,1,1.160705,0.0,60,52,1.159245,0.0,60,52,1
152.89.196.144,192.168.10.5,202305150517,12,13,25,0,80,1,0.287595,0.0,295,52,0.269067,0.0,2856,52,1
148.251.153.126,192.168.10.5,202305150517,16,12,28,0,3389,1,12.501103,0.0,83,40,12.765725,0.029557,59,40,1
35.203.210.37,192.168.10.5,202305150517,4,4,8,0,13107,1,1.46204,0.0,44,44,1.278405,0.0,44,40,1
121.224.77.46,192.168.10.5,202305150518,2,2,4,0,6379,1,1.241053,1.241053,60,40,1.033994,1.033994,60,60,1
150.109.149.87,192.168.10.5,202305150518,12,14,26,0,22,1,1.074824,1e-06,1028,52,0.971582,0.0,699,52,1
89.248.165.109,192.168.10.5,202305150518,16,15,31,0,10920,1,1.263077,0.0,115,52,1.009026,0.0,60,52,1
27.254.47.59,192.168.10.5,202305150518,12,13,25,0,22,1,1.114704,0.000295,1028,52,0.971577,0.001094,699,52,1
95.214.55.244,192.168.10.5,202305150518,6,7,13,0,8085,1,1.277677,0.0,2856,52,1.008621,1e-06,60,52,1
205.210.31.241,192.168.10.5,202305150517,8,6,14,0,9595,1,53.79972,1e-06,377,40,54.069632,0.0,60,44,1
176.236.53.196,192.168.10.5,202305150518,4,3,7,0,3389,1,0.305401,0.003205,83,40,0.289599,0.015313,59,40,1
200.89.174.178,192.168.10.5,202305150518,15,16,31,0,22,1,1.641366,0.0,1028,52,1.232341,0.000846,676,52,1
162.142.125.80,192.168.10.5,202305150518,2,1,3,0,12392,1,0.139832,0.139832,44,40,-10000,-10000,44,44,1
23.83.130.145,192.168.10.5,202305150518,4,3,7,0,3389,1,0.416706,0.000295,83,40,0.391209,0.025421,59,40,1
162.142.125.14,192.168.10.5,202305150518,14,10,24,0,12392,1,1.157635,0.0,295,40,1.153695,0.0,60,40,1
122.114.15.135,192.168.10.5,202305150518,5,5,10,0,5900,1,0.110531,0.000297,64,52,0.109083,0.0012,64,52,1
213.226.123.100,192.168.10.5,202305150518,25,22,47,0,1434,5,1.252606,0.0,134,40,0.982135,0.0,52,40,1
176.98.42.218,192.168.10.5,202305150519,4,3,7,0,3389,1,0.415246,0.000633,83,40,0.305774,0.106718,59,40,1
64.62.197.237,192.168.10.5,202305150519,1,1,2,0,89,1,-10000,-10000,44,44,-10000,-10000,40,40,1
103.162.36.21,192.168.10.5,202305150519,4,3,7,0,3389,1,0.12897,0.002169,83,40,0.099618,0.031601,59,40,1
193.35.18.107,192.168.10.5,202305150519,6,7,13,0,4145,1,1.215138,0.0,61,52,1.246969,0.0,60,40,1
45.156.129.24,192.168.10.5,202305150519,3,1,4,0,7547,1,0.140921,0.137702,44,40,-10000,-10000,44,44,1
162.142.125.246,192.168.10.5,202305150519,2,1,3,0,19031,1,0.148636,0.148636,44,40,-10000,-10000,44,44,1
217.17.230.165,192.168.10.5,202305150519,4,3,7,0,3389,1,0.343199,0.0,83,40,0.195768,0.142502,59,40,1
162.142.125.160,192.168.10.5,202305150518,4,2,6,0,12392,2,35.989341,0.143869,60,40,36.133454,36.133454,60,60,1
162.142.125.12,192.168.10.5,202305150519,14,11,25,0,19031,1,1.165128,0.0,295,40,1.158938,0.0,60,40,1
8.129.172.226,192.168.10.5,202305150519,4,5,9,0,3389,1,1.247014,0.0,83,40,1.038318,0.0,59,40,1
159.89.124.112,192.168.10.5,202305150516,51,41,92,0,5984,5,56.827903,0.000589,303,52,56.832118,0.0,60,40,1
148.251.153.126,192.168.10.5,202305150519,16,12,28,0,3389,1,12.545217,1e-06,83,40,12.813812,0.030064,59,40,1
176.236.53.196,192.168.10.5,202305150519,4,3,7,0,3389,1,0.481457,0.002336,83,40,0.284657,0.194112,59,40,1
138.197.150.104,192.168.10.5,202305150519,6,10,16,0,6464,1,29.25425,0.0,60,44,13.881766,0.0,60,44,1
150.109.149.87,192.168.10.5,202305150520,12,14,26,0,22,1,1.075125,1e-06,1028,52,0.971241,0.000495,699,52,1
27.254.47.59,192.168.10.5,202305150520,12,14,26,0,22,1,1.114709,0.0,1028,52,0.971746,0.000346,699,52,1
176.98.42.218,192.168.10.5,202305150520,4,3,7,0,3389,1,0.334509,0.0,83,40,0.29244,0.042777,59,40,1
128.116.6.30,192.168.10.5,202305150519,48,113,161,0,80,2,26.068869,0.0,52,40,10.827445,0.0,52,44,1
87.121.221.80,192.168.10.5,202305150520,3,1,4,0,8007,1,0.257087,0.005608,44,40,-10000,-10000,44,44,1
205.210.31.32,192.168.10.5,202305150519,8,6,14,0,25789,1,54.365725,1e-06,259,40,54.51992,1e-06,60,44,1
218.92.0.56,192.168.10.5,202305150520,12,14,26,0,22,1,0.858527,0.000113,908,52,0.651706,9.4e-05,699,52,1
176.236.53.196,192.168.10.5,202305150521,4,3,7,0,3389,1,0.351538,0.001191,83,40,0.292061,0.039592,59,40,1
45.156.129.25,192.168.10.5,202305150521,5,5,10,0,7547,1,1.153452,0.0,100,52,1.007927,1e-06,60,52,1
45.156.129.22,192.168.10.5,202305150520,40,38,78,0,7547,1,1.527745,0.0,868,52,1.52835,0.0,60,40,1
148.251.153.126,192.168.10.5,202305150520,16,12,28,0,3389,1,12.509446,0.000599,83,40,12.777648,0.037257,59,40,1
162.142.125.85,192.168.10.5,202305150521,2,1,3,0,15000,1,0.14243,0.14243,44,40,-10000,-10000,44,44,1
8.129.172.226,192.168.10.5,202305150521,4,3,7,0,3389,1,0.332459,0.0,83,40,0.223966,0.110474,59,40,1
162.142.125.11,192.168.10.5,202305150521,15,11,26,0,15000,1,1.164535,1e-06,295,40,1.164189,0.0,60,52,1
5.161.183.87,192.168.10.5,202305150521,4,3,7,0,3389,1,0.288957,0.000746,83,40,0.181564,0.107196,59,40,1
162.142.125.160,192.168.10.5,202305150521,2,1,3,0,15000,1,0.153684,0.153684,60,40,-10000,-10000,60,60,1
200.89.174.178,192.168.10.5,202305150521,14,15,29,0,22,1,1.396755,0.0,1028,52,1.009454,0.001276,699,52,1
218.92.0.35,192.168.10.5,202305150521,11,13,24,0,22,1,0.823076,0.001179,908,52,0.604547,0.000298,676,52,1
43.157.50.168,192.168.10.5,202305150521,17,13,30,0,51000,1,10.007406,0.0,295,40,10.243869,0.0,60,52,1
194.26.29.86,192.168.10.5,202305150521,3,1,4,0,45389,1,0.294225,0.016294,44,40,-10000,-10000,44,44,1
106.54.181.82,192.168.10.5,202305150521,6,6,12,0,5900,1,1.01252,1e-06,64,52,1.01252,0.001152,64,52,1
150.109.149.87,192.168.10.5,202305150521,12,13,25,0,22,1,1.070952,0.0,1028,52,0.969544,0.001035,699,52,1
159.89.124.112,192.168.10.5,202305150521,23,20,43,0,50000,3,14.378971,1e-06,369,52,14.379744,0.0,60,52,1
50.116.59.19,192.168.10.5,202305150521,2,1,3,0,1604,1,0.171228,0.171228,44,40,-10000,-10000,44,44,1
23.83.130.145,192.168.10.5,202305150522,4,4,8,0,3389,1,1.117356,0.153802,83,40,1.023905,0.041901,59,40,1
45.79.181.179,192.168.10.5,202305150522,5,5,10,0,1604,1,1.182885,0.0,190,52,1.009097,1e-06,56,52,1
176.98.42.218,192.168.10.5,202305150522,4,3,7,0,3389,1,0.373805,0.001535,83,40,0.307935,0.06068,59,40,1
107.170.239.20,192.168.10.5,202305150521,1,6,7,0,30001,1,-10000,-10000,44,44,16.240598,1.025562,44,44,1
27.254.47.59,192.168.10.5,202305150522,12,13,25,0,22,1,1.112298,0.000314,1028,52,0.968005,0.000892,699,52,1
62.233.50.217,192.168.10.5,202305150522,3,1,4,0,8934,1,0.291058,0.001204,44,40,-10000,-10000,44,44,1
176.236.53.196,192.168.10.5,202305150522,4,3,7,0,3389,1,0.332768,0.001133,83,40,0.285731,0.042281,59,40,1
120.26.196.119,192.168.10.5,202305150522,5,6,11,0,5900,1,0.76646,0.0,64,52,0.575678,0.001352,64,52,1
43.163.201.195,192.168.10.5,202305150122,1456,1107,2563,0,3389,1,41.423913,0.0,83,40,41.43861,0.0,59,40,1
205.210.31.94,192.168.10.5,202305150521,8,6,14,0,2080,1,54.623389,0.001906,259,40,54.782691,0.0,60,44,1
94.102.61.54,192.168.10.5,202305150522,1,6,7,0,8163,1,-10000,-10000,44,44,16.240597,1.017378,44,44,1
205.210.31.248,192.168.10.5,202305150521,8,6,14,0,54528,1,53.108565,0.000662,259,40,53.376753,1e-06,60,44,1
148.251.153.126,192.168.10.5,202305150522,16,12,28,0,3389,1,12.360219,0.0,83,40,12.625805,0.049863,59,40,1
221.230.198.111,192.168.10.5,202305150522,2,1,3,0,23,1,0.201091,0.201091,44,40,-10000,-10000,44,44,1
36.111.189.137,192.168.10.5,202305150522,5,5,10,0,5900,1,0.265366,0.0,64,52,0.264092,0.001275,64,52,1
8.129.172.226,192.168.10.5,202305150523,3,2,5,0,3389,1,0.261544,0.000494,83,40,0.041768,0.041768,59,40,1
146.88.240.4,192.168.10.5,202305150523,1,1,0,2,161,1,-10000,-10000,68,68,-10000,-10000,95,95,1
176.98.42.218,192.168.10.5,202305150523,4,3,7,0,3389,1,0.37835,0.000603,83,40,0.318875,0.058763,59,40,1
176.236.53.196,192.168.10.5,202305150523,4,3,7,0,3389,1,0.317821,0.001495,83,40,0.290924,0.025114,59,40,1
218.93.8.14,192.168.10.5,202305150518,373,578,951,0,1433,1,60.03491,0.0,4282,40,60.487324,0.0,114,40,1
193.142.146.214,192.168.10.5,202305150523,0,3,3,0,80,1,-10000,-10000,-10000,-10000,16.240689,8.249493,44,44,1
150.109.149.87,192.168.10.5,202305150523,12,14,26,0,22,1,1.098031,0.0,1028,52,0.974985,0.000149,699,52,1
114.227.55.128,192.168.10.5,202305150523,7,4,11,0,23,1,30.622802,0.027647,60,40,30.828389,0.205208,60,44,1
218.92.0.98,192.168.10.5,202305150523,11,13,24,0,22,1,2.064081,0.0,908,52,1.216981,0.001241,699,52,1
128.116.6.30,192.168.10.5,202305150523,46,103,149,0,80,2,12.599722,0.0,52,40,5.42084,0.0,52,44,1
27.254.47.59,192.168.10.5,202305150524,12,14,26,0,22,1,1.117418,1e-06,1028,52,0.971698,0.0006,699,52,1
107.170.239.20,192.168.10.5,202305150524,5,5,10,0,30001,1,1.123642,0.0,77,52,1.008324,0.0,60,52,1
94.102.61.54,192.168.10.5,202305150523,1,6,7,0,8161,1,-10000,-10000,44,44,16.240639,1.019657,44,44,1
148.251.153.126,192.168.10.5,202305150524,16,13,29,0,3389,1,12.274731,0.0,83,40,12.5394,0.0,59,40,1
120.76.251.107,192.168.10.5,202305150524,5,5,10,0,5900,1,0.226141,0.0,64,52,0.224786,0.001649,64,52,1
103.162.36.21,192.168.10.5,202305150524,4,3,7,0,3389,1,0.13822,1e-06,83,40,0.104831,0.034756,59,40,1
159.89.174.63,192.168.10.5,202305150524,3,1,4,0,36022,1,0.119739,0.0,44,40,-10000,-10000,44,44,1
159.89.124.112,192.168.10.5,202305150523,51,42,93,0,3269,4,47.689243,0.0,569,52,47.690112,0.0,60,52,1
200.89.174.178,192.168.10.5,202305150524,14,15,29,0,22,1,4.222311,0.0,1028,52,1.806801,0.001082,699,52,1
176.236.53.196,192.168.10.5,202305150524,3,3,6,0,3389,1,0.319207,0.28805,83,40,0.28805,0.032232,59,40,1
118.193.103.203,192.168.10.5,202305150524,3,3,6,0,24510,1,1.215405,0.204599,44,41,1.212964,0.0,44,40,1
8.129.172.226,192.168.10.5,202305150525,4,3,7,0,3389,1,0.288261,1e-06,83,40,0.218004,0.068089,59,40,1
176.98.42.218,192.168.10.5,202305150525,4,3,7,0,3389,1,0.363981,0.000655,83,40,0.303438,0.060995,59,40,1
192.168.3.118,172.29.148.192,202305150523,20,0,20,0,55443,1,12.844257,1.011917,60,60,-10000,-10000,-10000,-10000,0
103.158.96.154,192.168.10.5,202305150525,4,3,7,0,3389,1,0.481263,0.0,83,40,0.311907,0.036625,59,40,1
192.168.10.4,192.168.10.5,202305150525,36,13,49,0,64297,1,5.038428,0.0,575,52,5.038476,0.0,3876,40,1
104.131.144.17,192.168.10.5,202305150525,1,1,2,0,111,1,-10000,-10000,44,44,-10000,-10000,40,40,1
23.83.130.145,192.168.10.5,202305150525,4,3,7,0,3389,1,0.376221,0.001567,83,40,0.342183,0.037286,59,40,1
94.102.61.54,192.168.10.5,202305150525,6,5,11,0,8163,1,1.248163,0.000298,259,52,1.008478,9.9e-05,60,52,1
150.109.149.87,192.168.10.5,202305150525,12,13,25,0,22,1,1.075096,0.000115,1028,52,0.974271,0.001028,699,52,1
217.17.230.165,192.168.10.5,202305150525,4,3,7,0,3389,1,0.253801,0.0,83,40,0.186983,0.063556,59,40,1
193.163.125.162,192.168.10.5,202305150525,2,1,3,0,18000,1,0.265174,0.265174,44,40,-10000,-10000,44,44,1
128.116.24.212,192.168.10.5,202305150524,32,134,166,0,80,2,25.368294,0.000952,52,40,11.761635,0.0,52,44,1
159.89.174.63,192.168.10.5,202305150525,5,4,9,0,36022,1,1.12374,0.0,60,52,1.122288,0.0,60,52,1
194.26.29.86,192.168.10.5,202305150525,3,1,4,0,4914,1,0.286907,0.023452,44,40,-10000,-10000,44,44,1
80.150.91.82,192.168.10.5,202305150525,17,14,31,0,22,1,2.828149,0.093208,904,40,3.415398,0.001425,664,40,1
176.236.53.196,192.168.10.5,202305150526,4,3,7,0,3389,1,0.34641,0.001532,83,40,0.286478,0.057826,59,40,1
192.241.223.18,192.168.10.5,202305150526,1,1,2,0,26,1,-10000,-10000,44,44,-10000,-10000,40,40,1
148.251.153.126,192.168.10.5,202305150525,16,12,28,0,3389,1,12.484674,0.0,83,40,12.734589,0.033389,59,40,1
197.255.203.71,192.168.10.5,202305150526,18,15,33,0,22,1,1.366422,0.105763,916,52,0.973061,0.001247,676,52,1
47.93.26.87,192.168.10.5,202305150526,7,3,10,0,6379,1,0.117392,0.0,66,40,0.11891,0.000349,60,40,1
159.89.124.112,192.168.10.5,202305150526,6,5,11,0,1801,1,2.294096,0.006493,624,52,2.494713,0.0,60,52,1
103.162.36.21,192.168.10.5,202305150526,4,3,7,0,3389,1,0.162035,1e-06,83,40,0.099799,0.055898,59,40,1
176.98.42.218,192.168.10.5,202305150526,4,3,7,0,3389,1,0.476629,0.0,83,40,0.313328,0.159037,59,40,1
167.99.129.79,192.168.10.5,202305150526,1,6,7,0,50032,1,-10000,-10000,44,44,16.24092,1.01725,44,44,1
8.129.172.226,192.168.10.5,202305150527,4,3,7,0,3389,1,0.264556,0.0,83,40,0.212096,0.051143,59,40,1
89.248.163.34,192.168.10.5,202305150527,3,1,4,0,2094,1,0.253245,0.005933,44,40,-10000,-10000,44,44,1
194.26.29.86,192.168.10.5,202305150527,3,1,4,0,4450,1,0.301426,0.009233,44,40,-10000,-10000,44,44,1
188.166.255.169,192.168.10.5,202305150526,5,10,15,0,1323,1,57.690014,0.0,60,44,25.992561,1e-06,60,44,1
116.63.171.234,192.168.10.5,202305150527,6,6,12,0,5900,1,1.000667,0.0,64,52,1.000667,0.00074,64,52,1
176.236.53.196,192.168.10.5,202305150527,4,3,7,0,3389,1,0.313052,0.00032,83,40,0.284039,0.024321,59,40,1
128.116.6.30,192.168.10.5,202305150526,16,41,57,0,80,2,31.528517,0.0,52,40,16.236866,0.0,52,52,1
150.109.149.87,192.168.10.5,202305150527,12,13,25,0,22,1,1.100142,0.000322,1028,52,0.971921,0.001082,699,52,1
159.89.199.153,192.168.10.5,202305150527,2,1,3,0,5990,1,0.095999,0.095999,44,40,-10000,-10000,44,44,1
43.143.65.46,192.168.10.5,202305150527,5,3,8,0,6379,1,0.258902,0.003316,66,52,0.258902,0.176303,60,52,1
188.166.160.172,192.168.10.5,202305150527,5,10,15,0,3261,1,41.409007,0.0,60,44,16.240902,1e-06,60,44,1
148.251.153.126,192.168.10.5,202305150527,16,12,28,0,3389,1,12.448775,0.0,83,40,12.711306,0.023425,59,40,1
35.203.210.220,192.168.10.5,202305150527,4,4,8,0,34947,1,1.469166,1e-06,44,44,1.37633,0.0,44,40,1
5.161.183.87,192.168.10.5,202305150527,4,3,7,0,3389,1,0.265733,1e-06,83,40,0.170063,0.091318,59,40,1
117.80.167.35,192.168.10.5,202305150527,2,7,9,0,23,1,0.636037,0.636037,44,44,16.240962,0.636038,44,44,1
200.89.174.178,192.168.10.5,202305150527,14,15,29,0,22,1,1.360522,0.0,1028,52,1.238277,0.00124,699,52,1
89.248.165.59,192.168.10.5,202305150528,3,1,4,0,3939,1,0.261778,0.050071,44,40,-10000,-10000,44,44,1
193.57.40.49,192.168.10.5,202305150528,3,1,4,0,2365,1,0.239216,0.028351,44,40,-10000,-10000,44,44,1
176.98.42.218,192.168.10.5,202305150528,4,3,7,0,3389,1,0.3539,0.0,83,40,0.31667,0.036357,59,40,1
176.236.53.196,192.168.10.5,202305150528,4,3,7,0,3389,1,0.400839,0.000638,83,40,0.285273,0.111689,59,40,1
120.78.76.253,192.168.10.5,202305150528,5,7,12,0,5900,1,1.619667,0.000641,64,52,0.709241,0.001499,64,52,1
24.158.248.45,192.168.10.5,202305150528,7,4,11,0,23,1,30.381372,0.059823,60,40,30.548689,0.1638,60,44,1
119.23.228.24,192.168.10.5,202305150528,8,9,17,0,5900,1,3.587873,1e-06,64,52,3.587873,0.001427,64,52,1
114.132.71.92,192.168.10.5,202305150528,5,5,10,0,5900,1,0.220149,0.0,64,52,0.221026,0.000829,64,52,1
182.240.238.120,192.168.10.5,202305150528,2,5,7,0,23,1,15.834716,15.834716,44,40,8.249306,1.03365,44,44,1
23.83.130.145,192.168.10.5,202305150529,4,3,7,0,3389,1,0.739707,0.0,83,40,0.673235,0.11155,59,40,1
8.129.172.226,192.168.10.5,202305150529,4,3,7,0,3389,1,0.248502,0.002557,83,40,0.214404,0.034706,59,40,1
125.124.103.150,192.168.10.5,202305150529,5,5,10,0,5900,1,0.178405,0.0,64,52,0.179751,0.001928,64,52,1
43.131.23.30,192.168.10.5,202305150528,17,14,31,0,50003,1,10.025183,1e-06,295,40,10.278707,0.0,60,52,1
5.190.181.137,192.168.10.5,202305150529,17,16,33,0,80,1,1.472553,0.0,235,40,0.964706,0.0,2806,44,1
107.150.117.169,192.168.10.5,202305150529,2,1,3,0,5005,1,0.245159,0.245159,44,40,-10000,-10000,44,44,1
65.49.20.115,192.168.10.5,202305150529,2,1,3,0,1723,1,0.119492,0.119492,44,40,-10000,-10000,44,44,1
148.251.153.126,192.168.10.5,202305150529,16,12,28,0,3389,1,12.460793,0.000649,83,40,12.721076,0.034472,59,40,1
176.236.53.196,192.168.10.5,202305150529,4,3,7,0,3389,1,0.324095,0.0,83,40,0.286824,0.034587,59,40,1
159.223.214.227,192.168.10.5,202305150529,1,0,0,1,123,1,-10000,-10000,76,76,-10000,-10000,-10000,-10000,1
65.49.20.67,192.168.10.5,202305150529,6,4,10,0,1723,1,0.12274,0.0,196,40,0.126875,0.006378,196,40,1
94.102.61.54,192.168.10.5,202305150527,13,16,29,0,8162,2,89.597853,0.0,259,44,57.90239,0.0,60,44,1
176.98.42.218,192.168.10.5,202305150530,4,3,7,0,3389,1,0.31932,0.0,83,40,0.291775,0.026224,59,40,1
36.138.248.95,192.168.10.5,202305150530,5,5,10,0,5900,1,0.140368,1e-06,64,52,0.140722,0.001596,64,52,1
116.147.37.17,192.168.10.5,202305150530,5,3,8,0,6379,1,0.249055,0.0,66,52,0.249055,0.10988,60,52,1
113.23.212.133,192.168.10.5,202305150530,4,4,8,0,30026,1,1.116482,0.0,44,40,1.116348,0.0,44,40,1
45.134.144.212,192.168.10.5,202305150530,3,1,4,0,50802,1,0.242767,0.003259,44,40,-10000,-10000,44,44,1
142.11.222.74,192.168.10.5,202305150529,563,965,1528,0,80,2,30.209074,0.0,286,40,30.209075,0.0,4258,52,1
218.92.0.34,192.168.10.5,202305150530,12,14,26,0,22,1,3.98702,0.0,908,52,3.939695,0.001296,699,52,1
176.236.53.196,192.168.10.5,202305150530,4,3,7,0,3389,1,0.368116,0.0,83,40,0.28956,0.073064,59,40,1
167.94.138.136,192.168.10.5,202305150530,2,1,3,0,8405,1,0.206761,0.206761,44,40,-10000,-10000,44,44,1
8.129.172.226,192.168.10.5,202305150530,4,3,7,0,3389,1,0.251415,0.000291,83,40,0.216446,0.032904,59,40,1
167.94.138.49,192.168.10.5,202305150530,14,10,24,0,8405,1,1.232369,0.0,295,40,1.212678,0.0,60,40,1
162.142.125.160,192.168.10.5,202305150531,2,1,3,0,8405,1,0.156714,0.156714,60,40,-10000,-10000,60,60,1
148.251.153.126,192.168.10.5,202305150530,16,13,29,0,3389,1,12.330509,0.0,83,40,12.592439,0.0,59,40,1
200.89.174.178,192.168.10.5,202305150531,17,15,32,0,22,1,2.203208,0.0,1028,52,1.244242,0.001231,676,52,1
8.131.63.16,192.168.10.5,202305150531,7,8,15,0,2375,1,1.135246,0.0,178,52,1.008802,0.0,60,52,1
47.74.25.120,192.168.10.5,202305150531,5,4,9,0,1111,1,1.019667,0.0,83,40,1.008899,0.0,52,40,1
216.218.206.73,192.168.10.5,202305150531,1,1,2,0,427,1,-10000,-10000,44,44,-10000,-10000,40,40,1
113.26.170.37,192.168.10.5,202305150531,2,7,9,0,23,1,0.061704,0.061704,44,44,16.240789,0.061703,44,44,1
47.243.4.163,192.168.10.5,202305150531,7,3,10,0,6379,1,0.082772,0.0,66,40,0.084414,1e-06,60,40,1
146.88.240.4,192.168.10.5,202305150531,1,0,0,1,1900,1,-10000,-10000,127,127,-10000,-10000,-10000,-10000,1
176.98.42.218,192.168.10.5,202305150531,4,3,7,0,3389,1,0.341184,0.000571,83,40,0.298347,0.040667,59,40,1
36.134.102.251,192.168.10.5,202305150531,6,7,13,0,5900,1,0.270168,0.0,64,52,0.269089,0.001079,64,52,1
36.133.125.177,192.168.10.5,202305150531,5,5,10,0,5900,1,0.109029,0.0,64,52,0.109104,0.00128,64,52,1
159.89.124.112,192.168.10.5,202305150530,42,34,76,0,25565,3,35.134586,0.000926,303,52,35.139824,0.0,60,52,1
217.17.230.165,192.168.10.5,202305150532,4,3,7,0,3389,1,0.219253,0.0,83,40,0.18436,0.033699,59,40,1
176.236.53.196,192.168.10.5,202305150532,4,3,7,0,3389,1,0.343105,0.0,83,40,0.285874,0.052574,59,40,1
192.168.3.117,172.29.148.192,202305150530,20,0,20,0,55443,1,12.84975,1.011896,60,60,-10000,-10000,-10000,-10000,0
23.83.130.145,192.168.10.5,202305150532,4,3,7,0,3389,1,0.595822,0.0,83,40,0.370514,0.048463,59,40,1
103.162.36.21,192.168.10.5,202305150532,2,2,4,0,3389,1,0.199065,0.199065,83,83,0.199078,0.199078,40,40,1
172.104.210.105,192.168.10.5,202305150532,4,4,8,0,1604,1,1.048371,0.313084,44,40,1.32175,5.1e-05,44,40,1
45.88.66.38,192.168.10.5,202305150532,3,1,4,0,25565,1,0.250872,0.175439,46,40,-10000,-10000,44,44,1
114.132.218.137,192.168.10.5,202305150532,6,6,12,0,5900,1,1.008004,0.0,64,52,1.008004,0.001279,64,52,1
182.61.45.113,192.168.10.5,202305150532,6,7,13,0,5900,1,0.88385,0.0,64,52,0.668243,0.001183,64,52,1
148.251.153.126,192.168.10.5,202305150532,16,12,28,0,3389,1,12.222379,0.0,83,40,12.491814,0.02557,59,40,1
202.95.12.126,192.168.10.5,202305150532,28,29,57,0,8140,1,1.098399,0.0,322,52,1.089823,0.0,60,52,1
8.129.172.226,192.168.10.5,202305150532,4,5,9,0,3389,1,1.244851,0.0,83,40,1.028193,0.000228,59,40,1
91.240.118.224,192.168.10.5,202305150532,3,1,4,0,10013,1,0.277989,0.003596,44,40,-10000,-10000,44,44,1
103.158.96.154,192.168.10.5,202305150532,1,6,7,0,3389,1,-10000,-10000,52,52,16.23683,1.035949,52,52,1
89.248.165.14,192.168.10.5,202305150533,20,15,35,0,33854,1,1.26992,0.0,115,40,1.009198,0.0,60,52,1
176.98.42.218,192.168.10.5,202305150533,4,3,7,0,3389,1,0.338404,0.0,83,40,0.298007,0.036199,59,40,1
162.216.149.159,192.168.10.5,202305150533,4,4,8,0,13679,1,1.180932,0.180864,44,44,1.189,0.0,44,40,1
176.236.53.196,192.168.10.5,202305150533,4,3,7,0,3389,1,0.312941,0.002691,83,40,0.28507,0.02597,59,40,1
64.227.18.142,192.168.10.5,202305150533,2,1,3,0,17022,1,0.152188,0.152188,44,40,-10000,-10000,44,44,1
205.210.31.57,192.168.10.5,202305150533,2,1,3,0,80,1,0.15198,0.15198,44,40,-10000,-10000,44,44,1
218.92.0.118,192.168.10.5,202305150533,11,11,22,0,22,1,0.281199,0.000299,908,52,0.276228,0.000644,699,52,1
64.62.197.204,192.168.10.5,202305150533,1,1,2,0,212,1,-10000,-10000,44,44,-10000,-10000,40,40,1
159.89.124.112,192.168.10.5,202305150533,23,19,42,0,2082,2,19.983164,1e-06,369,52,19.983612,0.0,60,52,1
128.116.46.14,192.168.10.5,202305150533,19,29,48,0,443,2,11.817219,0.002092,52,40,11.979053,0.0,52,44,1
106.14.107.14,192.168.10.5,202305150533,5,5,10,0,5900,1,0.187695,0.0,64,52,0.186695,0.001299,64,52,1
124.221.178.222,192.168.10.5,202305150533,5,5,10,0,5900,1,0.186021,1e-06,64,52,0.185044,0.000902,64,52,1
124.223.73.187,192.168.10.5,202305150533,5,5,10,0,5900,1,0.183156,0.0,64,52,0.184417,0.000983,64,52,1
106.14.41.171,192.168.10.5,202305150533,5,5,10,0,5900,1,0.172767,0.0,64,52,0.172326,0.001342,64,52,1
110.40.208.171,192.168.10.5,202305150533,5,5,10,0,5900,1,0.183217,0.0,64,52,0.183293,0.001098,64,52,1
124.222.197.135,192.168.10.5,202305150533,5,5,10,0,5900,1,0.176378,0.0,64,52,0.175332,0.001686,64,52,1
128.116.76.68,192.168.10.5,202305150533,10,49,59,0,80,2,26.150487,0.004439,52,52,16.244866,0.0,52,44,1
150.158.50.247,192.168.10.5,202305150533,5,5,10,0,5900,1,0.175117,0.0,64,52,0.17413,0.000987,64,52,1
118.34.209.108,192.168.10.5,202305150533,8,6,14,0,56575,1,2.876778,0.000306,101,40,2.964775,1e-06,60,44,1
106.15.229.166,192.168.10.5,202305150534,5,5,10,0,5900,1,0.223441,1e-06,64,52,0.221801,0.001449,64,52,1
124.223.169.131,192.168.10.5,202305150534,5,5,10,0,5900,1,0.197726,0.0,64,52,0.198969,0.001412,64,52,1
5.161.183.87,192.168.10.5,202305150534,4,4,8,0,3389,1,0.215539,0.0,83,40,0.16651,0.0,59,40,1
205.210.31.243,192.168.10.5,202305150533,8,6,14,0,28080,1,50.66306,0.0,378,40,50.928076,0.0,60,44,1
200.89.174.178,192.168.10.5,202305150534,13,15,28,0,22,1,1.33347,0.0,1028,52,1.289739,0.000594,699,52,1
148.251.153.126,192.168.10.5,202305150534,16,12,28,0,3389,1,12.671643,0.0,83,40,12.927052,0.033952,59,40,1
103.162.36.21,192.168.10.5,202305150534,8,6,14,0,3389,1,8.01224,0.0,83,40,8.105589,0.04858,59,40,1
176.236.53.196,192.168.10.5,202305150534,4,3,7,0,3389,1,0.32533,0.00142,83,40,0.289487,0.027213,59,40,1
8.129.172.226,192.168.10.5,202305150534,4,3,7,0,3389,1,0.298163,0.000892,83,40,0.215521,0.083332,59,40,1
106.55.7.207,192.168.10.5,202305150534,5,5,10,0,5900,1,0.21925,1e-06,64,52,0.217312,0.001698,64,52,1
176.98.42.218,192.168.10.5,202305150535,4,3,7,0,3389,1,0.393238,0.0,83,40,0.309897,0.080738,59,40,1
23.83.130.145,192.168.10.5,202305150535,4,3,7,0,3389,1,0.445952,0.00211,83,40,0.34882,0.09735,59,40,1
64.227.18.142,192.168.10.5,202305150535,5,4,9,0,17022,1,1.157948,0.000843,60,52,1.158819,0.0,60,52,1
135.181.149.138,192.168.10.5,202305150535,6,6,12,0,25565,1,1.278235,0.000898,71,52,1.008292,1e-06,60,52,1
157.230.56.253,192.168.10.5,202305150535,4,4,8,0,6034,1,1.162695,0.000887,60,52,1.160692,0.0,60,52,1
150.158.34.228,192.168.10.5,202305150535,5,5,10,0,5900,1,0.17428,0.0,64,52,0.173025,0.001558,64,52,1
176.236.53.196,192.168.10.5,202305150535,4,3,7,0,3389,1,0.336592,0.000598,83,40,0.28883,0.041774,59,40,1
159.89.199.153,192.168.10.5,202305150535,4,4,8,0,5990,1,1.08919,0.0,60,52,1.088363,0.0,60,52,1
159.89.124.112,192.168.10.5,202305150535,24,20,44,0,9295,3,25.066425,0.000888,303,52,25.067065,0.0,60,52,1
107.170.237.13,192.168.10.5,202305150536,1,1,2,0,113,1,-10000,-10000,44,44,-10000,-10000,40,40,1
152.89.196.144,192.168.10.5,202305150536,12,11,23,0,80,1,0.24846,0.0,400,52,0.24026,0.0,2856,52,1
148.251.153.126,192.168.10.5,202305150535,16,12,28,0,3389,1,12.831261,0.0,83,40,13.072816,0.042446,59,40,1
89.248.165.14,192.168.10.5,202305150536,20,15,35,0,34529,1,1.275917,0.0,115,40,1.008617,0.0,60,52,1
89.248.165.52,192.168.10.5,202305150533,17,32,49,0,35772,1,28.595017,1.00392,60,60,16.254011,0.991575,60,40,1
162.243.134.4,192.168.10.5,202305150535,1,6,7,0,44818,1,-10000,-10000,44,44,16.240762,1.015412,44,44,1
176.98.42.218,192.168.10.5,202305150536,4,3,7,0,3389,1,0.33117,0.0,83,40,0.284855,0.043671,59,40,1
36.138.197.31,192.168.10.5,202305150536,5,5,10,0,5900,1,0.08017,1e-06,64,52,0.079174,0.001096,64,52,1
141.98.6.145,192.168.10.5,202305150535,5,3,8,0,23,1,46.643427,0.245211,60,52,46.889731,0.271769,60,52,1
128.116.46.14,192.168.10.5,202305150535,45,103,148,0,443,2,14.475292,0.000875,52,40,10.339012,0.0,52,44,1
45.134.144.212,192.168.10.5,202305150536,3,1,4,0,5038,1,0.247553,0.005685,44,40,-10000,-10000,44,44,1
94.102.61.54,192.168.10.5,202305150536,1,6,7,0,8164,1,-10000,-10000,44,44,16.23674,1.008574,44,44,1
8.129.172.226,192.168.10.5,202305150536,5,5,10,0,3389,1,2.994668,1e-06,83,40,1.973898,0.049237,59,40,1
42.240.129.124,192.168.10.5,202305150537,1,1,2,0,564,1,-10000,-10000,44,44,-10000,-10000,40,40,1
159.203.188.167,192.168.10.5,202305150536,74,72,146,0,4443,1,1.171401,0.0,492,40,1.009492,0.0,60,44,1
58.211.207.70,192.168.10.5,202305150537,5,6,11,0,5900,1,0.868653,0.0,64,52,0.650162,0.001342,64,52,1
176.236.53.196,192.168.10.5,202305150537,4,3,7,0,3389,1,0.322298,0.004204,83,40,0.291129,0.030163,59,40,1
183.255.49.86,192.168.10.5,202305150537,5,5,10,0,5900,1,0.140268,0.0,64,52,0.141076,0.001141,64,52,1
143.110.248.86,192.168.10.5,202305150537,4,4,8,0,36332,1,1.13205,0.0,44,40,1.135541,0.0,44,40,1
200.89.174.178,192.168.10.5,202305150537,17,16,33,0,22,1,2.328821,0.0,1028,52,2.619699,0.001001,676,52,1
159.89.124.112,192.168.10.5,202305150537,23,18,41,0,3301,2,2.744506,0.000294,303,52,2.949156,0.0,60,52,1
198.235.24.184,192.168.10.5,202305150537,1,1,2,0,88,1,-10000,-10000,44,44,-10000,-10000,40,40,1
148.251.153.126,192.168.10.5,202305150537,16,12,28,0,3389,1,12.708176,0.0,83,40,12.974693,0.01923,59,40,1
47.100.76.160,192.168.10.5,202305150537,7,3,10,0,6379,1,0.167739,0.0,66,40,0.17092,0.0,60,40,1
218.92.0.17,192.168.10.5,202305150538,11,11,22,0,22,1,0.252273,1e-06,908,52,0.251805,0.000344,699,52,1
176.98.42.218,192.168.10.5,202305150538,4,3,7,0,3389,1,0.337809,0.000594,83,40,0.298609,0.037152,59,40,1
91.223.169.88,192.168.10.5,202305150538,2,1,3,0,8181,1,0.285681,0.285681,44,40,-10000,-10000,44,44,1
176.236.53.196,192.168.10.5,202305150538,4,3,7,0,3389,1,0.333901,0.004447,83,40,0.293661,0.035383,59,40,1
23.83.130.145,192.168.10.5,202305150538,4,3,7,0,3389,1,0.417878,0.000898,83,40,0.418922,0.019553,59,40,1
217.17.230.165,192.168.10.5,202305150538,4,3,7,0,3389,1,0.260929,0.0,83,40,0.180212,0.079734,59,40,1
94.102.61.54,192.168.10.5,202305150538,6,5,11,0,8164,1,1.263638,0.0,259,52,1.007744,0.0,60,52,1
139.177.185.184,192.168.10.5,202305150538,10,12,22,0,5555,1,45.509051,0.0,402,44,16.240128,0.000391,199,44,1
128.116.46.14,192.168.10.5,202305150537,47,102,149,0,80,2,13.82126,0.001493,52,40,13.662776,0.0,52,44,1
8.129.172.226,192.168.10.5,202305150539,4,3,7,0,3389,1,0.2827,0.000945,83,40,0.211602,0.0636,59,40,1
179.43.163.132,192.168.10.5,202305150539,6,5,11,0,4719,1,1.277355,0.00237,60,40,1.276462,1e-06,60,44,1
62.233.50.217,192.168.10.5,202305150539,3,1,4,0,34501,1,0.273766,0.00324,44,40,-10000,-10000,44,44,1
198.199.95.87,192.168.10.5,202305150539,2,1,3,0,1212,1,0.114962,0.114962,44,40,-10000,-10000,44,44,1
35.203.211.234,192.168.10.5,202305150539,4,4,8,0,25015,1,1.46105,0.0,44,44,1.314678,0.0,44,40,1
148.251.153.126,192.168.10.5,202305150539,16,12,28,0,3389,1,12.808515,0.000597,83,40,13.068845,0.024617,59,40,1
120.71.146.106,192.168.10.5,202305150539,6,5,11,0,5900,1,0.329456,0.061577,64,52,0.582501,0.001262,64,52,1
66.240.236.116,192.168.10.5,202305150539,1,1,2,0,623,1,-10000,-10000,44,44,-10000,-10000,40,40,1
62.204.41.80,192.168.10.5,202305150539,3,1,4,0,3400,1,0.278123,0.000935,44,40,-10000,-10000,44,44,1
176.236.53.196,192.168.10.5,202305150539,4,3,7,0,3389,1,0.314304,0.000252,83,40,0.283757,0.024285,59,40,1
162.243.134.4,192.168.10.5,202305150539,5,5,10,0,44818,1,1.127857,0.000297,77,52,1.00848,0.0,60,52,1
43.143.3.213,192.168.10.5,202305150540,4,3,7,0,3389,1,0.209124,0.000598,83,40,0.177619,0.039387,59,40,1
176.98.42.218,192.168.10.5,202305150540,4,3,7,0,3389,1,0.383081,0.000894,83,40,0.304283,0.072887,59,40,1
205.210.31.57,192.168.10.5,202305150540,7,7,14,0,80,1,0.154912,0.0,259,52,0.153295,4.3e-05,212,40,1
103.162.36.21,192.168.10.5,202305150540,4,3,7,0,3389,1,0.129287,0.002096,83,40,0.100482,0.029109,59,40,1
193.142.147.53,192.168.10.5,202305150540,2,1,3,0,22,1,0.246323,0.246323,44,40,-10000,-10000,44,44,1
192.168.10.4,192.168.10.5,202305150540,36,13,49,0,64297,1,5.038839,0.0,575,52,5.038866,0.0,3876,40,1
113.160.172.126,192.168.10.5,202305150540,5,5,10,0,5900,1,0.120071,0.000239,64,52,0.118607,0.001401,64,52,1
218.92.0.15,192.168.10.5,202305150540,11,11,22,0,22,1,0.982517,0.000294,908,52,0.728281,0.001003,699,52,1
5.161.183.87,192.168.10.5,202305150540,4,3,7,0,3389,1,0.329765,0.000288,83,40,0.173269,0.154614,59,40,1
200.89.174.178,192.168.10.5,202305150540,16,15,31,0,22,1,1.832082,0.0,1028,52,1.097423,0.000894,699,52,1
122.51.127.85,192.168.10.5,202305150540,5,5,10,0,5900,1,0.182693,0.0,64,52,0.181626,0.001631,64,52,1
124.222.93.58,192.168.10.5,202305150540,5,5,10,0,5900,1,0.216833,0.0,64,52,0.217597,0.000842,64,52,1
176.236.53.196,192.168.10.5,202305150540,4,3,7,0,3389,1,0.325218,1e-06,83,40,0.2824,0.039842,59,40,1
124.221.254.119,192.168.10.5,202305150540,5,5,10,0,5900,1,0.177277,1e-06,64,52,0.176983,0.001119,64,52,1
124.223.57.237,192.168.10.5,202305150540,5,5,10,0,5900,1,0.174819,0.0,64,52,0.176016,0.00166,64,52,1
121.5.22.7,192.168.10.5,202305150541,5,5,10,0,5900,1,0.216643,0.003207,64,52,0.217753,0.00108,64,52,1
199.85.209.56,192.168.10.5,202305150541,2,1,3,0,3387,1,0.196341,0.196341,44,40,-10000,-10000,44,44,1
106.13.223.201,192.168.10.5,202305150541,5,6,11,0,5900,1,0.86835,0.0,64,52,0.652108,0.001373,64,52,1
8.129.172.226,192.168.10.5,202305150541,4,3,7,0,3389,1,0.260978,0.0,83,40,0.216774,0.049011,59,40,1
148.251.153.126,192.168.10.5,202305150540,16,12,28,0,3389,1,12.72967,0.0,83,40,12.980314,0.038379,59,40,1
120.224.55.8,192.168.10.5,202305150541,3,1,4,0,1433,1,0.690195,0.107928,44,40,-10000,-10000,44,44,1
64.62.197.48,192.168.10.5,202305150541,2,1,3,0,2083,1,0.123357,0.123357,44,40,-10000,-10000,44,44,1
172.104.23.249,192.168.10.5,202305150540,239,200,439,0,3334,1,1.186507,0.0,275,40,1.157108,0.0,60,52,1
176.98.42.218,192.168.10.5,202305150541,4,3,7,0,3389,1,0.375337,0.0,83,40,0.313049,0.058234,59,40,1
89.248.165.14,192.168.10.5,202305150541,3,1,4,0,35131,1,0.247554,0.006782,44,40,-10000,-10000,44,44,1
101.34.37.129,192.168.10.5,202305150541,5,5,10,0,5900,1,0.209781,0.0,64,52,0.21055,0.001491,64,52,1
95.214.53.134,192.168.10.5,202305150541,2,1,3,0,80,1,0.277265,0.277265,44,40,-10000,-10000,44,44,1
74.84.150.2,192.168.10.5,202305150541,1,0,0,1,5060,1,-10000,-10000,436,436,-10000,-10000,-10000,-10000,1
120.236.77.114,192.168.10.5,202305150537,54,56,110,0,1433,1,40.28759,0.0,284,40,41.4658,0.000163,114,40,1
64.62.197.58,192.168.10.5,202305150542,5,5,10,0,2083,1,1.12815,0.0,168,40,1.009497,1e-06,48,40,1
120.79.43.91,192.168.10.5,202305150542,6,7,13,0,5900,1,1.247547,0.0,64,52,1.030795,0.001096,64,52,1
103.162.36.21,192.168.10.5,202305150542,4,3,7,0,3389,1,0.171282,0.000293,83,40,0.105274,0.071185,59,40,1
120.25.227.158,192.168.10.5,202305150542,7,9,16,0,5900,1,2.196077,0.0,64,52,2.196076,0.000951,64,52,1
106.53.74.140,192.168.10.5,202305150542,5,5,10,0,5900,1,0.220382,0.0,64,52,0.221973,0.001191,64,52,1
176.236.53.196,192.168.10.5,202305150542,4,3,7,0,3389,1,0.35742,0.0,83,40,0.284873,0.068836,59,40,1
23.83.130.145,192.168.10.5,202305150542,4,3,7,0,3389,1,0.38068,0.000606,83,40,0.347462,0.025914,59,40,1
162.142.125.242,192.168.10.5,202305150542,2,1,3,0,8706,1,0.142724,0.142724,44,40,-10000,-10000,44,44,1
68.183.123.243,192.168.10.5,202305150542,2,1,3,0,10100,1,0.16164,0.16164,44,40,-10000,-10000,44,44,1
167.99.158.167,192.168.10.5,202305150541,5,10,15,0,20002,1,80.103643,0.000117,60,44,48.500995,1e-06,60,44,1
118.123.105.86,192.168.10.5,202305150542,10,9,19,0,3312,1,11.744166,0.0,146,40,11.982053,0.0,60,44,1
162.142.125.94,192.168.10.5,202305150542,2,1,3,0,13443,1,0.149747,0.149747,44,40,-10000,-10000,44,44,1
162.142.125.223,192.168.10.5,202305150542,13,9,22,0,8706,1,1.15165,0.0,295,52,1.148405,0.0,60,52,1
162.142.125.216,192.168.10.5,202305150542,13,9,22,0,13443,1,1.167426,0.0,295,52,1.161538,1e-06,60,52,1
162.142.125.160,192.168.10.5,202305150542,4,2,6,0,8706,2,2.522552,0.156399,60,40,2.678707,2.678707,60,60,1
35.203.211.156,192.168.10.5,202305150542,4,4,8,0,23819,1,1.435853,0.000594,44,44,1.426367,0.0,44,40,1
148.251.153.126,192.168.10.5,202305150542,16,13,29,0,3389,1,12.223265,0.0,83,40,12.468017,0.0,59,40,1
176.98.42.218,192.168.10.5,202305150543,4,3,7,0,3389,1,0.358663,0.0,83,40,0.303148,0.05331,59,40,1
218.58.139.231,192.168.10.5,202305150543,5,5,10,0,5900,1,0.088501,1e-06,64,52,0.087083,0.001418,64,52,1
178.128.1.119,192.168.10.5,202305150543,3,1,4,0,8892,1,0.118857,0.00321,44,40,-10000,-10000,44,44,1
8.129.172.226,192.168.10.5,202305150543,4,3,7,0,3389,1,0.243975,0.000297,83,40,0.213155,0.031214,59,40,1
89.248.165.118,192.168.10.5,202305150543,3,1,4,0,37000,1,0.246032,0.01435,44,40,-10000,-10000,44,44,1
198.199.95.87,192.168.10.5,202305150543,5,5,10,0,1212,1,1.123927,0.0,180,52,1.007784,0.0,60,52,1
176.236.53.196,192.168.10.5,202305150543,4,3,7,0,3389,1,0.458438,0.002672,83,40,0.288507,0.168298,59,40,1
192.168.3.118,172.29.148.192,202305150542,20,0,20,0,55443,1,12.845827,1.005929,60,60,-10000,-10000,-10000,-10000,0
147.182.225.86,192.168.10.5,202305150542,11,9,20,0,8087,2,42.389764,0.042969,60,52,42.390242,0.0,60,52,1
45.93.201.68,192.168.10.5,202305150543,5,4,9,0,1433,1,0.302653,0.0,92,40,0.290367,0.012587,83,40,1
182.151.29.95,192.168.10.5,202305150543,5,5,10,0,5900,1,0.240125,0.0,64,52,0.239212,0.001501,64,52,1
200.89.174.178,192.168.10.5,202305150543,15,17,32,0,22,1,1.326981,0.0,1028,52,1.191486,0.000598,676,52,1
128.116.75.37,192.168.10.5,202305150542,25,111,136,0,80,2,28.871629,0.012842,52,40,9.538273,0.0,52,44,1
106.12.29.34,192.168.10.5,202305150543,5,6,11,0,5900,1,0.821929,1e-06,64,52,0.62073,0.001084,64,52,1
183.136.225.9,192.168.10.5,202305150543,1,0,0,1,3702,1,-10000,-10000,695,695,-10000,-10000,-10000,-10000,1
64.227.68.118,192.168.10.5,202305150543,5,5,10,0,3334,1,1.261281,0.0,71,52,1.00851,0.0,60,52,1
103.162.36.21,192.168.10.5,202305150544,4,3,7,0,3389,1,0.127497,0.0,83,40,0.0926,0.032233,59,40,1
165.22.121.8,192.168.10.5,202305150544,2,1,3,0,53222,1,0.261603,0.261603,44,40,-10000,-10000,44,44,1
179.43.177.243,192.168.10.5,202305150544,8,6,14,0,8050,1,1.271399,0.0,60,40,1.008813,0.0,60,44,1
120.55.64.33,192.168.10.5,202305150544,5,5,10,0,5900,1,0.212117,0.0,64,52,0.210919,0.00105,64,52,1
114.215.179.136,192.168.10.5,202305150544,6,6,12,0,5900,1,0.99916,1e-06,64,52,0.999159,0.001441,64,52,1
114.132.156.71,192.168.10.5,202305150544,5,6,11,0,5900,1,0.892803,0.0,64,52,0.667284,0.001367,64,52,1
114.221.212.239,192.168.10.5,202305150543,1,6,7,0,23,1,-10000,-10000,44,44,16.244759,1.031146,44,44,1
59.80.22.112,192.168.10.5,202305150544,5,5,10,0,5900,1,0.096228,1e-06,64,52,0.095637,0.001471,64,52,1
178.128.1.119,192.168.10.5,202305150544,5,4,9,0,8892,1,1.123657,0.0,60,52,1.12255,0.0,60,52,1
45.93.201.74,192.168.10.5,202305150544,4,4,8,0,1433,1,0.289384,0.275409,92,40,0.278525,0.01427,83,40,1
148.251.153.126,192.168.10.5,202305150544,16,12,28,0,3389,1,12.352313,0.0003,83,40,12.599754,0.024586,59,40,1
39.153.143.55,192.168.10.5,202305150544,4,4,8,0,26268,1,1.187697,1e-06,48,40,1.185353,0.0,44,40,1
176.236.53.196,192.168.10.5,202305150544,4,3,7,0,3389,1,0.352994,0.000894,83,40,0.285835,0.063807,59,40,1
185.94.111.1,192.168.10.5,202305150544,1,0,0,1,111,1,-10000,-10000,68,68,-10000,-10000,-10000,-10000,1
94.102.61.54,192.168.10.5,202305150543,7,11,18,0,8165,1,75.885642,7.5e-05,259,44,44.052742,1e-06,60,44,1
176.98.42.218,192.168.10.5,202305150544,4,3,7,0,3389,1,0.36609,0.002116,83,40,0.308318,0.057716,59,40,1
113.142.66.88,192.168.10.5,202305150544,5,7,12,0,5900,1,1.442126,0.0,64,52,0.611813,0.001234,64,52,1
217.17.230.165,192.168.10.5,202305150545,4,3,7,0,3389,1,0.225236,0.0,83,40,0.191836,0.03507,59,40,1
218.92.0.29,192.168.10.5,202305150545,11,10,21,0,22,1,0.291656,0.0,908,52,0.293924,0.001294,699,52,1
194.26.135.44,192.168.10.5,202305150545,6,4,10,0,1433,1,0.348516,0.098009,92,40,0.480101,0.008082,83,40,1
162.142.125.227,192.168.10.5,202305150545,2,1,3,0,5495,1,0.137629,0.137629,44,40,-10000,-10000,44,44,1
193.35.18.88,192.168.10.5,202305150545,11,7,18,0,7000,1,1.262482,0.0,119,40,1.007999,0.0,60,44,1
192.241.195.15,192.168.10.5,202305150545,1,1,2,0,115,1,-10000,-10000,44,44,-10000,-10000,40,40,1
162.142.125.226,192.168.10.5,202305150545,13,9,22,0,5495,1,1.162972,0.0,295,52,1.154607,0.0,60,52,1
162.142.125.160,192.168.10.5,202305150545,2,1,3,0,5495,1,0.14397,0.14397,60,40,-10000,-10000,60,60,1
8.129.172.226,192.168.10.5,202305150545,4,3,7,0,3389,1,0.23622,0.000917,83,40,0.206863,0.02351,59,40,1
101.89.216.223,192.168.10.5,202305150545,5,6,11,0,5900,1,0.707196,0.0,64,52,0.541055,0.001194,64,52,1
176.236.53.196,192.168.10.5,202305150545,4,3,7,0,3389,1,0.309872,0.002271,83,40,0.28467,0.014148,59,40,1
193.57.40.49,192.168.10.5,202305150545,3,1,4,0,5812,1,0.236585,0.021151,44,40,-10000,-10000,44,44,1
205.210.31.250,192.168.10.5,202305150545,8,6,14,0,9092,1,53.740367,0.0,377,40,54.008903,0.0,60,44,1
23.83.130.145,192.168.10.5,202305150546,4,3,7,0,3389,1,0.452862,0.0,83,40,0.355023,0.099757,59,40,1
152.32.233.16,192.168.10.5,202305150540,347,290,637,0,4433,1,47.392975,0.010725,502,40,47.513837,0.0,60,40,1
114.156.3.164,192.168.10.5,202305150545,6,4,10,0,23481,1,31.003648,0.0,44,40,1.054509,0.0,44,40,1
148.251.153.126,192.168.10.5,202305150545,16,12,28,0,3389,1,12.125829,0.0,83,40,12.400093,0.021879,59,40,1
176.98.42.218,192.168.10.5,202305150546,4,3,7,0,3389,1,0.317544,0.000607,83,40,0.302155,0.028261,59,40,1
193.142.147.53,192.168.10.5,202305150546,14,12,26,0,22,1,0.258585,1e-06,84,52,0.258238,0.00014,676,52,1
89.248.163.132,192.168.10.5,202305150546,5,5,10,0,1433,1,0.263386,1e-06,92,40,0.259475,7.4e-05,83,40,1
68.183.123.243,192.168.10.5,202305150546,5,4,9,0,10100,1,1.16979,0.000933,60,52,1.171668,0.0,60,52,1
114.132.248.19,192.168.10.5,202305150546,5,5,10,0,5900,1,0.211041,0.0,64,52,0.209818,0.001539,64,52,1
182.61.47.229,192.168.10.5,202305150546,5,6,11,0,5900,1,0.892583,0.0,64,52,0.665096,0.001498,64,52,1
152.89.196.144,192.168.10.5,202305150546,8,13,21,0,80,1,0.269289,0.0,263,52,0.245462,0.0,2856,52,1
194.26.29.86,192.168.10.5,202305150546,3,1,4,0,5687,1,0.298771,0.015521,44,40,-10000,-10000,44,44,1
79.124.59.254,192.168.10.5,202305150546,3,1,4,0,10210,1,0.294024,0.004282,44,40,-10000,-10000,44,44,1
200.89.174.178,192.168.10.5,202305150546,13,15,28,0,22,1,1.567233,0.00029,1028,52,1.485507,0.000611,676,52,1
205.210.31.56,192.168.10.5,202305150547,4,4,8,0,5909,1,1.403401,0.0,44,44,1.197325,0.0,44,40,1
176.236.53.196,192.168.10.5,202305150547,4,3,7,0,3389,1,0.365528,0.005932,83,40,0.292797,0.072112,59,40,1
147.182.225.86,192.168.10.5,202305150547,19,15,34,0,5900,1,3.234548,1e-06,303,52,3.352728,0.000194,64,52,1
5.161.183.87,192.168.10.5,202305150547,4,3,7,0,3389,1,0.213914,0.000619,83,40,0.16842,0.046885,59,40,1
167.94.145.16,192.168.10.5,202305150547,2,1,3,0,29368,1,0.248689,0.248689,44,40,-10000,-10000,44,44,1
193.105.134.95,192.168.10.5,202305150547,20,23,43,0,22,1,9.313401,0.0,944,40,9.57639,0.000891,888,40,1
8.129.172.226,192.168.10.5,202305150547,4,4,8,0,3389,1,0.267815,1e-06,83,40,0.224789,0.0,59,40,1
165.22.121.8,192.168.10.5,202305150547,5,4,9,0,53222,1,1.254742,0.0,60,52,1.252342,1e-06,60,52,1
167.94.145.59,192.168.10.5,202305150547,14,10,24,0,29368,1,1.260431,0.0,295,40,1.250693,0.0,60,40,1
103.162.36.21,192.168.10.5,202305150547,4,3,7,0,3389,1,0.114341,0.001245,83,40,0.098869,0.020791,59,40,1
148.251.153.126,192.168.10.5,202305150547,16,12,28,0,3389,1,12.062669,0.0,83,40,12.329735,0.022774,59,40,1
89.248.165.214,192.168.10.5,202305150547,3,1,4,0,27290,1,0.239539,0.005649,44,40,-10000,-10000,44,44,1
176.98.42.218,192.168.10.5,202305150548,4,3,7,0,3389,1,0.328957,0.002309,83,40,0.29659,0.033408,59,40,1
184.105.247.252,192.168.10.5,202305150548,1,0,0,1,53,1,-10000,-10000,70,70,-10000,-10000,-10000,-10000,1
74.82.47.36,192.168.10.5,202305150548,2,1,3,0,31337,1,0.115311,0.115311,44,40,-10000,-10000,44,44,1
176.236.53.196,192.168.10.5,202305150548,4,3,7,0,3389,1,0.321957,0.0,83,40,0.285945,0.032896,59,40,1
74.82.47.4,192.168.10.5,202305150548,5,5,10,0,31337,1,1.126326,0.000596,168,40,1.007728,0.000106,48,40,1
167.248.133.148,192.168.10.5,202305150548,2,1,3,0,6060,1,0.141518,0.141518,44,40,-10000,-10000,44,44,1
167.248.133.52,192.168.10.5,202305150548,14,9,23,0,6060,1,1.154109,0.000809,295,40,1.145912,0.0,60,52,1
167.94.138.103,192.168.10.5,202305150548,2,1,3,0,40000,1,0.198917,0.198917,44,40,-10000,-10000,44,44,1
167.94.138.126,192.168.10.5,202305150548,14,9,23,0,40000,1,1.233867,0.0,295,40,1.22324,0.0,60,52,1
162.142.125.160,192.168.10.5,202305150548,4,2,6,0,6060,2,5.18363,0.148669,60,40,5.341538,5.341538,60,60,1
159.89.124.112,192.168.10.5,202305150545,50,41,91,0,6697,5,54.576879,0.0,569,40,54.57739,0.0,194,52,1
47.74.25.120,192.168.10.5,202305150549,5,5,10,0,1111,1,1.016394,0.0,83,40,1.008946,0.0,52,40,1
106.54.181.82,192.168.10.5,202305150549,5,6,11,0,5900,1,0.712848,0.0,64,52,0.540342,0.001297,64,52,1
62.233.50.217,192.168.10.5,202305150549,3,1,4,0,4276,1,0.277115,0.00095,44,40,-10000,-10000,44,44,1
23.83.130.145,192.168.10.5,202305150549,4,3,7,0,3389,1,0.911514,0.000907,83,40,0.912617,0.025292,59,40,1
8.129.172.226,192.168.10.5,202305150549,4,3,7,0,3389,1,0.238328,1e-06,83,40,0.211655,0.023177,59,40,1
148.251.153.126,192.168.10.5,202305150549,16,12,28,0,3389,1,12.195796,0.0,83,40,12.453109,0.045381,59,40,1
176.236.53.196,192.168.10.5,202305150549,4,3,7,0,3389,1,0.325663,0.003207,83,40,0.293939,0.030181,59,40,1
176.98.42.218,192.168.10.5,202305150549,4,3,7,0,3389,1,0.492141,0.0,83,40,0.31089,0.179001,59,40,1
128.116.28.151,192.168.10.5,202305150548,28,105,133,0,80,2,29.612821,0.003378,52,40,9.026482,0.0,52,44,1
103.162.36.21,192.168.10.5,202305150549,4,3,7,0,3389,1,0.140658,0.000891,83,40,0.093944,0.041312,59,40,1
120.26.196.119,192.168.10.5,202305150550,5,7,12,0,5900,1,0.762898,0.0,64,52,0.585741,0.001197,64,52,1
200.89.174.178,192.168.10.5,202305150549,16,17,33,0,22,1,1.475178,0.0,1028,52,1.728715,0.000247,676,52,1
89.248.163.33,192.168.10.5,202305150550,3,1,4,0,4004,1,0.252047,0.002494,44,40,-10000,-10000,44,44,1
89.248.165.118,192.168.10.5,202305150550,1,1,2,0,300,1,-10000,-10000,44,44,-10000,-10000,40,40,1
87.236.176.168,192.168.10.5,202305150550,4,4,8,0,51234,1,1.25932,0.0,60,52,1.257321,0.0,60,52,1
116.110.68.122,192.168.10.5,202305150548,271,297,568,0,22,1,21.603615,0.0,2340,40,21.811632,0.0,699,52,1
218.92.0.20,192.168.10.5,202305150550,11,11,22,0,22,1,0.797238,0.0,908,52,0.598609,0.001199,699,52,1
89.248.165.85,192.168.10.5,202305150550,37,31,68,0,56748,2,14.576849,0.0,163,40,14.577381,0.0,60,40,1
194.26.29.152,192.168.10.5,202305150550,3,1,4,0,8233,1,0.285396,0.026211,44,40,-10000,-10000,44,44,1
176.236.53.196,192.168.10.5,202305150550,4,3,7,0,3389,1,0.335106,0.001198,83,40,0.283192,0.049923,59,40,1
147.182.225.86,192.168.10.5,202305150550,24,20,44,0,23424,2,15.643272,0.0,303,52,15.643958,0.0,60,52,1
192.168.3.117,172.29.148.192,202305150549,20,0,20,0,55443,1,12.849647,1.010872,60,60,-10000,-10000,-10000,-10000,0
94.102.61.27,192.168.10.5,202305150550,8,17,25,0,5431,2,20.452206,0.0,259,44,16.240598,0.0,60,44,1
128.116.28.152,192.168.10.5,202305150550,7,32,39,0,80,2,7.420861,0.010938,52,40,15.98301,0.0,52,52,1
176.98.42.218,192.168.10.5,202305150551,4,3,7,0,3389,1,0.329515,0.000311,83,40,0.287579,0.040842,59,40,1
148.251.153.126,192.168.10.5,202305150550,16,12,28,0,3389,1,12.531551,0.0,83,40,12.781212,0.025514,59,40,1
193.57.40.49,192.168.10.5,202305150551,3,1,4,0,9800,1,0.239154,0.04144,44,40,-10000,-10000,44,44,1
217.17.230.165,192.168.10.5,202305150551,4,3,7,0,3389,1,0.218349,0.000595,83,40,0.183947,0.03355,59,40,1
8.129.172.226,192.168.10.5,202305150551,4,3,7,0,3389,1,0.25649,0.002096,83,40,0.214018,0.044183,59,40,1
188.166.160.164,192.168.10.5,202305150551,2,1,3,0,11106,1,0.249689,0.249689,44,40,-10000,-10000,44,44,1
128.116.2.98,192.168.10.5,202305150550,30,106,136,0,80,2,19.48489,0.002069,52,40,11.268275,0.0,52,44,1
36.35.109.99,192.168.10.5,202305150551,3,2,5,0,22381,1,0.065413,0.002363,48,40,0.066825,0.066825,44,40,1
122.114.15.135,192.168.10.5,202305150551,5,5,10,0,5900,1,0.090859,0.001185,64,52,0.089513,0.001152,64,52,1
167.94.146.22,192.168.10.5,202305150551,2,1,3,0,30213,1,0.251946,0.251946,44,40,-10000,-10000,44,44,1
167.94.146.57,192.168.10.5,202305150551,14,10,24,0,30213,1,1.271584,0.0,295,40,1.265806,0.0,60,40,1
218.92.0.31,192.168.10.5,202305150549,3,12,15,0,22,1,0.220394,0.000595,67,52,43.308404,0.003929,699,52,1
104.236.246.102,192.168.10.5,202305150552,3,2,5,0,43527,1,0.157869,0.015503,44,40,0.172888,0.172888,44,40,1
107.170.233.4,192.168.10.5,202305150551,1,6,7,0,9200,1,-10000,-10000,44,44,16.240543,1.026025,44,44,1
176.236.53.196,192.168.10.5,202305150552,4,3,7,0,3389,1,0.340822,0.003126,83,40,0.289083,0.048828,59,40,1
118.193.103.203,192.168.10.5,202305150552,3,3,6,0,24442,1,1.229452,0.228741,44,41,1.235977,1e-06,44,40,1
94.102.61.27,192.168.10.5,202305150552,6,5,11,0,5446,1,1.25205,0.0,259,52,1.008992,0.0,60,52,1
218.92.0.17,192.168.10.5,202305150552,12,13,25,0,22,1,0.997016,0.0,908,52,0.997154,0.000141,699,52,1
205.210.31.246,192.168.10.5,202305150551,8,6,14,0,1443,1,55.085634,0.000601,259,40,55.348376,0.0,60,44,1
178.32.197.84,192.168.10.5,202305150552,5,6,11,0,5001,1,1.211858,0.044404,309,52,1.261229,0.0,60,40,1
176.98.42.218,192.168.10.5,202305150552,4,3,7,0,3389,1,0.321997,0.002107,83,40,0.29774,0.023592,59,40,1
148.251.153.126,192.168.10.5,202305150552,16,13,29,0,3389,1,12.435131,0.0,83,40,12.694516,0.000199,59,40,1
120.76.251.107,192.168.10.5,202305150552,5,5,10,0,5900,1,0.22824,0.0,64,52,0.227341,0.000899,64,52,1
200.89.174.178,192.168.10.5,202305150552,14,14,28,0,22,1,1.856167,0.000846,1028,52,1.127185,0.000848,676,52,1
162.243.129.9,192.168.10.5,202305150552,1,6,7,0,45000,1,-10000,-10000,44,44,16.24044,1.035744,44,44,1
193.163.125.164,192.168.10.5,202305150553,2,1,3,0,5706,1,0.258048,0.258048,44,40,-10000,-10000,44,44,1
176.236.53.196,192.168.10.5,202305150553,4,3,7,0,3389,1,0.35307,0.00222,83,40,0.286753,0.066213,59,40,1
188.166.160.164,192.168.10.5,202305150553,5,4,9,0,11106,1,1.259489,0.0,60,52,1.265521,0.000196,60,52,1
128.90.171.163,192.168.10.5,202305150553,3,1,4,0,25565,1,0.274934,0.000616,44,40,-10000,-10000,44,44,1
36.111.189.137,192.168.10.5,202305150553,5,6,11,0,5900,1,0.880576,0.0,64,52,0.654796,0.001145,64,52,1
8.129.172.226,192.168.10.5,202305150553,5,5,10,0,3389,1,0.70988,0.002898,83,40,0.630762,0.03062,59,40,1
23.83.130.145,192.168.10.5,202305150553,4,3,7,0,3389,1,0.377762,0.002185,83,40,0.3668,0.03228,59,40,1
103.162.36.21,192.168.10.5,202305150553,4,3,7,0,3389,1,0.130893,0.0,83,40,0.100294,0.03086,59,40,1
103.116.52.89,192.168.10.5,202305150553,7,4,11,0,23,1,29.317532,0.023585,60,40,29.463306,0.140355,60,44,1
218.92.0.22,192.168.10.5,202305150553,12,14,26,0,22,1,0.864513,0.0,908,52,0.649115,9.8e-05,699,52,1
91.240.118.71,192.168.10.5,202305150554,3,1,4,0,2281,1,0.280043,0.003526,44,40,-10000,-10000,44,44,1
205.210.31.106,192.168.10.5,202305150553,8,6,14,0,50067,1,50.687784,0.002954,259,40,50.841258,0.0,60,44,1
89.248.165.109,192.168.10.5,202305150554,18,15,33,0,16401,1,1.267266,0.0,115,40,1.00869,0.0,60,52,1
5.161.183.87,192.168.10.5,202305150554,4,3,7,0,3389,1,0.237153,0.0,83,40,0.184764,0.045935,59,40,1
176.236.53.196,192.168.10.5,202305150554,4,3,7,0,3389,1,0.3241,0.00123,83,40,0.286183,0.031903,59,40,1
198.199.93.96,192.168.10.5,202305150554,7,10,17,0,9200,1,31.948174,0.0,172,44,16.240208,0.004677,1663,44,1
148.251.153.126,192.168.10.5,202305150554,16,12,28,0,3389,1,12.554459,1e-06,83,40,12.798038,0.051456,59,40,1
94.102.61.54,192.168.10.5,202305150554,1,6,7,0,8167,1,-10000,-10000,44,44,16.240703,1.008392,44,44,1
107.170.233.4,192.168.10.5,202305150554,5,3,8,0,9200,1,9.890603,0.000762,180,52,9.890539,0.112715,60,52,1
176.98.42.218,192.168.10.5,202305150554,4,3,7,0,3389,1,0.363122,0.000595,83,40,0.311685,0.049622,59,40,1
184.105.247.219,192.168.10.5,202305150554,2,1,3,0,443,1,0.118857,0.118857,44,40,-10000,-10000,44,44,1
47.108.155.16,192.168.10.5,202305150554,9,3,12,0,6379,1,0.251408,0.0,66,40,0.253237,0.085479,60,52,1
91.240.118.221,192.168.10.5,202305150555,3,1,4,0,6964,1,0.269909,0.002263,44,40,-10000,-10000,44,44,1
167.94.138.143,192.168.10.5,202305150555,2,1,3,0,5123,1,0.222513,0.222513,44,40,-10000,-10000,44,44,1
198.74.58.148,192.168.10.5,202305150555,2,1,3,0,9001,1,0.170923,0.170923,44,40,-10000,-10000,44,44,1
167.94.138.150,192.168.10.5,202305150555,1,0,0,1,6969,1,-10000,-10000,44,44,-10000,-10000,-10000,-10000,1
167.94.138.50,192.168.10.5,202305150555,14,9,23,0,5123,1,1.233273,0.0,295,40,1.227492,0.0,60,52,1
162.142.125.160,192.168.10.5,202305150555,2,1,3,0,5123,1,0.140528,0.140528,60,40,-10000,-10000,60,60,1
159.89.124.112,192.168.10.5,202305150555,6,5,11,0,2628,1,2.71081,0.00063,122,52,2.914215,0.0,60,52,1
172.104.11.51,192.168.10.5,202305150555,5,5,10,0,9001,1,1.176324,0.0,190,52,1.00866,0.0,56,52,1
213.226.123.100,192.168.10.5,202305150555,6,4,10,0,1433,1,1.151045,0.285654,92,40,1.479914,0.005363,83,40,1
8.129.172.226,192.168.10.5,202305150555,4,5,9,0,3389,1,0.897572,4.2e-05,83,40,0.646553,0.000243,59,40,1
192.168.10.4,192.168.10.5,202305150555,36,14,50,0,64297,1,5.040377,0.0,575,52,5.040377,0.0,3876,40,1
138.68.208.14,192.168.10.5,202305150555,1,1,2,0,118,1,-10000,-10000,44,44,-10000,-10000,40,40,1
162.243.129.9,192.168.10.5,202305150555,5,5,10,0,45000,1,1.123016,0.001535,77,52,1.008538,1e-06,60,52,1
193.163.125.160,192.168.10.5,202305150555,2,1,3,0,2040,1,0.264018,0.264018,44,40,-10000,-10000,44,44,1
103.162.36.21,192.168.10.5,202305150555,4,4,8,0,3389,1,0.144466,0.0,83,40,0.095179,0.0,59,40,1
128.116.27.15,192.168.10.5,202305150554,8,47,55,0,443,2,25.90486,0.009526,52,52,15.725154,0.0,52,52,1
176.236.53.196,192.168.10.5,202305150555,4,3,7,0,3389,1,0.361917,0.001191,83,40,0.28373,0.076196,59,40,1
184.105.247.195,192.168.10.5,202305150555,11,9,20,0,443,1,2.580315,0.0,224,40,2.690828,0.0,1454,40,1
200.89.174.178,192.168.10.5,202305150555,16,17,33,0,22,1,1.696464,0.0,1028,52,1.288386,9.9e-05,676,52,1
167.99.130.208,192.168.10.5,202305150556,2,1,3,0,80,1,0.258242,0.258242,44,40,-10000,-10000,44,44,1
168.121.27.67,192.168.10.5,202305150556,4,4,8,0,43888,1,1.243689,1e-06,44,40,1.24855,0.0,44,40,1
89.248.165.214,192.168.10.5,202305150556,3,1,4,0,23433,1,0.248767,0.005984,44,40,-10000,-10000,44,44,1
148.251.153.126,192.168.10.5,202305150555,16,12,28,0,3389,1,12.789187,0.0,83,40,13.052759,0.027627,59,40,1
176.98.42.218,192.168.10.5,202305150556,4,4,8,0,3389,1,0.387606,0.0,83,40,0.300172,0.0,59,40,1
45.93.201.68,192.168.10.5,202305150555,18,12,30,0,1433,1,18.691389,0.040181,92,40,18.949599,0.007831,83,40,1
31.43.185.32,192.168.10.5,202305150556,4,3,7,0,3389,1,0.308659,0.113167,87,40,0.398035,0.005223,59,40,1
185.246.220.76,192.168.10.5,202305150556,7,4,11,0,10033,1,1.260406,0.0,60,40,1.260801,1e-06,60,52,1
116.110.68.122,192.168.10.5,202305150556,21,16,37,0,22,1,1.218992,0.0,2340,52,1.014889,1e-06,676,52,1
119.23.228.24,192.168.10.5,202305150557,5,5,10,0,5900,1,0.22705,0.0,64,52,0.225998,0.00114,64,52,1
120.78.76.253,192.168.10.5,202305150557,5,6,11,0,5900,1,0.868965,0.003518,64,52,0.647863,0.001549,64,52,1
176.236.53.196,192.168.10.5,202305150557,4,3,7,0,3389,1,0.333364,7.1e-05,83,40,0.286127,0.041559,59,40,1
116.63.171.234,192.168.10.5,202305150557,5,6,11,0,5900,1,0.456491,1e-06,64,52,0.34277,0.001545,64,52,1
43.129.35.207,192.168.10.5,202305150556,17,14,31,0,12544,1,10.002415,0.0,295,40,10.116268,0.0,60,40,1
89.248.165.109,192.168.10.5,202305150557,3,1,4,0,17747,1,0.235882,0.006833,44,40,-10000,-10000,44,44,1
23.83.130.145,192.168.10.5,202305150557,4,3,7,0,3389,1,0.365712,0.001222,83,40,0.354929,0.024403,59,40,1
1.241.171.43,192.168.10.5,202305150557,4,3,7,0,3389,1,0.123007,0.000953,83,40,0.076793,0.04633,59,40,1
8.129.172.226,192.168.10.5,202305150557,4,3,7,0,3389,1,0.27133,0.000598,83,40,0.230359,0.039652,59,40,1
194.26.29.86,192.168.10.5,202305150557,3,1,4,0,9698,1,0.280783,0.004556,44,40,-10000,-10000,44,44,1
159.89.124.112,192.168.10.5,202305150557,6,5,11,0,27015,1,2.553723,0.0,70,52,2.749011,1e-06,60,52,1
45.93.201.74,192.168.10.5,202305150557,17,12,29,0,1433,1,16.041583,0.096271,92,40,16.326958,0.008893,83,40,1
103.162.36.21,192.168.10.5,202305150557,4,3,7,0,3389,1,0.151912,0.000601,83,40,0.088892,0.061053,59,40,1
114.132.71.92,192.168.10.5,202305150557,5,5,10,0,5900,1,0.216756,0.0,64,52,0.215304,0.001255,64,52,1
120.48.75.148,192.168.10.5,202305150557,5,3,8,0,6379,1,0.258622,0.00025,66,52,0.258476,0.221191,60,52,1
217.17.230.165,192.168.10.5,202305150557,4,3,7,0,3389,1,0.241276,0.002097,83,40,0.182009,0.05952,59,40,1
148.251.153.126,192.168.10.5,202305150557,16,13,29,0,3389,1,12.719221,0.0,83,40,12.994178,0.0,59,40,1
176.98.42.218,192.168.10.5,202305150558,4,3,7,0,3389,1,0.32902,0.000996,83,40,0.300092,0.025617,59,40,1
95.214.55.85,192.168.10.5,202305150558,2,1,3,0,8086,1,0.27731,0.27731,44,40,-10000,-10000,44,44,1
147.182.225.86,192.168.10.5,202305150557,6,5,11,0,1153,1,31.33126,0.005985,125,52,31.494327,1e-06,60,52,1
125.124.103.150,192.168.10.5,202305150558,6,6,12,0,5900,1,0.99824,0.0,64,52,0.99824,0.001052,64,52,1
176.236.53.196,192.168.10.5,202305150558,4,3,7,0,3389,1,0.35754,0.0,83,40,0.285886,0.06466,59,40,1
116.110.68.122,192.168.10.5,202305150558,59,42,101,0,22,1,13.918221,0.0,2340,52,14.125149,0.0,699,52,1
42.5.227.198,192.168.10.5,202305150558,1,6,7,0,23,1,-10000,-10000,44,44,16.241006,1.007306,44,44,1
