daytime,TP_rate,FP_rate,TN_rate,FN_rate,accuracy,loss,f1_score,benign_count,malicious_count,flow_num,benign_rate,nmr_flow_num_ratio,nmr_benign_ratio
2022-08-10 01:30:00,0.5013623978201635,0.0,1.0,0.4986376021798365,0.5106951871657754,0.6538337355670477,0.6678765880217786,14,734,748,0.01871657754010695,0.5599639314697926,0.6316844919786095
2022-08-10 02:30:00,0.5150273224043715,0.0,1.0,0.4849726775956284,0.5228494623655914,0.6490148444592517,0.6798917944093779,12,732,744,0.016129032258064516,0.5563570784490531,0.5443548387096774
2022-08-10 03:30:00,0.5466666666666666,0.0,1.0,0.4533333333333333,0.5538057742782152,0.6479578815813539,0.7068965517241379,12,750,762,0.015748031496062992,0.5725879170423804,0.5314960629921259
2022-08-10 04:30:00,0.5129604365620737,0.0,1.0,0.4870395634379263,0.5220883534136547,0.6546695321542232,0.6780883678990082,14,733,747,0.018741633199464525,0.5590622182146078,0.6325301204819277
2022-08-10 05:30:00,0.49936948297604034,0.0,1.0,0.5006305170239597,0.5080545229244114,0.6495654155323135,0.6661059714045416,14,793,807,0.01734820322180917,0.6131650135256987,0.5855018587360595
2022-08-10 06:30:00,0.4705159705159705,0.0,1.0,0.5294840294840295,0.4782082324455206,0.6561913721814544,0.6399331662489557,12,814,826,0.014527845036319613,0.6302975653742109,0.49031476997578693
2022-08-10 07:30:00,0.4605263157894737,0.0,1.0,0.5394736842105263,0.4681603773584906,0.6553578023967543,0.6306306306306306,12,836,848,0.014150943396226415,0.6501352569882777,0.47759433962264153
2022-08-10 08:30:00,0.4967105263157895,0.0,1.0,0.5032894736842105,0.5043196544276458,0.6528488828212691,0.6637362637362637,14,912,926,0.01511879049676026,0.7204688908926961,0.5102591792656588
2022-08-10 09:30:00,0.46578366445916114,0.0,1.0,0.5342163355408388,0.47391304347826085,0.6616529198582343,0.6355421686746988,14,906,920,0.015217391304347827,0.715058611361587,0.5135869565217391
2022-08-10 10:30:00,0.49245689655172414,0.0,1.0,0.5075431034482759,0.498936170212766,0.6505483799698714,0.6599277978339351,12,928,940,0.01276595744680851,0.733092876465284,0.4308510638297872
2022-08-10 11:30:00,0.5592173017507724,0.0,1.0,0.4407826982492276,0.5645981688708036,0.6370447036723945,0.7173051519154557,12,971,983,0.012207527975584944,0.7718665464382326,0.41200406917599186
2022-08-10 12:30:00,0.6013363028953229,0.0,1.0,0.3986636971046771,0.6065934065934065,0.6339926446816849,0.7510431154381085,12,898,910,0.013186813186813187,0.7060414788097384,0.44505494505494503
2022-08-10 13:30:00,0.5758661887694145,0.0,1.0,0.4241338112305854,0.5828437132784959,0.6389000124988302,0.7308567096285065,14,837,851,0.01645123384253819,0.6528403967538323,0.555229142185664
2022-08-10 14:30:00,0.5335775335775336,0.0,1.0,0.46642246642246643,0.5403128760529483,0.6443040235166597,0.695859872611465,12,819,831,0.01444043321299639,0.6348061316501352,0.4873646209386282
2022-08-10 15:30:00,0.5452029520295203,0.0,1.0,0.4547970479704797,0.5510018214936248,0.6384923876168891,0.7056716417910448,14,1084,1098,0.012750455373406194,0.8755635707844904,0.43032786885245905
2022-08-10 16:30:00,0.4929936305732484,0.0,1.0,0.5070063694267516,0.5018773466833542,0.6519797952865434,0.6604095563139932,14,785,799,0.017521902377972465,0.60595130748422,0.5913642052565706
2022-08-10 17:30:00,0.48675034867503486,0.0,1.0,0.5132496513249651,0.49519890260631,0.6573067944858695,0.6547842401500938,12,717,729,0.01646090534979424,0.5428313796212805,0.5555555555555556
2022-08-10 18:30:00,0.4818435754189944,0.0,1.0,0.5181564245810056,0.49038461538461536,0.6567540079916313,0.6503298774740811,12,716,728,0.016483516483516484,0.5419296663660955,0.5563186813186813
2022-08-10 19:30:00,0.5205811138014528,0.0,1.0,0.4794188861985472,0.5274463007159904,0.6497756740895876,0.6847133757961783,12,826,838,0.014319809069212411,0.6411181244364292,0.4832935560859189
2022-08-10 20:30:00,0.5744908896034298,0.0,1.0,0.4255091103965702,0.5807814149947201,0.6300569111503974,0.7297481279782164,14,933,947,0.014783526927138331,0.739404869251578,0.4989440337909187
2022-08-10 21:30:00,0.5218855218855218,0.0,1.0,0.4781144781144781,0.5292817679558011,0.6515545037246204,0.6858407079646017,14,891,905,0.015469613259668509,0.7015329125338142,0.5220994475138122
2022-08-10 22:30:00,0.48612538540596095,0.0,1.0,0.513874614594039,0.49238578680203043,0.6605500722833123,0.6542185338865837,12,973,985,0.012182741116751269,0.7736699729486023,0.41116751269035534
2022-08-10 23:30:00,0.5224867724867724,0.0,1.0,0.4775132275132275,0.5299479166666666,0.6559568184021792,0.6863596872284969,12,756,768,0.015625,0.5779981965734896,0.52734375
2022-08-11 00:30:00,0.4360699865410498,0.0,1.0,0.5639300134589502,0.44503311258278144,0.6673860921720574,0.6073102155576382,12,743,755,0.015894039735099338,0.5662759242560865,0.5364238410596026
2022-08-11 01:30:00,0.4821192052980132,0.0,1.0,0.5178807947019868,0.4922077922077922,0.6663175592103752,0.6505808757819481,15,755,770,0.01948051948051948,0.5798016230838593,0.6574675324675324
2022-08-11 02:30:00,0.5012626262626263,0.0,1.0,0.49873737373737376,0.5093167701863354,0.659659820336823,0.6677880571909167,13,792,805,0.016149068322981366,0.6113615870153292,0.5450310559006211
2022-08-11 03:30:00,0.4888888888888889,0.0,1.0,0.5111111111111111,0.4952978056426332,0.6529785377908939,0.6567164179104478,12,945,957,0.012539184952978056,0.7484220018034264,0.4231974921630094
2022-08-11 04:30:00,0.4897297297297297,0.0,1.0,0.5102702702702703,0.49626467449306294,0.6531535043540542,0.6574746008708273,12,925,937,0.012806830309498399,0.7303877366997295,0.43223052294557096
2022-08-11 05:30:00,0.5614035087719298,0.0,1.0,0.43859649122807015,0.5689655172413793,0.6387024540853202,0.7191011235955056,16,912,928,0.017241379310344827,0.7222723174030659,0.5818965517241379
2022-08-11 06:30:00,0.5091116173120729,0.0,1.0,0.4908883826879271,0.5157303370786517,0.6535611350304129,0.6747169811320755,12,878,890,0.01348314606741573,0.6880072137060413,0.4550561797752809
2022-08-11 07:30:00,0.47046186895810954,0.0,1.0,0.5295381310418904,0.47720042417815484,0.6557437282191404,0.6398831263696129,12,931,943,0.012725344644750796,0.7357980162308385,0.42948038176033937
2022-08-11 08:30:00,0.49948293691830403,0.0,1.0,0.500517063081696,0.5061224489795918,0.6463812854685829,0.6662068965517242,13,967,980,0.013265306122448979,0.769161406672678,0.447704081632653
2022-08-11 09:30:00,0.468063872255489,0.0,1.0,0.5319361277445109,0.4759095378564405,0.6568851469633793,0.637661454792658,15,1002,1017,0.014749262536873156,0.8025247971145175,0.497787610619469
2022-08-11 10:30:00,0.5111111111111111,0.0,1.0,0.4888888888888889,0.5169660678642715,0.6505224553654777,0.6764705882352942,12,990,1002,0.011976047904191617,0.7889990982867447,0.4041916167664671
2022-08-11 11:30:00,0.5414364640883977,0.0,1.0,0.4585635359116022,0.5474372955288986,0.641575259640755,0.7025089605734767,12,905,917,0.013086150490730643,0.7123534715960324,0.4416575790621592
2022-08-11 12:30:00,0.5186440677966102,0.0,1.0,0.48135593220338985,0.5261401557285873,0.6487224138918042,0.6830357142857143,14,885,899,0.01557285873192436,0.696122633002705,0.5255839822024472
2022-08-11 13:30:00,0.5786240786240786,0.0,1.0,0.4213759213759214,0.5857487922705314,0.6358265759717402,0.7330739299610894,14,814,828,0.016908212560386472,0.6321009918845807,0.5706521739130435
2022-08-11 14:30:00,0.5917636526410027,0.0,1.0,0.40823634735899733,0.5961027457927369,0.6367966526252922,0.7435320584926884,12,1117,1129,0.010628875110717449,0.9035166816952208,0.35872453498671386
2022-08-11 15:30:00,0.5556514236410699,0.0,1.0,0.4443485763589301,0.5602049530315969,0.6350904838293319,0.7143649473100389,12,1159,1171,0.010247651579846286,0.9413886384129845,0.34585824081981215
2022-08-11 16:30:00,0.4792060491493384,0.0,1.0,0.5207939508506616,0.48552754435107376,0.6528999186072264,0.6479233226837061,13,1058,1071,0.012138188608776844,0.8512173128944994,0.4096638655462185
2022-08-11 17:30:00,0.5518102372034956,0.0,1.0,0.44818976279650435,0.5584255842558425,0.6445904840968991,0.7111826226870475,12,801,813,0.014760147601476014,0.6185752930568078,0.49815498154981547
2022-08-11 18:30:00,0.5586527293844367,0.0,1.0,0.4413472706155633,0.5657142857142857,0.6359076937349811,0.7168405365126677,14,861,875,0.016,0.6744815148782687,0.54
2022-08-11 19:30:00,0.4825090470446321,0.0,1.0,0.517490952955368,0.49049881235154397,0.6466855790714116,0.6509357200976403,13,829,842,0.015439429928741092,0.6447249774571686,0.5210807600950118
2022-08-11 20:30:00,0.5271049596309112,0.0,1.0,0.4728950403690888,0.5340909090909091,0.6449559689065935,0.6903323262839879,13,867,880,0.014772727272727272,0.6789900811541929,0.49857954545454547
2022-08-11 21:30:00,0.5569476082004556,0.0,1.0,0.4430523917995444,0.5634118967452301,0.6406162646069368,0.7154352596927579,13,878,891,0.014590347923681257,0.6889089269612264,0.49242424242424243
2022-08-11 22:30:00,0.523696682464455,0.0,1.0,0.476303317535545,0.5314685314685315,0.6458052321201153,0.687402799377916,14,844,858,0.016317016317016316,0.6591523895401261,0.5506993006993006
2022-08-11 23:30:00,0.46997690531177827,0.0,1.0,0.5300230946882217,0.476027397260274,0.6568863308744309,0.6394344069128044,10,866,876,0.01141552511415525,0.6753832281334535,0.3852739726027397
2022-08-12 00:30:00,0.6062992125984252,,,0.3937007874015748,0.6062992125984252,0.6392409950094642,0.7549019607843137,0,127,127,0.0,0.0,0.0
2022-08-12 01:30:00,0.48739495798319327,0.0,1.0,0.5126050420168067,0.49586776859504134,0.6591149105155799,0.655367231638418,14,833,847,0.01652892561983471,0.6492335437330928,0.5578512396694215
2022-08-12 02:30:00,0.5370548604427334,0.0,1.0,0.4629451395572666,0.5432098765432098,0.646537616544616,0.6988102692548529,14,1039,1053,0.013295346628679962,0.8349864743011721,0.44871794871794873
2022-08-12 03:30:00,0.5935162094763092,0.0,1.0,0.40648379052369077,0.5995085995085995,0.6386897987017756,0.7449139280125195,12,802,814,0.014742014742014743,0.6194770063119928,0.4975429975429976
2022-08-12 04:30:00,0.5486194477791116,0.0,1.0,0.45138055222088835,0.5550295857988166,0.6461465716737846,0.7085271317829457,12,833,845,0.014201183431952662,0.647430117222723,0.4792899408284023
2022-08-12 05:30:00,0.573549257759784,0.0,1.0,0.42645074224021595,0.5814569536423841,0.6453468578713019,0.7289879931389366,14,741,755,0.018543046357615896,0.5662759242560865,0.6258278145695365
2022-08-12 06:30:00,0.5133976420150054,0.0,1.0,0.4866023579849946,0.5195767195767196,0.6495496997978029,0.6784702549575071,12,933,945,0.012698412698412698,0.7376014427412082,0.42857142857142855
2022-08-12 07:30:00,0.5129533678756477,0.0,1.0,0.48704663212435234,0.518935516888434,0.6510786858306253,0.678082191780822,12,965,977,0.012282497441146366,0.7664562669071235,0.41453428863868985
2022-08-12 08:30:00,0.5513513513513514,0.0,1.0,0.4486486486486487,0.5608465608465608,0.6437583902359584,0.710801393728223,16,740,756,0.021164021164021163,0.5671776375112714,0.7142857142857142
2022-08-12 09:30:00,0.5515021459227468,0.0,1.0,0.44849785407725323,0.5572033898305084,0.6375254496238351,0.710926694329184,12,932,944,0.012711864406779662,0.7366997294860234,0.4290254237288136
2022-08-12 10:30:00,0.5497685185185185,0.0,1.0,0.45023148148148145,0.5559360730593608,0.6375718106077606,0.7094846900672144,12,864,876,0.0136986301369863,0.6753832281334535,0.46232876712328763
2022-08-12 11:30:00,0.5934579439252337,0.0,1.0,0.40654205607476634,0.6,0.6381077935231161,0.7448680351906158,14,856,870,0.016091954022988506,0.6699729486023445,0.5431034482758621
2022-08-12 12:30:00,0.5785876993166287,0.0,1.0,0.4214123006833713,0.5842696629213483,0.6358101402899307,0.733044733044733,12,878,890,0.01348314606741573,0.6880072137060413,0.4550561797752809
2022-08-12 13:30:00,0.5125260960334029,0.125,0.875,0.48747390396659707,0.5184804928131417,0.6451825193996538,0.6767746381805652,16,958,974,0.01642710472279261,0.7637511271415689,0.5544147843942505
2022-08-12 14:30:00,0.5455486542443064,0.0,1.0,0.45445134575569357,0.5511247443762781,0.6428271446446242,0.7059611520428667,12,966,978,0.012269938650306749,0.7673579801623084,0.41411042944785276
2022-08-12 15:30:00,0.5959488272921108,0.0,1.0,0.40405117270788915,0.6010526315789474,0.6290151116088308,0.7468269873079493,12,938,950,0.01263157894736842,0.7421100090171325,0.4263157894736842
2022-08-12 16:30:00,0.488862837045721,0.0,1.0,0.511137162954279,0.497116493656286,0.6510372207912016,0.6566929133858268,14,853,867,0.016147635524798153,0.6672678088367898,0.5449826989619376
2022-08-12 17:30:00,0.535593220338983,0.0,1.0,0.46440677966101696,0.542825361512792,0.6463914850758327,0.6975717439293598,14,885,899,0.01557285873192436,0.696122633002705,0.5255839822024472
2022-08-12 18:30:00,0.6446540880503144,0.0,1.0,0.3553459119496855,0.6490683229813664,0.6302730138777283,0.7839388145315488,12,954,966,0.012422360248447204,0.7565374211000901,0.4192546583850931
2022-08-12 19:30:00,0.5836298932384342,0.0,1.0,0.41637010676156583,0.5904317386231038,0.6361285851112479,0.7370786516853932,14,843,857,0.01633605600933489,0.6582506762849414,0.5513418903150525
2022-08-12 20:30:00,0.5446071904127829,0.0,1.0,0.45539280958721706,0.5517693315858454,0.649644938930216,0.7051724137931035,12,751,763,0.015727391874180863,0.5734896302975654,0.5307994757536041
2022-08-12 21:30:00,0.5836734693877551,0.0,1.0,0.4163265306122449,0.5914552736982643,0.6428463791422491,0.7371134020618557,14,735,749,0.018691588785046728,0.5608656447249774,0.630841121495327
2022-08-12 22:30:00,0.5148986889153755,0.0,1.0,0.48510131108462456,0.5217391304347826,0.6471592718627243,0.6797797010228167,12,839,851,0.01410105757931845,0.6528403967538323,0.47591069330199764
2022-08-12 23:30:00,0.5750962772785623,0.0,1.0,0.4249037227214377,0.5815423514538559,0.6386904755910445,0.7302363488182559,12,779,791,0.015170670037926675,0.5987376014427412,0.5120101137800253
2022-08-13 00:30:00,0.551490514905149,0.0,1.0,0.44850948509485095,0.5598404255319149,0.6492887245618337,0.7109170305676856,14,738,752,0.018617021276595744,0.563570784490532,0.6283244680851063
2022-08-13 01:30:00,0.5781922525107605,0.0,1.0,0.4218077474892396,0.5864978902953587,0.6440450514569394,0.7327272727272728,14,697,711,0.01969057665260197,0.5266005410279531,0.6645569620253164
2022-08-13 02:30:00,0.5658409387222947,0.0,1.0,0.43415906127770537,0.5719794344473008,0.6434306017859701,0.7227310574521232,11,767,778,0.014138817480719794,0.5870153291253382,0.47718508997429304
2022-08-13 03:30:00,0.5789473684210527,0.0,1.0,0.42105263157894735,0.584305408271474,0.6391645863643115,0.7333333333333333,12,931,943,0.012725344644750796,0.7357980162308385,0.42948038176033937
2022-08-13 04:30:00,0.5054945054945055,0.0,1.0,0.4945054945054945,0.5126353790613718,0.6550985370527942,0.6715328467153284,12,819,831,0.01444043321299639,0.6348061316501352,0.4873646209386282
2022-08-13 05:30:00,0.549492385786802,0.0,1.0,0.45050761421319796,0.5584577114427861,0.6470128284991715,0.7092547092547092,16,788,804,0.01990049751243781,0.6104598737601442,0.6716417910447761
2022-08-13 06:30:00,0.4838274932614555,0.0,1.0,0.5161725067385444,0.4920424403183024,0.6545003888568198,0.6521344232515894,12,742,754,0.015915119363395226,0.5653742110009017,0.5371352785145889
2022-08-13 07:30:00,0.5280612244897959,0.0,1.0,0.4719387755102041,0.535175879396985,0.6449263950861903,0.6911519198664441,12,784,796,0.01507537688442211,0.6032461677186655,0.5087939698492462
2022-08-13 08:30:00,0.5948795180722891,0.0,1.0,0.40512048192771083,0.6020710059171598,0.6371156100192382,0.7459867799811143,12,664,676,0.01775147928994083,0.4950405770964833,0.599112426035503
2022-08-13 09:30:00,0.5921450151057401,0.0,1.0,0.4078549848942598,0.5988112927191679,0.635363986584634,0.7438330170777988,11,662,673,0.01634472511144131,0.49233543733092877,0.5516344725111442
2022-08-13 10:30:00,0.5434462444771723,0.0,1.0,0.4565537555228277,0.5513748191027497,0.6474620864615838,0.7041984732824428,12,679,691,0.017366136034732273,0.5085662759242561,0.5861070911722143
2022-08-13 11:30:00,0.5764563106796117,0.0,1.0,0.42354368932038833,0.5845238095238096,0.6391804141719646,0.7313317936874519,16,824,840,0.01904761904761905,0.6429215509467988,0.6428571428571429
2022-08-13 12:30:00,0.6595460614152203,0.0,1.0,0.3404539385847797,0.6649145860709592,0.6234842456734728,0.7948511665325825,12,749,761,0.01576872536136662,0.5716862037871957,0.5321944809461234
2022-08-13 13:30:00,0.5440976933514247,0.0,1.0,0.4559023066485753,0.5514018691588785,0.6450834166118946,0.7047451669595782,12,737,749,0.01602136181575434,0.5608656447249774,0.540720961281709
2022-08-13 14:30:00,0.614569536423841,0.0,1.0,0.38543046357615895,0.62109375,0.6343373814987279,0.7612797374897456,13,755,768,0.016927083333333332,0.5779981965734896,0.5712890625
2022-08-13 15:30:00,0.6252796420581656,0.0,1.0,0.37472035794183445,0.6306504961411246,0.6221836223480111,0.7694425326909842,13,894,907,0.014332965821389196,0.7033363390441839,0.48373759647188536
2022-08-13 16:30:00,0.6105651105651105,0.0,1.0,0.3894348894348894,0.6166868198307134,0.6310339753905718,0.7581998474446987,13,814,827,0.015719467956469165,0.6311992786293957,0.5305320435308343
2022-08-13 17:30:00,0.6464379947229552,0.0,1.0,0.35356200527704484,0.6523994811932555,0.626567254536178,0.7852564102564102,13,758,771,0.016861219195849545,0.5807033363390441,0.5690661478599222
2022-08-13 18:30:00,0.5498812351543944,0.0,1.0,0.4501187648456057,0.5562060889929742,0.6446565104987593,0.7095785440613027,12,842,854,0.01405152224824356,0.6555455365193867,0.47423887587822017
2022-08-13 19:30:00,0.528235294117647,0.0,1.0,0.4717647058823529,0.5348027842227379,0.6491261704461161,0.6913010007698229,12,850,862,0.013921113689095127,0.6627592425608656,0.46983758700696054
2022-08-13 20:30:00,0.5054945054945055,0.0,1.0,0.4945054945054945,0.5135135135135135,0.6534868275904678,0.6715328467153284,15,910,925,0.016216216216216217,0.7195671776375112,0.5472972972972974
2022-08-13 21:30:00,0.5887949260042283,0.0,1.0,0.41120507399577166,0.59436913451512,0.6427112508487702,0.7411842980705257,13,946,959,0.013555787278415016,0.7502254283137962,0.4575078206465068
2022-08-13 22:30:00,0.4888211382113821,0.0,1.0,0.5111788617886179,0.49497991967871485,0.6567231363210898,0.6566552901023891,12,984,996,0.012048192771084338,0.7835888187556357,0.4066265060240964
2022-08-13 23:30:00,0.46825396825396826,0.0,1.0,0.5317460317460317,0.4753914988814318,0.6638064296289417,0.6378378378378379,12,882,894,0.013422818791946308,0.6916140667267808,0.45302013422818793
2022-08-14 00:30:00,0.4756554307116105,0.0,1.0,0.5243445692883895,0.48402948402948404,0.6618118532491886,0.6446700507614214,13,801,814,0.01597051597051597,0.6194770063119928,0.539004914004914
2022-08-14 01:30:00,0.5064794816414687,0.0,1.0,0.49352051835853133,0.5143464399574921,0.6525178952562882,0.6724014336917563,15,926,941,0.015940488841657812,0.7339945897204689,0.5379914984059512
2022-08-14 02:30:00,0.551357733175915,0.0,1.0,0.448642266824085,0.5571095571095571,0.6482461943928688,0.710806697108067,11,847,858,0.01282051282051282,0.6591523895401261,0.43269230769230765
2022-08-14 03:30:00,0.5534825870646766,0.0,1.0,0.4465174129353234,0.5600490196078431,0.6464047849185858,0.7125700560448359,12,804,816,0.014705882352941176,0.6212804328223624,0.4963235294117647
2022-08-14 04:30:00,0.5721003134796239,0.0,1.0,0.4278996865203762,0.58,0.6464296316942341,0.7278165503489531,12,638,650,0.018461538461538463,0.47159603246167714,0.6230769230769231
2022-08-14 05:30:00,0.5388967468175389,0.0,1.0,0.4611032531824611,0.5465924895688457,0.6521044951438604,0.7003676470588235,12,707,719,0.016689847009735744,0.5338142470694319,0.5632823365785814
2022-08-14 06:30:00,0.5106666666666667,0.0,1.0,0.48933333333333334,0.52088772845953,0.6526905097277639,0.676081200353045,16,750,766,0.020887728459530026,0.5761947700631199,0.7049608355091384
2022-08-14 07:30:00,0.5055900621118012,0.0,1.0,0.49440993788819876,0.5128518971848225,0.6494753933282891,0.6716171617161716,12,805,817,0.014687882496940025,0.6221821460775473,0.49571603427172584
2022-08-14 08:30:00,0.5102339181286549,0.0,1.0,0.489766081871345,0.5179856115107914,0.65036917899489,0.675701839303001,11,684,695,0.015827338129496403,0.5121731289449954,0.5341726618705036
2022-08-14 09:30:00,0.5919778699861687,0.0,1.0,0.40802213001383125,0.5986394557823129,0.6319372319713514,0.7437011294526499,12,723,735,0.0163265306122449,0.5482416591523895,0.5510204081632654
2022-08-14 10:30:00,0.5680100755667506,0.0,1.0,0.43198992443324935,0.5744416873449132,0.6396382541349954,0.7244979919678715,12,794,806,0.01488833746898263,0.612263300270514,0.5024813895781638
2022-08-14 11:30:00,0.5138461538461538,0.0,1.0,0.48615384615384616,0.5240963855421686,0.6495774689337758,0.6788617886178862,14,650,664,0.02108433734939759,0.48422001803426507,0.7115963855421686
2022-08-14 12:30:00,0.5176184690157959,0.0,1.0,0.4823815309842041,0.5256869772998806,0.643207404546383,0.6821457165732586,14,823,837,0.016726403823178016,0.6402164111812444,0.564516129032258
2022-08-14 13:30:00,0.506815365551425,0.0,1.0,0.49318463444857497,0.514041514041514,0.6461224401470552,0.6726973684210527,12,807,819,0.014652014652014652,0.6239855725879171,0.4945054945054945
2022-08-14 14:30:00,0.5026109660574413,0.0,1.0,0.49738903394255873,0.5115384615384615,0.6491358601008123,0.6689834926151172,14,766,780,0.017948717948717947,0.5888187556357078,0.6057692307692307
2022-08-14 15:30:00,0.48394495412844035,0.0,1.0,0.5160550458715596,0.49095022624434387,0.6558879454621896,0.652241112828439,12,872,884,0.013574660633484163,0.6825969341749323,0.45814479638009054
2022-08-14 16:30:00,0.5692307692307692,0.0,1.0,0.4307692307692308,0.5768261964735516,0.6454070253385419,0.7254901960784313,14,780,794,0.017632241813602016,0.6014427412082957,0.595088161209068
2022-08-14 17:30:00,0.6159217877094972,0.0,1.0,0.3840782122905028,0.6222527472527473,0.6278151011662616,0.7623163353500432,12,716,728,0.016483516483516484,0.5419296663660955,0.5563186813186813
2022-08-14 18:30:00,0.5868725868725869,0.0,1.0,0.41312741312741313,0.5926395939086294,0.6316520142266635,0.7396593673965937,11,777,788,0.013959390862944163,0.5960324616771866,0.4711294416243655
2022-08-14 19:30:00,0.5656213704994193,0.0,1.0,0.4343786295005807,0.5715922107674685,0.6355012056181447,0.7225519287833828,12,861,873,0.013745704467353952,0.672678088367899,0.4639175257731959
2022-08-14 20:30:00,0.5407319952774499,0.0,1.0,0.4592680047225502,0.5492468134414832,0.6352254886422231,0.7019157088122605,16,847,863,0.01853997682502897,0.6636609558160504,0.6257242178447276
2022-08-14 21:30:00,0.5433962264150943,0.0,1.0,0.45660377358490567,0.550185873605948,0.6338553805384145,0.7041564792176039,12,795,807,0.01486988847583643,0.6131650135256987,0.5018587360594795
2022-08-14 22:30:00,0.5390428211586902,0.0,1.0,0.4609571788413098,0.5459057071960298,0.6370144510482546,0.7004909983633388,12,794,806,0.01488833746898263,0.612263300270514,0.5024813895781638
2022-08-14 23:30:00,0.5208816705336426,0.0,1.0,0.4791183294663573,0.5285388127853882,0.6346672335296126,0.6849733028222731,14,862,876,0.01598173515981735,0.6753832281334535,0.5393835616438356
2022-08-15 00:30:00,0.5198019801980198,0.0,1.0,0.4801980198019802,0.5279805352798054,0.6533574913046107,0.6840390879478827,14,808,822,0.0170316301703163,0.6266907123534715,0.5748175182481752
2022-08-15 01:30:00,0.5178807947019868,0.08333333333333333,0.9166666666666666,0.4821192052980132,0.5241199478487614,0.6609112764715713,0.6817785527462947,12,755,767,0.01564537157757497,0.5770964833183048,0.5280312907431552
2022-08-15 02:30:00,0.5984354628422425,0.0,1.0,0.4015645371577575,0.6051282051282051,0.6331547899679916,0.7487765089722676,13,767,780,0.016666666666666666,0.5888187556357078,0.5625
2022-08-15 03:30:00,0.4782608695652174,0.0,1.0,0.5217391304347826,0.48535564853556484,0.6606527433242572,0.6470588235294118,13,943,956,0.013598326359832637,0.7475202885482416,0.4589435146443515
2022-08-15 04:30:00,0.5950310559006211,0.0,1.0,0.4049689440993789,0.6009791921664627,0.6371687478068646,0.7461059190031153,12,805,817,0.014687882496940025,0.6221821460775473,0.49571603427172584
2022-08-15 05:30:00,0.5767690253671562,0.0,1.0,0.4232309746328438,0.5828947368421052,0.633687147063385,0.7315834038950042,11,749,760,0.014473684210526316,0.5707844905320107,0.48848684210526316
2022-08-15 06:30:00,0.6258692628650904,0.0,1.0,0.3741307371349096,0.6315068493150685,0.643064597356655,0.7698887938408896,11,719,730,0.015068493150684932,0.5437330928764652,0.5085616438356164
2022-08-15 07:30:00,0.5748218527315915,0.0,1.0,0.4251781472684085,0.5817757009345794,0.6431610586496688,0.7300150829562594,14,842,856,0.016355140186915886,0.6573489630297565,0.5519859813084111
2022-08-15 08:30:00,0.6109936575052854,0.0,1.0,0.3890063424947146,0.615866388308977,0.6333608169127672,0.7585301837270341,12,946,958,0.012526096033402923,0.7493237150586113,0.42275574112734865
2022-08-15 09:30:00,0.541036717062635,0.0,1.0,0.458963282937365,0.5473908413205538,0.6451878586081482,0.7021723896285914,13,926,939,0.013844515441959531,0.7321911632100991,0.4672523961661342
2022-08-15 10:30:00,0.5584016393442623,0.0,1.0,0.4415983606557377,0.5646464646464646,0.6359101501894716,0.7166337935568705,14,976,990,0.014141414141414142,0.7781785392245265,0.4772727272727273
2022-08-15 11:30:00,0.6338862559241706,0.0,1.0,0.36611374407582936,0.639018691588785,0.6181154029517767,0.7759245830311821,12,844,856,0.014018691588785047,0.6573489630297565,0.47313084112149534
2022-08-15 12:30:00,0.6648230088495575,0.0,1.0,0.33517699115044247,0.6692139737991266,0.6125813336675479,0.7986710963455149,12,904,916,0.013100436681222707,0.7114517583408475,0.4421397379912664
2022-08-15 13:30:00,0.5866188769414575,0.0,1.0,0.4133811230585424,0.5943728018757327,0.6421167387210688,0.7394578313253012,16,837,853,0.01875732708089097,0.6546438232642019,0.6330597889800703
2022-08-15 14:30:00,0.5985626283367557,0.0,1.0,0.40143737166324434,0.603448275862069,0.6346424034971898,0.7488760436737315,12,974,986,0.012170385395537525,0.7745716862037872,0.4107505070993915
2022-08-15 15:30:00,0.6987704918032787,0.0,1.0,0.3012295081967213,0.7021276595744681,0.6185478377616649,0.8226779252110977,11,976,987,0.011144883485309016,0.775473399458972,0.3761398176291793
2022-08-15 16:30:00,0.5380200860832137,0.0,1.0,0.4619799139167862,0.5458392101551481,0.6469962434642145,0.6996268656716418,12,697,709,0.01692524682651622,0.5247971145175834,0.5712270803949224
2022-08-15 17:30:00,0.4122137404580153,0.0,1.0,0.5877862595419847,0.42962962962962964,0.6646838855449272,0.5837837837837838,4,131,135,0.02962962962962963,0.007213706041478807,1.0
2022-08-15 18:30:00,0.5830013280212484,0.0,1.0,0.4169986719787517,0.5895424836601307,0.634346789744761,0.7365771812080537,12,753,765,0.01568627450980392,0.5752930568079351,0.5294117647058824
2022-08-15 19:30:00,0.627939142461964,0.0,1.0,0.37206085753803597,0.6340136054421769,0.6249060469677529,0.7714528462192014,12,723,735,0.0163265306122449,0.5482416591523895,0.5510204081632654
2022-08-15 20:30:00,0.5060827250608273,0.0,1.0,0.49391727493917276,0.5143540669856459,0.6513217918115317,0.6720516962843296,14,822,836,0.01674641148325359,0.6393146979260594,0.5651913875598087
2022-08-15 21:30:00,0.5192096597145993,0.0,1.0,0.4807903402854007,0.525974025974026,0.6486135595515167,0.6835260115606936,13,911,924,0.01406926406926407,0.7186654643823264,0.47483766233766234
2022-08-15 22:30:00,0.47341772151898737,0.0,1.0,0.5265822784810127,0.48129675810473815,0.6589595755750864,0.6426116838487973,12,790,802,0.014962593516209476,0.6086564472497745,0.5049875311720698
2022-08-15 23:30:00,0.44925742574257427,0.0,1.0,0.5507425742574258,0.4586374695863747,0.6630540871948198,0.6199829205807003,14,808,822,0.0170316301703163,0.6266907123534715,0.5748175182481752
2022-08-16 00:30:00,0.5482866043613707,0.0,1.0,0.4517133956386293,0.5565749235474006,0.6524048365280061,0.7082494969818913,12,642,654,0.01834862385321101,0.4752028854824166,0.6192660550458716
2022-08-16 01:30:00,0.5659411011523687,0.0,1.0,0.43405889884763127,0.5730478589420654,0.644209042588296,0.7228127555192151,13,781,794,0.0163727959697733,0.6014427412082957,0.5525818639798489
2022-08-16 02:30:00,0.5694282380396732,0.0,1.0,0.4305717619603267,0.5748847926267281,0.6359136234699483,0.7256505576208179,11,857,868,0.012672811059907835,0.6681695220919747,0.4277073732718894
2022-08-16 03:30:00,0.557883131201764,0.0,1.0,0.4421168687982359,0.5636561479869423,0.6463534784591277,0.716206652512385,12,907,919,0.013057671381936888,0.7141568981064021,0.44069640914037
2022-08-16 04:30:00,0.4272875816993464,0.0,1.0,0.5727124183006536,0.43284789644012944,0.6682034301940547,0.5987406983400114,12,1224,1236,0.009708737864077669,0.9999999999999999,0.3276699029126213
2022-08-16 05:30:00,0.4298160696999032,0.0,1.0,0.5701839303000968,0.43797709923664124,0.6669611930384515,0.6012186865267434,15,1033,1048,0.01431297709923664,0.8304779080252479,0.4830629770992366
2022-08-16 06:30:00,0.4386149003147954,0.0,1.0,0.5613850996852047,0.44616977225672877,0.6683556113250327,0.6097738876732313,13,953,966,0.013457556935817806,0.7565374211000901,0.45419254658385094
2022-08-16 07:30:00,0.4815695600475624,0.0,1.0,0.5184304399524375,0.488862837045721,0.6620751525146256,0.6500802568218299,12,841,853,0.01406799531066823,0.6546438232642019,0.47479484173505276
2022-08-16 08:30:00,0.4799588900308325,0.0,1.0,0.5200411099691675,0.48733535967578523,0.6578346033271977,0.6486111111111111,14,973,987,0.014184397163120567,0.775473399458972,0.4787234042553191
2022-08-16 09:30:00,0.5609756097560976,0.0,1.0,0.43902439024390244,0.568,0.6439271267184014,0.71875,14,861,875,0.016,0.6744815148782687,0.54
2022-08-16 10:30:00,0.5072625698324023,0.0,1.0,0.49273743016759775,0.5132450331125827,0.6525891354368939,0.6730911786508524,11,895,906,0.012141280353200883,0.7024346257889991,0.4097682119205298
2022-08-16 11:30:00,0.4593535749265426,0.0,1.0,0.5406464250734574,0.4666666666666667,0.6540822551818175,0.6295302013422819,14,1021,1035,0.01352657004830918,0.8187556357078448,0.4565217391304348
2022-08-16 12:30:00,0.4871306005719733,0.0,1.0,0.5128693994280267,0.49388523047977423,0.6522226196217018,0.6551282051282051,14,1049,1063,0.01317027281279398,0.8440036068530208,0.4444967074317968
2022-08-16 13:30:00,0.5190039318479686,0.0,1.0,0.48099606815203144,0.5264516129032258,0.6454981871557715,0.6833477135461605,12,763,775,0.015483870967741935,0.5843101893597835,0.5225806451612903
2022-08-16 14:30:00,0.5232558139534884,0.0,1.0,0.47674418604651164,0.5305343511450382,0.6495672664529174,0.6870229007633588,12,774,786,0.015267175572519083,0.5942290351668169,0.5152671755725191
2022-08-16 15:30:00,0.5663322185061316,0.0,1.0,0.4336677814938685,0.5720572057205721,0.6404529179507129,0.7231316725978648,12,897,909,0.013201320132013201,0.7051397655545537,0.44554455445544555
2022-08-16 16:30:00,0.5907553551296505,0.0,1.0,0.4092446448703495,0.5971143174250833,0.6389687875810531,0.742735648476258,14,887,901,0.01553829078801332,0.6979260595130748,0.5244173140954496
2022-08-16 17:30:00,0.5364464692482915,0.0,1.0,0.4635535307517084,0.5426966292134832,0.6490696302028096,0.698295033358043,12,878,890,0.01348314606741573,0.6880072137060413,0.4550561797752809
2022-08-16 18:30:00,0.5272277227722773,0.0,1.0,0.47277227722772275,0.5352798053527981,0.6460060515773787,0.6904376012965965,14,808,822,0.0170316301703163,0.6266907123534715,0.5748175182481752
2022-08-16 19:30:00,0.5132743362831859,0.0,1.0,0.48672566371681414,0.5199501246882793,0.653684717761113,0.6783625730994152,11,791,802,0.01371571072319202,0.6086564472497745,0.46290523690773067
2022-08-16 20:30:00,0.4420697412823397,0.0,1.0,0.5579302587176603,0.44950055493895674,0.6640454754274899,0.6131045241809673,12,889,901,0.013318534961154272,0.6979260595130748,0.4495005549389567
2022-08-16 21:30:00,0.44022988505747124,0.0,1.0,0.5597701149425287,0.4478458049886621,0.6692814326836143,0.6113328012769353,12,870,882,0.013605442176870748,0.6807935076645627,0.45918367346938777
2022-08-16 22:30:00,0.5042117930204573,0.0,1.0,0.49578820697954273,0.5124260355029586,0.6579063847804729,0.6704,14,831,845,0.016568047337278107,0.647430117222723,0.5591715976331361
2022-08-16 23:30:00,0.552054794520548,0.0,1.0,0.44794520547945205,0.5604838709677419,0.6287858976540154,0.7113857016769638,14,730,744,0.01881720430107527,0.5563570784490531,0.6350806451612904
2022-08-17 00:30:00,0.6152866242038216,0.0,1.0,0.38471337579617837,0.620125786163522,0.612957090990111,0.7618296529968455,10,785,795,0.012578616352201259,0.6023444544634805,0.42452830188679247
2022-08-17 01:30:00,0.5775193798449613,0.0,1.0,0.42248062015503873,0.583969465648855,0.6144950977885156,0.7321867321867321,12,774,786,0.015267175572519083,0.5942290351668169,0.5152671755725191
2022-08-17 02:30:00,0.46136363636363636,0.0,1.0,0.5386363636363637,0.47098214285714285,0.6398942809471709,0.6314152410575428,16,880,896,0.017857142857142856,0.6934174932371506,0.6026785714285714
2022-08-17 03:30:00,0.494750656167979,0.0,1.0,0.505249343832021,0.5025839793281653,0.6298403045928813,0.6619841966637401,12,762,774,0.015503875968992248,0.5834084761045988,0.5232558139534884
2022-08-17 04:30:00,0.45813953488372094,0.0,1.0,0.541860465116279,0.46498277841561425,0.6394435435037504,0.6283891547049442,11,860,871,0.012629161882893225,0.6708746618575292,0.42623421354764635
2022-08-17 05:30:00,0.5686546463245492,0.0,1.0,0.43134535367545074,0.5757162346521146,0.6201644001191277,0.7250221043324492,12,721,733,0.01637107776261937,0.5464382326420197,0.5525238744884038
2022-08-17 06:30:00,0.5474642392717816,0.0,1.0,0.45253576072821844,0.5555555555555556,0.6287860077479239,0.7075630252100841,14,769,783,0.017879948914431672,0.5915238954012624,0.603448275862069
2022-08-17 07:30:00,0.540962288686606,0.0,1.0,0.459037711313394,0.5491698595146871,0.6241462850092632,0.7021097046413503,14,769,783,0.017879948914431672,0.5915238954012624,0.603448275862069
2022-08-17 08:30:00,0.49502487562189057,0.0,1.0,0.5049751243781094,0.5024509803921569,0.6301360865815412,0.6622296173044925,12,804,816,0.014705882352941176,0.6212804328223624,0.4963235294117647
2022-08-17 09:30:00,0.48327566320645904,0.0,1.0,0.5167243367935409,0.49032992036405004,0.6244454700051847,0.6516329704510109,12,867,879,0.013651877133105802,0.6780883678990081,0.46075085324232085
2022-08-17 10:30:00,0.4889466840052016,0.0,1.0,0.5110533159947984,0.49808429118773945,0.6307664240665519,0.6567685589519651,14,769,783,0.017879948914431672,0.5915238954012624,0.603448275862069
2022-08-17 11:30:00,0.5147625160462131,0.0,1.0,0.4852374839537869,0.5221238938053098,0.6296454867137173,0.6796610169491526,12,779,791,0.015170670037926675,0.5987376014427412,0.5120101137800253
2022-08-17 12:30:00,0.541095890410959,0.0,1.0,0.4589041095890411,0.547806524184477,0.6214948338188129,0.7022222222222222,13,876,889,0.014623172103487065,0.6871055004508566,0.49353205849268844
2022-08-17 13:30:00,0.4782608695652174,0.0,1.0,0.5217391304347826,0.48466257668711654,0.6330492654427736,0.6470588235294118,12,966,978,0.012269938650306749,0.7673579801623084,0.41411042944785276
2022-08-17 14:30:00,0.4925531914893617,0.0,1.0,0.5074468085106383,0.4994753410283316,0.633332563587664,0.6600142551674982,13,940,953,0.013641133263378805,0.7448151487826871,0.46038824763903463
2022-08-17 15:30:00,0.48812351543942994,0.0,1.0,0.5118764845605701,0.495906432748538,0.6353820919309162,0.656025538707103,13,842,855,0.0152046783625731,0.6564472497745717,0.5131578947368421
2022-08-17 16:30:00,0.5846774193548387,0.0,1.0,0.4153225806451613,0.5904572564612326,0.6209598834229704,0.7379134860050891,14,992,1006,0.013916500994035786,0.7926059513074841,0.4696819085487078
2022-08-17 17:30:00,0.5020618556701031,0.0,1.0,0.4979381443298969,0.5081466395112016,0.6302636733898285,0.668496911461908,12,970,982,0.012219959266802444,0.7709648331830478,0.4124236252545825
2022-08-17 18:30:00,0.4657375145180023,0.0,1.0,0.5342624854819977,0.475484606613455,0.6299462389158609,0.6354992076069731,16,861,877,0.018244013683010263,0.6762849413886383,0.6157354618015963
2022-08-17 19:30:00,0.5664160401002506,0.0,1.0,0.43358395989974935,0.5728395061728395,0.6168453285030261,0.7232,12,798,810,0.014814814814814815,0.6158701532912534,0.5
2022-08-17 20:30:00,0.559322033898305,0.0,1.0,0.4406779661016949,0.5661103979460848,0.6165081702705841,0.717391304347826,12,767,779,0.01540436456996149,0.587917042380523,0.5198973042362003
2022-08-17 21:30:00,0.4844559585492228,0.0,1.0,0.5155440414507773,0.4923469387755102,0.6509446295474084,0.6527050610820244,12,772,784,0.015306122448979591,0.5924256086564472,0.5165816326530612
2022-08-17 22:30:00,0.5,0.0,1.0,0.5,0.5101156069364162,0.6582150645308871,0.6666666666666666,14,678,692,0.02023121387283237,0.5094679891794409,0.6828034682080925
2022-08-17 23:30:00,0.4492753623188406,0.0,1.0,0.5507246376811594,0.4585492227979275,0.6650557191382488,0.62,13,759,772,0.01683937823834197,0.581605049594229,0.5683290155440415
2022-08-18 00:30:00,0.532156368221942,0.0,1.0,0.467843631778058,0.5391304347826087,0.6503574786242843,0.6946502057613169,12,793,805,0.014906832298136646,0.6113615870153292,0.5031055900621118
2022-08-18 01:30:00,0.5238095238095238,0.0,1.0,0.47619047619047616,0.5335276967930029,0.6530428950301643,0.6875,14,672,686,0.02040816326530612,0.5040577096483319,0.6887755102040816
2022-08-18 02:30:00,0.5231854838709677,0.0,1.0,0.47681451612903225,0.5284147557328016,0.6482271130535348,0.686962276637988,11,992,1003,0.010967098703888335,0.7899008115419296,0.3701395812562313
2022-08-18 03:30:00,0.5284916201117319,0.0,1.0,0.47150837988826816,0.5357535753575358,0.6496024313718289,0.6915204678362573,14,895,909,0.015401540154015401,0.7051397655545537,0.5198019801980198
2022-08-18 04:30:00,0.49491525423728816,0.0,1.0,0.5050847457627119,0.5016722408026756,0.6547608273554902,0.6621315192743764,12,885,897,0.013377926421404682,0.6943192064923354,0.451505016722408
2022-08-18 05:30:00,0.4219512195121951,0.0,1.0,0.5780487804878048,0.43028846153846156,0.6657433256416905,0.5934819897084048,12,820,832,0.014423076923076924,0.6357078449053202,0.4867788461538462
2022-08-18 06:30:00,0.46716232961586124,0.0,1.0,0.5328376703841388,0.47560975609756095,0.6603626170367534,0.6368243243243243,13,807,820,0.015853658536585366,0.6248872858431018,0.5350609756097561
2022-08-18 07:30:00,0.47026431718061673,0.0,1.0,0.5297356828193832,0.4788732394366197,0.6601998999743971,0.6397003745318353,15,908,923,0.016251354279523293,0.7177637511271415,0.5484832069339112
2022-08-18 08:30:00,0.4556830031282586,0.0,1.0,0.5443169968717414,0.4624098867147271,0.6634622204583289,0.6260744985673352,12,959,971,0.012358393408856848,0.7610459873760144,0.41709577754891863
2022-08-18 09:30:00,0.5005524861878453,0.0,1.0,0.4994475138121547,0.5070883315158125,0.650967198049293,0.6671575846833578,12,905,917,0.013086150490730643,0.7123534715960324,0.4416575790621592
2022-08-18 10:30:00,0.4629404617253949,0.0,1.0,0.5370595382746051,0.47065868263473054,0.652459787658746,0.632890365448505,12,823,835,0.01437125748502994,0.6384129846708746,0.48502994011976047
2022-08-18 11:30:00,0.5669481302774427,0.0,1.0,0.4330518697225573,0.5741399762752076,0.6421285808404135,0.7236335642802155,14,829,843,0.0166073546856465,0.6456266907123535,0.5604982206405693
2022-08-18 12:30:00,0.49736008447729674,0.0,1.0,0.5026399155227033,0.5036496350364964,0.6490722810071646,0.6643159379407616,12,947,959,0.01251303441084463,0.7502254283137962,0.42231491136600624
2022-08-18 13:30:00,0.5228604923798359,0.0,1.0,0.4771395076201641,0.5305651672433679,0.6485744366601307,0.6866820631254812,14,853,867,0.016147635524798153,0.6672678088367898,0.5449826989619376
2022-08-18 14:30:00,0.4894409937888199,0.0,1.0,0.5105590062111801,0.4969400244798042,0.6479797620132328,0.6572143452877398,12,805,817,0.014687882496940025,0.6221821460775473,0.49571603427172584
2022-08-18 15:30:00,0.48,0.0,1.0,0.52,0.48894348894348894,0.6495037326233442,0.6486486486486487,14,800,814,0.0171990171990172,0.6194770063119928,0.5804668304668305
2022-08-18 16:30:00,0.5039267015706806,0.0,1.0,0.49607329842931935,0.512853470437018,0.6451035439252325,0.6701479547432551,14,764,778,0.017994858611825194,0.5870153291253382,0.6073264781491002
2022-08-18 17:30:00,0.46959896507115134,0.0,1.0,0.5304010349288486,0.47770700636942676,0.6469500213127474,0.6390845070422535,12,773,785,0.015286624203821656,0.5933273219116321,0.5159235668789809
2022-08-18 18:30:00,0.4287515762925599,0.0,1.0,0.5712484237074401,0.43866171003717475,0.6594536679392576,0.6001765225066196,14,793,807,0.01734820322180917,0.6131650135256987,0.5855018587360595
2022-08-18 19:30:00,0.5885167464114832,0.0,1.0,0.41148325358851673,0.5943396226415094,0.6330799581521956,0.7409638554216867,12,836,848,0.014150943396226415,0.6501352569882777,0.47759433962264153
2022-08-18 20:30:00,0.42857142857142855,0.0,1.0,0.5714285714285714,0.4356333676622039,0.6621552555576435,0.6,12,959,971,0.012358393408856848,0.7610459873760144,0.41709577754891863
2022-08-18 21:30:00,0.4826862539349423,0.0,1.0,0.5173137460650578,0.49122807017543857,0.6462128437228201,0.6510969568294409,16,953,969,0.016511867905056758,0.7592425608656447,0.5572755417956656
2022-08-18 22:30:00,0.504524886877828,0.0,1.0,0.49547511312217196,0.5111607142857143,0.654358602602369,0.6706766917293233,12,884,896,0.013392857142857142,0.6934174932371506,0.45200892857142855
2022-08-18 23:30:00,0.5218934911242603,0.0,1.0,0.47810650887573963,0.5285880980163361,0.6547545821101918,0.6858475894245724,12,845,857,0.014002333722287048,0.6582506762849414,0.4725787631271879
2022-08-19 00:30:00,0.49368863955119213,0.0,1.0,0.5063113604488079,0.5020689655172413,0.6546620796029262,0.6610328638497652,12,713,725,0.016551724137931035,0.539224526600541,0.5586206896551724
2022-08-19 01:30:00,0.5217006200177148,0.0,1.0,0.4782993799822852,0.5275590551181102,0.6384590263449959,0.6856810244470314,14,1129,1143,0.012248468941382326,0.9161406672678089,0.41338582677165353
2022-08-19 02:30:00,0.5729967069154775,0.0,1.0,0.4270032930845225,0.5780911062906724,0.6329456104120207,0.7285415212840195,11,911,922,0.01193058568329718,0.7168620378719566,0.40265726681127983
2022-08-19 03:30:00,0.5795868772782503,0.0,1.0,0.4204131227217497,0.5866188769414575,0.6361263373042715,0.7338461538461538,14,823,837,0.016726403823178016,0.6402164111812444,0.564516129032258
2022-08-19 04:30:00,0.4594871794871795,0.0,1.0,0.5405128205128205,0.46605876393110435,0.6583492115172221,0.6296556570625439,12,975,987,0.0121580547112462,0.775473399458972,0.41033434650455924
2022-08-19 05:30:00,0.5735294117647058,0.0,1.0,0.4264705882352941,0.5797101449275363,0.633976564119801,0.7289719626168224,14,952,966,0.014492753623188406,0.7565374211000901,0.4891304347826087
2022-08-19 06:30:00,0.5116796440489433,0.0,1.0,0.4883203559510567,0.5181119648737651,0.6460413167443502,0.6769683590875644,12,899,911,0.013172338090010977,0.7069431920649233,0.44456641053787044
2022-08-19 07:30:00,0.5434782608695652,0.0,1.0,0.45652173913043476,0.5510688836104513,0.649005513614505,0.704225352112676,14,828,842,0.0166270783847981,0.6447249774571686,0.5611638954869359
2022-08-19 08:30:00,0.4758241758241758,0.0,1.0,0.5241758241758242,0.48320693391115926,0.6572441326973562,0.6448250186150409,13,910,923,0.014084507042253521,0.7177637511271415,0.47535211267605637
2022-08-19 09:30:00,0.5499383477188656,0.0,1.0,0.45006165228113443,0.5565006075334143,0.6415996613496824,0.7096260938743039,12,811,823,0.014580801944106925,0.6275924256086565,0.49210206561360875
2022-08-19 10:30:00,0.5475543478260869,0.0,1.0,0.452445652173913,0.5548128342245989,0.6455605159678527,0.707638279192274,12,736,748,0.016042780748663103,0.5599639314697926,0.5414438502673797
2022-08-19 11:30:00,0.5270700636942676,0.0,1.0,0.4729299363057325,0.5359375,0.6481495628768614,0.6903023983315955,12,628,640,0.01875,0.4625788999098286,0.6328125
2022-08-19 12:30:00,0.4871495327102804,0.0,1.0,0.5128504672897196,0.4954022988505747,0.6474299763672408,0.655145326001571,14,856,870,0.016091954022988506,0.6699729486023445,0.5431034482758621
2022-08-19 13:30:00,0.4485549132947977,0.0,1.0,0.5514450867052023,0.45610034207525657,0.6590166793908083,0.6193136472466081,12,865,877,0.013683010262257697,0.6762849413886383,0.4618015963511973
2022-08-19 14:30:00,0.5735930735930735,0.0,1.0,0.4264069264069264,0.5795090715048026,0.6269550160667531,0.7290233837689133,13,924,937,0.013874066168623266,0.7303877366997295,0.4682497331910352
2022-08-19 15:30:00,0.5063731170336037,0.0,1.0,0.4936268829663963,0.5125858123569794,0.6387527659750313,0.6723076923076923,11,863,874,0.012585812356979404,0.6735798016230838,0.4247711670480549
